imposed_cv,imposed_T,seed,realized_interval,cell_S,n_intervals,n_divisions
0.0,3200,15,3200.0,0.9124,4,5
0.0,3200,15,3200.0,0.9124,3,4
0.0,3200,15,3200.0,0.9124,2,3
0.0,3200,15,3200.0,0.9124,2,3
0.0,3200,15,3200.0,0.9124,1,2
0.0,3200,15,3200.0,0.9124,1,2
0.0,3200,15,3200.0,0.9124,1,2
0.0,3200,15,3200.0,0.9124,1,2
0.0,3200,15,-1.0,0.9124,0,0
0.0,3200,15,-1.0,0.9124,0,0
0.0,3200,15,-1.0,0.9124,0,0
0.0,3200,15,-1.0,0.9124,0,0
0.0,3200,15,-1.0,0.9124,0,0
0.0,3200,15,-1.0,0.9124,0,0
0.0,3200,15,-1.0,0.9124,0,0
0.0,3200,15,-1.0,0.9124,0,0
0.0,3200,15,-1.0,0.88913,0,0
0.0,3200,15,-1.0,0.88913,0,0
0.0,3200,15,-1.0,0.88913,0,0
0.0,3200,15,-1.0,0.88913,0,0
0.0,3200,15,-1.0,0.88913,0,0
0.0,3200,15,-1.0,0.88913,0,0
0.0,3200,15,-1.0,0.88913,0,0
0.0,3200,15,-1.0,0.88913,0,0
0.0,3200,15,-1.0,0.88913,0,0
0.0,3200,15,-1.0,0.88913,0,0
0.0,3200,15,-1.0,0.88913,0,0
0.0,3200,15,-1.0,0.88913,0,0
0.0,3200,15,-1.0,0.88913,0,0
0.0,3200,15,-1.0,0.88913,0,0
0.0,3200,15,-1.0,0.88913,0,0
0.0,3200,15,-1.0,0.88913,0,0
0.0,3200,5,3200.0,0.0,5,6
0.0,3200,5,3200.0,0.0,5,6
0.0,3200,5,3200.0,0.0,5,6
0.0,3200,5,3200.0,0.0,5,6
0.0,3200,5,3200.0,0.0,5,6
0.0,3200,5,3200.0,0.0,5,6
0.0,3200,5,3200.0,0.0,5,6
0.0,3200,5,3200.0,0.0,5,6
0.0,3200,5,3200.0,0.0,5,6
0.0,3200,5,3200.0,0.0,5,6
0.0,3200,5,3200.0,0.0,5,6
0.0,3200,5,3200.0,0.0,5,6
0.0,3200,5,3200.0,0.0,5,6
0.0,3200,5,3200.0,0.0,5,6
0.0,3200,5,3200.0,0.0,5,6
0.0,3200,10,3200.0,0.9124,5,6
0.0,3200,10,-1.0,0.88913,0,0
0.0,3200,3,3200.0,0.9124,5,6
0.0,3200,3,3200.0,0.9124,4,5
0.0,3200,3,3200.0,0.9124,3,4
0.0,3200,3,3200.0,0.9124,3,4
0.0,3200,3,3200.0,0.9124,2,3
0.0,3200,3,3200.0,0.9124,2,3
0.0,3200,3,3200.0,0.9124,2,3
0.0,3200,3,3200.0,0.9124,2,3
0.0,3200,3,3200.0,0.9124,1,2
0.0,3200,3,3200.0,0.9124,1,2
0.0,3200,3,3200.0,0.9124,1,2
0.0,3200,3,3200.0,0.9124,1,2
0.0,3200,3,3200.0,0.9124,1,2
0.0,3200,3,3200.0,0.9124,1,2
0.0,3200,3,3200.0,0.9124,1,2
0.0,3200,3,3200.0,0.9124,1,2
0.0,3200,3,-1.0,0.9124,0,0
0.0,3200,3,-1.0,0.9124,0,0
0.0,3200,3,-1.0,0.9124,0,0
0.0,3200,3,-1.0,0.9124,0,0
0.0,3200,3,-1.0,0.9124,0,0
0.0,3200,3,-1.0,0.9124,0,0
0.0,3200,3,-1.0,0.9124,0,0
0.0,3200,3,-1.0,0.9124,0,0
0.0,3200,3,-1.0,0.9124,0,0
0.0,3200,3,-1.0,0.9124,0,0
0.0,3200,3,-1.0,0.9124,0,0
0.0,3200,3,-1.0,0.9124,0,0
0.0,3200,3,-1.0,0.9124,0,0
0.0,3200,3,-1.0,0.9124,0,0
0.0,3200,3,-1.0,0.9124,0,0
0.0,3200,3,-1.0,0.9124,0,0
0.0,3200,11,3200.0,0.9124,5,6
0.0,3200,11,3200.0,0.9124,4,5
0.0,3200,11,3200.0,0.9124,3,4
0.0,3200,11,3200.0,0.9124,3,4
0.0,3200,11,3200.0,0.9124,2,3
0.0,3200,11,3200.0,0.9124,2,3
0.0,3200,11,3200.0,0.9124,2,3
0.0,3200,11,3200.0,0.9124,2,3
0.0,3200,11,3200.0,0.9124,1,2
0.0,3200,11,3200.0,0.9124,1,2
0.0,3200,11,3200.0,0.9124,1,2
0.0,3200,11,3200.0,0.9124,1,2
0.0,3200,11,3200.0,0.9124,1,2
0.0,3200,11,3200.0,0.9124,1,2
0.0,3200,11,3200.0,0.9124,1,2
0.0,3200,11,3200.0,0.9124,1,2
0.0,3200,11,-1.0,0.9124,0,0
0.0,3200,11,-1.0,0.9124,0,0
0.0,3200,11,-1.0,0.9124,0,0
0.0,3200,11,-1.0,0.9124,0,0
0.0,3200,11,-1.0,0.9124,0,0
0.0,3200,11,-1.0,0.9124,0,0
0.0,3200,11,-1.0,0.9124,0,0
0.0,3200,11,-1.0,0.9124,0,0
0.0,3200,11,-1.0,0.9124,0,0
0.0,3200,11,-1.0,0.9124,0,0
0.0,3200,11,-1.0,0.9124,0,0
0.0,3200,11,-1.0,0.9124,0,0
0.0,3200,11,-1.0,0.9124,0,0
0.0,3200,11,-1.0,0.9124,0,0
0.0,3200,11,-1.0,0.9124,0,0
0.0,3200,11,-1.0,0.9124,0,0
0.0,3200,14,3200.0,0.9124,5,6
0.0,3200,14,3200.0,0.9124,5,6
0.0,3200,14,3200.0,0.9124,5,6
0.0,3200,14,3200.0,0.9124,4,5
0.0,3200,14,3200.0,0.9124,4,5
0.0,3200,14,3200.0,0.9124,4,5
0.0,3200,14,3200.0,0.9124,3,4
0.0,3200,14,3200.0,0.9124,3,4
0.0,3200,14,3200.0,0.9124,3,4
0.0,3200,14,3200.0,0.9124,3,4
0.0,3200,14,3200.0,0.9124,3,4
0.0,3200,14,3200.0,0.9124,3,4
0.0,3200,14,3200.0,0.9124,2,3
0.0,3200,14,3200.0,0.9124,2,3
0.0,3200,14,3200.0,0.9124,2,3
0.0,3200,14,3200.0,0.9124,2,3
0.0,3200,14,3200.0,0.9124,2,3
0.0,3200,14,3200.0,0.9124,2,3
0.0,3200,14,3200.0,0.9124,2,3
0.0,3200,14,3200.0,0.9124,2,3
0.0,3200,14,3200.0,0.9124,2,3
0.0,3200,14,3200.0,0.9124,2,3
0.0,3200,9,3200.0,0.9124,5,6
0.0,3200,9,3200.0,0.91233,5,6
0.0,3200,9,3200.0,0.9124,5,6
0.0,3200,9,3200.0,0.9124,4,5
0.0,3200,9,3200.0,0.9123,4,5
0.0,3200,9,3200.0,0.9124,4,5
0.0,3200,9,3200.0,0.9124,3,4
0.0,3200,9,3200.0,0.91226,3,4
0.0,3200,9,3200.0,0.9124,3,4
0.0,3200,9,3200.0,0.91233,3,4
0.0,3200,9,3200.0,0.9124,3,4
0.0,3200,9,3200.0,0.9124,2,3
0.0,3200,9,3200.0,0.91231,2,3
0.0,3200,9,3200.0,0.9124,2,3
0.0,3200,9,3200.0,0.9124,2,3
0.0,3200,9,3200.0,0.91231,2,3
0.0,3200,9,3200.0,0.9124,2,3
0.0,3200,9,3200.0,0.9124,2,3
0.0,3200,9,3200.0,0.91223,2,3
0.0,3200,9,3200.0,0.91231,2,3
0.0,3200,9,3200.0,0.91226,2,3
0.0,3200,9,3200.0,0.9124,1,2
0.0,3200,9,3200.0,0.9121,1,2
0.0,3200,9,3200.0,0.9124,1,2
0.0,3200,9,3200.0,0.9124,1,2
0.0,3200,1,3200.0,0.9124,5,6
0.0,3200,1,3200.0,0.9124,5,6
0.0,3200,1,3200.0,0.89716,5,6
0.0,3200,1,3200.0,0.9124,5,6
0.0,3200,1,3200.0,0.9124,5,6
0.0,3200,1,3200.0,0.9124,5,6
0.0,3200,1,3200.0,0.9124,4,5
0.0,3200,1,3200.0,0.9124,4,5
0.0,3200,1,3200.0,0.88763,4,5
0.0,3200,1,3200.0,0.9124,4,5
0.0,3200,1,3200.0,0.9124,4,5
0.0,3200,1,3200.0,0.9124,4,5
0.0,3200,1,3200.0,0.9124,3,4
0.0,3200,1,3200.0,0.89106,3,4
0.0,3200,1,3200.0,0.9124,3,4
0.0,3200,1,3200.0,0.9124,3,4
0.0,3200,1,3200.0,0.9124,3,4
0.0,3200,1,3200.0,0.9124,3,4
0.0,3200,1,3200.0,0.9124,3,4
0.0,3200,1,3200.0,0.89523,3,4
0.0,3200,1,3200.0,0.9124,3,4
0.0,3200,1,3200.0,0.9124,3,4
0.0,3200,1,3200.0,0.9124,3,4
0.0,3200,8,3200.0,0.9124,5,6
0.0,3200,8,3200.0,0.9124,5,6
0.0,3200,8,3200.0,0.9124,4,5
0.0,3200,8,3200.0,0.9124,4,5
0.0,3200,8,3200.0,0.9124,3,4
0.0,3200,8,3200.0,0.9124,3,4
0.0,3200,8,3200.0,0.9124,3,4
0.0,3200,8,3200.0,0.9124,3,4
0.0,3200,8,3200.0,0.9124,2,3
0.0,3200,8,3200.0,0.9124,2,3
0.0,3200,8,3200.0,0.9124,2,3
0.0,3200,8,3200.0,0.9124,2,3
0.0,3200,8,3200.0,0.9124,2,3
0.0,3200,8,3200.0,0.9124,2,3
0.0,3200,8,3200.0,0.9124,2,3
0.0,3200,8,3200.0,0.9124,2,3
0.0,3200,8,3200.0,0.9124,1,2
0.0,3200,8,3200.0,0.9124,1,2
0.0,3200,8,3200.0,0.9124,1,2
0.0,3200,8,3200.0,0.9124,1,2
0.0,3200,8,3200.0,0.9124,1,2
0.0,3200,8,3200.0,0.9124,1,2
0.0,3200,8,3200.0,0.9124,1,2
0.0,3200,8,3200.0,0.9124,1,2
0.0,3200,8,3200.0,0.9124,1,2
0.0,3200,8,3200.0,0.9124,1,2
0.0,3200,8,3200.0,0.9124,1,2
0.0,3200,8,3200.0,0.9124,1,2
0.0,3200,8,3200.0,0.9124,1,2
0.0,3200,8,3200.0,0.9124,1,2
0.0,3200,8,3200.0,0.9124,1,2
0.0,3200,8,3200.0,0.9124,1,2
0.0,3200,12,3200.0,0.9124,5,6
0.0,3200,12,3200.0,0.90496,5,6
0.0,3200,12,3200.0,0.9124,5,6
0.0,3200,12,3200.0,0.90434,5,6
0.0,3200,12,3200.0,0.9124,5,6
0.0,3200,12,3200.0,0.91234,5,6
0.0,3200,12,3200.0,0.9124,4,5
0.0,3200,12,3200.0,0.90338,4,5
0.0,3200,12,3200.0,0.9124,4,5
0.0,3200,12,3200.0,0.90413,4,5
0.0,3200,12,3200.0,0.9124,4,5
0.0,3200,12,3200.0,0.91236,4,5
0.0,3200,12,3200.0,0.9124,3,4
0.0,3200,12,3200.0,0.90307,3,4
0.0,3200,12,3200.0,0.9124,3,4
0.0,3200,12,3200.0,0.90299,3,4
0.0,3200,12,3200.0,0.9124,3,4
0.0,3200,12,3200.0,0.91235,3,4
0.0,3200,12,3200.0,0.9124,3,4
0.0,3200,12,3200.0,0.90221,3,4
0.0,3200,12,3200.0,0.9124,3,4
0.0,3200,12,3200.0,0.90414,3,4
0.0,3200,12,3200.0,0.9124,3,4
0.0,3200,12,3200.0,0.91236,3,4
0.0,3200,2,3200.0,0.9124,5,6
0.0,3200,2,3200.0,0.9124,5,6
0.0,3200,2,3200.0,0.91222,5,6
0.0,3200,2,3200.0,0.9124,5,6
0.0,3200,2,3200.0,0.91236,5,6
0.0,3200,2,3200.0,0.9124,5,6
0.0,3200,2,3200.0,0.9124,4,5
0.0,3200,2,3200.0,0.9124,4,5
0.0,3200,2,3200.0,0.9122,4,5
0.0,3200,2,3200.0,0.9124,4,5
0.0,3200,2,3200.0,0.91236,4,5
0.0,3200,2,3200.0,0.9124,4,5
0.0,3200,2,3200.0,0.9124,3,4
0.0,3200,2,3200.0,0.9124,3,4
0.0,3200,2,3200.0,0.91211,3,4
0.0,3200,2,3200.0,0.9124,3,4
0.0,3200,2,3200.0,0.91236,3,4
0.0,3200,2,3200.0,0.9124,3,4
0.0,3200,2,3200.0,0.9124,3,4
0.0,3200,2,3200.0,0.9124,3,4
0.0,3200,2,3200.0,0.91217,3,4
0.0,3200,2,3200.0,0.9124,3,4
0.0,3200,2,3200.0,0.91234,3,4
0.0,3200,2,3200.0,0.9124,3,4
0.0,3200,4,3200.0,0.91216,5,6
0.0,3200,4,3200.0,0.9124,5,6
0.0,3200,4,3200.0,0.9124,5,6
0.0,3200,4,3200.0,0.91202,4,5
0.0,3200,4,3200.0,0.9124,4,5
0.0,3200,4,3200.0,0.9124,4,5
0.0,3200,4,3200.0,0.91214,3,4
0.0,3200,4,3200.0,0.9124,3,4
0.0,3200,4,3200.0,0.9124,3,4
0.0,3200,4,3200.0,0.91202,3,4
0.0,3200,4,3200.0,0.9124,3,4
0.0,3200,4,3200.0,0.89742,3,4
0.0,3200,4,3200.0,0.9124,3,4
0.0,3200,4,3200.0,0.91215,2,3
0.0,3200,4,3200.0,0.9124,2,3
0.0,3200,4,3200.0,0.9124,2,3
0.0,3200,4,3200.0,0.91197,2,3
0.0,3200,4,3200.0,0.9124,2,3
0.0,3200,4,3200.0,0.9124,2,3
0.0,3200,4,3200.0,0.91227,2,3
0.0,3200,4,3200.0,0.9124,2,3
0.0,3200,4,3200.0,0.9124,2,3
0.0,3200,4,3200.0,0.91203,2,3
0.0,3200,4,3200.0,0.9124,2,3
0.0,3200,4,3200.0,0.8975,2,3
0.0,3200,4,3200.0,0.9124,2,3
0.0,3200,0,3200.0,0.9124,5,6
0.0,3200,0,3200.0,0.9124,5,6
0.0,3200,0,3200.0,0.91224,5,6
0.0,3200,0,3200.0,0.91236,5,6
0.0,3200,0,3200.0,0.9124,4,5
0.0,3200,0,3200.0,0.9124,4,5
0.0,3200,0,3200.0,0.91229,4,5
0.0,3200,0,3200.0,0.91234,4,5
0.0,3200,0,3200.0,0.9124,3,4
0.0,3200,0,3200.0,0.9124,3,4
0.0,3200,0,3200.0,0.91214,3,4
0.0,3200,0,3200.0,0.91234,3,4
0.0,3200,0,3200.0,0.9124,3,4
0.0,3200,0,3200.0,0.9124,3,4
0.0,3200,0,3200.0,0.91218,3,4
0.0,3200,0,3200.0,0.91237,3,4
0.0,3200,0,3200.0,0.9124,2,3
0.0,3200,0,3200.0,0.9124,2,3
0.0,3200,0,3200.0,0.91221,2,3
0.0,3200,0,3200.0,0.91234,2,3
0.0,3200,0,3200.0,0.9124,2,3
0.0,3200,0,3200.0,0.9124,2,3
0.0,3200,0,3200.0,0.91223,2,3
0.0,3200,0,3200.0,0.91234,2,3
0.0,3200,0,3200.0,0.9124,2,3
0.0,3200,0,3200.0,0.9124,2,3
0.0,3200,0,3200.0,0.91228,2,3
0.0,3200,0,3200.0,0.91233,2,3
0.0,3200,0,3200.0,0.9124,2,3
0.0,3200,0,3200.0,0.9124,2,3
0.0,3200,0,3200.0,0.91227,2,3
0.0,3200,0,3200.0,0.91237,2,3
0.0,3200,6,3200.0,0.91226,5,6
0.0,3200,6,3200.0,0.9124,5,6
0.0,3200,6,3200.0,0.91234,5,6
0.0,3200,6,3200.0,0.9124,5,6
0.0,3200,6,3200.0,0.91224,4,5
0.0,3200,6,3200.0,0.9124,4,5
0.0,3200,6,3200.0,0.91234,4,5
0.0,3200,6,3200.0,0.9124,4,5
0.0,3200,6,3200.0,0.9122,3,4
0.0,3200,6,3200.0,0.9124,3,4
0.0,3200,6,3200.0,0.91234,3,4
0.0,3200,6,3200.0,0.9124,3,4
0.0,3200,6,3200.0,0.91231,3,4
0.0,3200,6,3200.0,0.9124,3,4
0.0,3200,6,3200.0,0.91233,3,4
0.0,3200,6,3200.0,0.9124,3,4
0.0,3200,6,3200.0,0.91225,2,3
0.0,3200,6,3200.0,0.9124,2,3
0.0,3200,6,3200.0,0.91232,2,3
0.0,3200,6,3200.0,0.9124,2,3
0.0,3200,6,3200.0,0.91222,2,3
0.0,3200,6,3200.0,0.9124,2,3
0.0,3200,6,3200.0,0.91234,2,3
0.0,3200,6,3200.0,0.9124,2,3
0.0,3200,6,3200.0,0.91206,2,3
0.0,3200,6,3200.0,0.9124,2,3
0.0,3200,6,3200.0,0.91233,2,3
0.0,3200,6,3200.0,0.9124,2,3
0.0,3200,6,3200.0,0.91195,2,3
0.0,3200,6,3200.0,0.9124,2,3
0.0,3200,6,3200.0,0.9123,2,3
0.0,3200,6,3200.0,0.9124,2,3
0.0,3200,13,3200.0,0.9124,5,6
0.0,3200,13,3200.0,0.9124,5,6
0.0,3200,13,3200.0,0.9124,5,6
0.0,3200,13,3200.0,0.9124,5,6
0.0,3200,13,3200.0,0.9124,4,5
0.0,3200,13,3200.0,0.9124,4,5
0.0,3200,13,3200.0,0.9124,4,5
0.0,3200,13,3200.0,0.9124,4,5
0.0,3200,13,3200.0,0.9124,3,4
0.0,3200,13,3200.0,0.9124,3,4
0.0,3200,13,3200.0,0.9124,3,4
0.0,3200,13,3200.0,0.9124,3,4
0.0,3200,13,3200.0,0.9124,3,4
0.0,3200,13,3200.0,0.9124,3,4
0.0,3200,13,3200.0,0.9124,3,4
0.0,3200,13,3200.0,0.9124,3,4
0.0,3200,13,3200.0,0.9124,2,3
0.0,3200,13,3200.0,0.9124,2,3
0.0,3200,13,3200.0,0.9124,2,3
0.0,3200,13,3200.0,0.9124,2,3
0.0,3200,13,3200.0,0.9124,2,3
0.0,3200,13,3200.0,0.9124,2,3
0.0,3200,13,3200.0,0.9124,2,3
0.0,3200,13,3200.0,0.9124,2,3
0.0,3200,13,3200.0,0.9124,2,3
0.0,3200,13,3200.0,0.9124,2,3
0.0,3200,13,3200.0,0.9124,2,3
0.0,3200,13,3200.0,0.9124,2,3
0.0,3200,13,3200.0,0.9124,2,3
0.0,3200,13,3200.0,0.9124,2,3
0.0,3200,13,3200.0,0.9124,2,3
0.0,3200,13,3200.0,0.9124,2,3
0.0,3200,7,3200.0,0.9124,5,6
0.0,3200,7,3200.0,0.9124,5,6
0.0,3200,7,3200.0,0.9124,5,6
0.0,3200,7,3200.0,0.9124,5,6
0.0,3200,7,3200.0,0.9124,4,5
0.0,3200,7,3200.0,0.9124,4,5
0.0,3200,7,3200.0,0.9124,4,5
0.0,3200,7,3200.0,0.9124,4,5
0.0,3200,7,3200.0,0.9124,3,4
0.0,3200,7,3200.0,0.9124,3,4
0.0,3200,7,3200.0,0.9124,3,4
0.0,3200,7,3200.0,0.9124,3,4
0.0,3200,7,3200.0,0.9124,3,4
0.0,3200,7,3200.0,0.9124,3,4
0.0,3200,7,3200.0,0.9124,3,4
0.0,3200,7,3200.0,0.9124,3,4
0.0,3200,7,3200.0,0.9124,2,3
0.0,3200,7,3200.0,0.9124,2,3
0.0,3200,7,3200.0,0.9124,2,3
0.0,3200,7,3200.0,0.9124,2,3
0.0,3200,7,3200.0,0.9124,2,3
0.0,3200,7,3200.0,0.9124,2,3
0.0,3200,7,3200.0,0.9124,2,3
0.0,3200,7,3200.0,0.9124,2,3
0.0,3200,7,3200.0,0.9124,2,3
0.0,3200,7,3200.0,0.9124,2,3
0.0,3200,7,3200.0,0.9124,2,3
0.0,3200,7,3200.0,0.9124,2,3
0.0,3200,7,3200.0,0.9124,2,3
0.0,3200,7,3200.0,0.9124,2,3
0.0,3200,7,3200.0,0.9124,2,3
0.0,3200,7,3200.0,0.9124,2,3
0.0,3200,17,3200.0,0.91239,5,6
0.0,3200,17,3200.0,0.9124,5,6
0.0,3200,17,3200.0,0.91238,4,5
0.0,3200,17,3200.0,0.9124,4,5
0.0,3200,17,3200.0,0.91239,3,4
0.0,3200,17,3200.0,0.9124,3,4
0.0,3200,17,3200.0,0.91239,3,4
0.0,3200,17,3200.0,0.9124,3,4
0.0,3200,17,3200.0,0.91238,2,3
0.0,3200,17,3200.0,0.9124,2,3
0.0,3200,17,3200.0,0.91238,2,3
0.0,3200,17,3200.0,0.9124,2,3
0.0,3200,17,3200.0,0.91238,2,3
0.0,3200,17,3200.0,0.9124,2,3
0.0,3200,17,3200.0,0.91239,2,3
0.0,3200,17,3200.0,0.9124,2,3
0.0,3200,17,3200.0,0.91238,1,2
0.0,3200,17,3200.0,0.9124,1,2
0.0,3200,17,3200.0,0.91239,1,2
0.0,3200,17,3200.0,0.9124,1,2
0.0,3200,17,3200.0,0.91238,1,2
0.0,3200,17,3200.0,0.9124,1,2
0.0,3200,17,3200.0,0.91239,1,2
0.0,3200,17,3200.0,0.9124,1,2
0.0,3200,17,3200.0,0.91239,1,2
0.0,3200,17,3200.0,0.9124,1,2
0.0,3200,17,3200.0,0.91238,1,2
0.0,3200,17,3200.0,0.9124,1,2
0.0,3200,17,3200.0,0.91239,1,2
0.0,3200,17,3200.0,0.9124,1,2
0.0,3200,17,3200.0,0.91238,1,2
0.0,3200,17,3200.0,0.9124,1,2
0.0,6400,1,6400.0,0.9124,2,3
0.0,6400,1,6400.0,0.9124,2,3
0.0,6400,1,6400.0,0.87923,2,3
0.0,6400,1,6400.0,0.9124,2,3
0.0,6400,1,6400.0,0.9124,2,3
0.0,6400,1,6400.0,0.9124,2,3
0.0,6400,1,6400.0,0.9124,1,2
0.0,6400,1,6400.0,0.9124,1,2
0.0,6400,1,6400.0,0.9124,1,2
0.0,6400,1,6400.0,0.9124,1,2
0.0,6400,1,6400.0,0.9124,1,2
0.0,6400,1,-1.0,0.9124,0,0
0.0,6400,1,-1.0,0.9124,0,0
0.0,6400,1,-1.0,0.76319,0,0
0.0,6400,1,-1.0,0.9124,0,0
0.0,6400,1,-1.0,0.9124,0,0
0.0,6400,1,-1.0,0.9124,0,0
0.0,6400,1,-1.0,0.9124,0,0
0.0,6400,1,-1.0,0.9124,0,0
0.0,6400,1,-1.0,0.9124,0,0
0.0,6400,1,-1.0,0.9124,0,0
0.0,6400,1,-1.0,0.9124,0,0
0.0,3200,16,3200.0,0.9124,5,6
0.0,3200,16,3200.0,0.9124,5,6
0.0,3200,16,3200.0,0.9124,4,5
0.0,3200,16,3200.0,0.9124,4,5
0.0,3200,16,3200.0,0.9124,3,4
0.0,3200,16,3200.0,0.9124,3,4
0.0,3200,16,3200.0,0.9124,3,4
0.0,3200,16,3200.0,0.9124,3,4
0.0,3200,16,3200.0,0.9124,2,3
0.0,3200,16,3200.0,0.9124,2,3
0.0,3200,16,3200.0,0.9124,2,3
0.0,3200,16,3200.0,0.9124,2,3
0.0,3200,16,3200.0,0.9124,2,3
0.0,3200,16,3200.0,0.9124,2,3
0.0,3200,16,3200.0,0.9124,2,3
0.0,3200,16,3200.0,0.9124,2,3
0.0,3200,16,3200.0,0.9124,1,2
0.0,3200,16,3200.0,0.9124,1,2
0.0,3200,16,3200.0,0.9124,1,2
0.0,3200,16,3200.0,0.9124,1,2
0.0,3200,16,3200.0,0.9124,1,2
0.0,3200,16,3200.0,0.9124,1,2
0.0,3200,16,3200.0,0.9124,1,2
0.0,3200,16,3200.0,0.9124,1,2
0.0,3200,16,3200.0,0.9124,1,2
0.0,3200,16,3200.0,0.9124,1,2
0.0,3200,16,3200.0,0.9124,1,2
0.0,3200,16,3200.0,0.9124,1,2
0.0,3200,16,3200.0,0.9124,1,2
0.0,3200,16,3200.0,0.9124,1,2
0.0,3200,16,3200.0,0.9124,1,2
0.0,3200,16,3200.0,0.9124,1,2
0.0,3200,16,3200.0,0.9124,1,2
0.0,6400,0,6400.0,0.9124,2,3
0.0,6400,0,6400.0,0.9124,2,3
0.0,6400,0,6400.0,0.91223,2,3
0.0,6400,0,6400.0,0.91236,2,3
0.0,6400,0,6400.0,0.9124,1,2
0.0,6400,0,6400.0,0.9124,1,2
0.0,6400,0,6400.0,0.91232,1,2
0.0,6400,0,6400.0,0.91235,1,2
0.0,6400,0,-1.0,0.9124,0,0
0.0,6400,0,-1.0,0.9124,0,0
0.0,6400,0,-1.0,0.91227,0,0
0.0,6400,0,-1.0,0.91235,0,0
0.0,6400,0,-1.0,0.9124,0,0
0.0,6400,0,-1.0,0.9124,0,0
0.0,6400,0,-1.0,0.91227,0,0
0.0,6400,0,-1.0,0.91233,0,0
0.0,6400,0,-1.0,0.88913,0,0
0.0,6400,0,-1.0,0.88913,0,0
0.0,6400,0,-1.0,0.88902,0,0
0.0,6400,0,-1.0,0.88878,0,0
0.0,6400,0,-1.0,0.88913,0,0
0.0,6400,0,-1.0,0.88913,0,0
0.0,6400,0,-1.0,0.88903,0,0
0.0,6400,0,-1.0,0.88907,0,0
0.0,6400,0,-1.0,0.88913,0,0
0.0,6400,0,-1.0,0.88913,0,0
0.0,6400,0,-1.0,0.88892,0,0
0.0,6400,0,-1.0,0.88905,0,0
0.0,6400,0,-1.0,0.88913,0,0
0.0,6400,0,-1.0,0.88913,0,0
0.0,6400,0,-1.0,0.88904,0,0
0.0,6400,0,-1.0,0.88909,0,0
0.0,3200,21,3200.0,0.9124,5,6
0.0,3200,21,3200.0,0.9124,4,5
0.0,3200,21,3200.0,0.9124,3,4
0.0,3200,21,3200.0,0.9124,3,4
0.0,3200,21,3200.0,0.9124,2,3
0.0,3200,21,3200.0,0.9124,2,3
0.0,3200,21,3200.0,0.9124,2,3
0.0,3200,21,3200.0,0.9124,2,3
0.0,3200,21,3200.0,0.9124,1,2
0.0,3200,21,3200.0,0.9124,1,2
0.0,3200,21,3200.0,0.9124,1,2
0.0,3200,21,3200.0,0.9124,1,2
0.0,3200,21,3200.0,0.9124,1,2
0.0,3200,21,3200.0,0.9124,1,2
0.0,3200,21,3200.0,0.9124,1,2
0.0,3200,21,3200.0,0.9124,1,2
0.0,3200,21,-1.0,0.9124,0,0
0.0,3200,21,-1.0,0.9124,0,0
0.0,3200,21,-1.0,0.9124,0,0
0.0,3200,21,-1.0,0.9124,0,0
0.0,3200,21,-1.0,0.9124,0,0
0.0,3200,21,-1.0,0.9124,0,0
0.0,3200,21,-1.0,0.9124,0,0
0.0,3200,21,-1.0,0.9124,0,0
0.0,3200,21,-1.0,0.9124,0,0
0.0,3200,21,-1.0,0.9124,0,0
0.0,3200,21,-1.0,0.9124,0,0
0.0,3200,21,-1.0,0.9124,0,0
0.0,3200,21,-1.0,0.9124,0,0
0.0,3200,21,-1.0,0.9124,0,0
0.0,3200,21,-1.0,0.9124,0,0
0.0,3200,21,-1.0,0.9124,0,0
0.0,3200,18,3200.0,0.9124,5,6
0.0,3200,18,3200.0,0.9124,5,6
0.0,3200,18,3200.0,0.9124,4,5
0.0,3200,18,3200.0,0.9124,4,5
0.0,3200,18,3200.0,0.9124,3,4
0.0,3200,18,3200.0,0.9124,3,4
0.0,3200,18,3200.0,0.9124,3,4
0.0,3200,18,3200.0,0.9124,3,4
0.0,3200,18,3200.0,0.9124,2,3
0.0,3200,18,3200.0,0.9124,2,3
0.0,3200,18,3200.0,0.9124,2,3
0.0,3200,18,3200.0,0.9124,2,3
0.0,3200,18,3200.0,0.9124,2,3
0.0,3200,18,3200.0,0.9124,2,3
0.0,3200,18,3200.0,0.9124,2,3
0.0,3200,18,3200.0,0.9124,2,3
0.0,3200,18,3200.0,0.9124,1,2
0.0,3200,18,3200.0,0.9124,1,2
0.0,3200,18,3200.0,0.9124,1,2
0.0,3200,18,3200.0,0.9124,1,2
0.0,3200,18,3200.0,0.9124,1,2
0.0,3200,18,3200.0,0.9124,1,2
0.0,3200,18,3200.0,0.9124,1,2
0.0,3200,18,3200.0,0.9124,1,2
0.0,3200,18,3200.0,0.9124,1,2
0.0,3200,18,3200.0,0.9124,1,2
0.0,3200,18,3200.0,0.9124,1,2
0.0,3200,18,3200.0,0.9124,1,2
0.0,3200,18,3200.0,0.9124,1,2
0.0,3200,18,3200.0,0.9124,1,2
0.0,3200,18,3200.0,0.9124,1,2
0.0,3200,18,3200.0,0.9124,1,2
0.0,6400,5,6400.0,0.0,2,3
0.0,6400,5,6400.0,0.0,2,3
0.0,6400,5,6400.0,0.0,2,3
0.0,6400,5,6400.0,0.0,2,3
0.0,6400,5,6400.0,0.0,2,3
0.0,6400,5,6400.0,0.0,2,3
0.0,6400,5,6400.0,0.0,2,3
0.0,6400,5,6400.0,0.0,2,3
0.0,6400,5,6400.0,0.0,2,3
0.0,6400,5,6400.0,0.0,2,3
0.0,6400,5,6400.0,0.0,2,3
0.0,6400,5,6400.0,0.0,2,3
0.0,6400,5,6400.0,0.0,2,3
0.0,6400,5,6400.0,0.0,2,3
0.0,6400,5,6400.0,0.0,2,3
0.0,3200,20,3200.0,0.9124,5,6
0.0,3200,20,3200.0,0.9124,5,6
0.0,3200,20,3200.0,0.9124,4,5
0.0,3200,20,3200.0,0.9124,4,5
0.0,3200,20,3200.0,0.9124,3,4
0.0,3200,20,3200.0,0.9124,3,4
0.0,3200,20,3200.0,0.9124,3,4
0.0,3200,20,3200.0,0.9124,3,4
0.0,3200,20,3200.0,0.9124,2,3
0.0,3200,20,3200.0,0.9124,2,3
0.0,3200,20,3200.0,0.9124,2,3
0.0,3200,20,3200.0,0.9124,2,3
0.0,3200,20,3200.0,0.9124,2,3
0.0,3200,20,3200.0,0.9124,2,3
0.0,3200,20,3200.0,0.9124,2,3
0.0,3200,20,3200.0,0.9124,2,3
0.0,3200,20,3200.0,0.9124,1,2
0.0,3200,20,3200.0,0.9124,1,2
0.0,3200,20,3200.0,0.9124,1,2
0.0,3200,20,3200.0,0.9124,1,2
0.0,3200,20,3200.0,0.9124,1,2
0.0,3200,20,3200.0,0.9124,1,2
0.0,3200,20,3200.0,0.9124,1,2
0.0,3200,20,3200.0,0.9124,1,2
0.0,3200,20,3200.0,0.9124,1,2
0.0,3200,20,3200.0,0.9124,1,2
0.0,3200,20,3200.0,0.9124,1,2
0.0,3200,20,3200.0,0.9124,1,2
0.0,3200,20,3200.0,0.9124,1,2
0.0,3200,20,3200.0,0.9124,1,2
0.0,3200,20,3200.0,0.9124,1,2
0.0,3200,20,3200.0,0.9124,1,2
0.0,6400,2,6400.0,0.9124,2,3
0.0,6400,2,6400.0,0.9124,2,3
0.0,6400,2,6400.0,0.91223,2,3
0.0,6400,2,6400.0,0.9124,2,3
0.0,6400,2,6400.0,0.91235,2,3
0.0,6400,2,6400.0,0.9124,2,3
0.0,6400,2,6400.0,0.9124,1,2
0.0,6400,2,6400.0,0.9124,1,2
0.0,6400,2,6400.0,0.91219,1,2
0.0,6400,2,6400.0,0.9124,1,2
0.0,6400,2,6400.0,0.91236,1,2
0.0,6400,2,6400.0,0.9124,1,2
0.0,6400,2,-1.0,0.9124,0,0
0.0,6400,2,-1.0,0.9124,0,0
0.0,6400,2,-1.0,0.91216,0,0
0.0,6400,2,-1.0,0.9124,0,0
0.0,6400,2,-1.0,0.91235,0,0
0.0,6400,2,-1.0,0.9124,0,0
0.0,6400,2,-1.0,0.9124,0,0
0.0,6400,2,-1.0,0.9124,0,0
0.0,6400,2,-1.0,0.91216,0,0
0.0,6400,2,-1.0,0.9124,0,0
0.0,6400,2,-1.0,0.91236,0,0
0.0,6400,2,-1.0,0.9124,0,0
0.0,3200,22,3200.0,0.9124,5,6
0.0,3200,22,3200.0,0.9124,5,6
0.0,3200,22,3200.0,0.9124,5,6
0.0,3200,22,3200.0,0.9124,4,5
0.0,3200,22,3200.0,0.9124,4,5
0.0,3200,22,3200.0,0.9124,4,5
0.0,3200,22,3200.0,0.9124,3,4
0.0,3200,22,3200.0,0.9124,3,4
0.0,3200,22,3200.0,0.9124,3,4
0.0,3200,22,3200.0,0.9124,3,4
0.0,3200,22,3200.0,0.9124,3,4
0.0,3200,22,3200.0,0.9124,3,4
0.0,3200,22,3200.0,0.9124,2,3
0.0,3200,22,3200.0,0.9124,2,3
0.0,3200,22,3200.0,0.9124,2,3
0.0,3200,22,3200.0,0.9124,2,3
0.0,3200,22,3200.0,0.9124,2,3
0.0,3200,22,3200.0,0.9124,2,3
0.0,3200,22,3200.0,0.9124,2,3
0.0,3200,22,3200.0,0.9124,2,3
0.0,3200,22,3200.0,0.9124,2,3
0.0,3200,22,3200.0,0.9124,2,3
0.0,3200,22,3200.0,0.9124,2,3
0.0,3200,22,3200.0,0.9124,2,3
0.0,3200,24,3200.0,0.9124,5,6
0.0,3200,24,3200.0,0.9124,5,6
0.0,3200,24,3200.0,0.9124,5,6
0.0,3200,24,3200.0,0.9124,4,5
0.0,3200,24,3200.0,0.9124,4,5
0.0,3200,24,3200.0,0.9124,4,5
0.0,3200,24,3200.0,0.9124,3,4
0.0,3200,24,3200.0,0.9124,3,4
0.0,3200,24,3200.0,0.9124,3,4
0.0,3200,24,3200.0,0.9124,3,4
0.0,3200,24,3200.0,0.9124,3,4
0.0,3200,24,3200.0,0.9124,3,4
0.0,3200,24,3200.0,0.9124,2,3
0.0,3200,24,3200.0,0.9124,2,3
0.0,3200,24,3200.0,0.9124,2,3
0.0,3200,24,3200.0,0.9124,2,3
0.0,3200,24,3200.0,0.9124,2,3
0.0,3200,24,3200.0,0.9124,2,3
0.0,3200,24,3200.0,0.9124,2,3
0.0,3200,24,3200.0,0.9124,2,3
0.0,3200,24,3200.0,0.9124,2,3
0.0,3200,24,3200.0,0.9124,2,3
0.0,3200,24,3200.0,0.9124,2,3
0.0,6400,3,6400.0,0.9124,2,3
0.0,6400,3,6400.0,0.9124,1,2
0.0,6400,3,-1.0,0.9124,0,0
0.0,6400,3,-1.0,0.9124,0,0
0.0,6400,3,-1.0,0.88913,0,0
0.0,6400,3,-1.0,0.88913,0,0
0.0,6400,3,-1.0,0.88913,0,0
0.0,6400,3,-1.0,0.88913,0,0
0.0,6400,6,6400.0,0.91226,2,3
0.0,6400,6,6400.0,0.9124,2,3
0.0,6400,6,6400.0,0.91235,2,3
0.0,6400,6,6400.0,0.9124,2,3
0.0,6400,6,6400.0,0.91233,1,2
0.0,6400,6,6400.0,0.9124,1,2
0.0,6400,6,6400.0,0.91232,1,2
0.0,6400,6,6400.0,0.9124,1,2
0.0,6400,6,-1.0,0.9123,0,0
0.0,6400,6,-1.0,0.9124,0,0
0.0,6400,6,-1.0,0.91235,0,0
0.0,6400,6,-1.0,0.9124,0,0
0.0,6400,6,-1.0,0.91232,0,0
0.0,6400,6,-1.0,0.9124,0,0
0.0,6400,6,-1.0,0.91234,0,0
0.0,6400,6,-1.0,0.9124,0,0
0.0,6400,6,-1.0,0.88888,0,0
0.0,6400,6,-1.0,0.88913,0,0
0.0,6400,6,-1.0,0.88905,0,0
0.0,6400,6,-1.0,0.88913,0,0
0.0,6400,6,-1.0,0.88909,0,0
0.0,6400,6,-1.0,0.88913,0,0
0.0,6400,6,-1.0,0.88906,0,0
0.0,6400,6,-1.0,0.88913,0,0
0.0,6400,6,-1.0,0.88897,0,0
0.0,6400,6,-1.0,0.88913,0,0
0.0,6400,6,-1.0,0.88905,0,0
0.0,6400,6,-1.0,0.88913,0,0
0.0,6400,6,-1.0,0.88906,0,0
0.0,6400,6,-1.0,0.88913,0,0
0.0,6400,6,-1.0,0.88909,0,0
0.0,6400,6,-1.0,0.88913,0,0
0.0,6400,4,6400.0,0.91217,2,3
0.0,6400,4,6400.0,0.9124,2,3
0.0,6400,4,6400.0,0.36148,2,3
0.0,6400,4,6400.0,0.9124,2,3
0.0,6400,4,6400.0,0.91206,1,2
0.0,6400,4,6400.0,0.9124,1,2
0.0,6400,4,6400.0,0.9124,1,2
0.0,6400,4,-1.0,0.91219,0,0
0.0,6400,4,-1.0,0.9124,0,0
0.0,6400,4,-1.0,0.9124,0,0
0.0,6400,4,-1.0,0.9124,0,0
0.0,6400,4,-1.0,0.9121,0,0
0.0,6400,4,-1.0,0.9124,0,0
0.0,6400,4,-1.0,0.9124,0,0
0.0,6400,4,-1.0,0.88888,0,0
0.0,6400,4,-1.0,0.88913,0,0
0.0,6400,4,-1.0,0.88913,0,0
0.0,6400,4,-1.0,0.88898,0,0
0.0,6400,4,-1.0,0.88913,0,0
0.0,6400,4,-1.0,0.88913,0,0
0.0,6400,4,-1.0,0.88897,0,0
0.0,6400,4,-1.0,0.88913,0,0
0.0,6400,4,-1.0,0.88913,0,0
0.0,6400,4,-1.0,0.88913,0,0
0.0,6400,4,-1.0,0.88897,0,0
0.0,6400,4,-1.0,0.88913,0,0
0.0,6400,4,-1.0,0.88913,0,0
0.0,3200,19,3200.0,0.91235,5,6
0.0,3200,19,3200.0,0.9124,5,6
0.0,3200,19,3200.0,0.91227,5,6
0.0,3200,19,3200.0,0.9122,5,6
0.0,3200,19,3200.0,0.91236,4,5
0.0,3200,19,3200.0,0.9124,4,5
0.0,3200,19,3200.0,0.91232,4,5
0.0,3200,19,3200.0,0.91234,4,5
0.0,3200,19,3200.0,0.91237,3,4
0.0,3200,19,3200.0,0.9124,3,4
0.0,3200,19,3200.0,0.91225,3,4
0.0,3200,19,3200.0,0.9123,3,4
0.0,3200,19,3200.0,0.91236,3,4
0.0,3200,19,3200.0,0.9124,3,4
0.0,3200,19,3200.0,0.91233,3,4
0.0,3200,19,3200.0,0.91228,3,4
0.0,3200,19,3200.0,0.91236,2,3
0.0,3200,19,3200.0,0.9124,2,3
0.0,3200,19,3200.0,0.91233,2,3
0.0,3200,19,3200.0,0.91239,2,3
0.0,3200,19,3200.0,0.91234,2,3
0.0,3200,19,3200.0,0.9124,2,3
0.0,3200,19,3200.0,0.91233,2,3
0.0,3200,19,3200.0,0.91224,2,3
0.0,3200,19,3200.0,0.91235,2,3
0.0,3200,19,3200.0,0.9124,2,3
0.0,3200,19,3200.0,0.91223,2,3
0.0,3200,19,3200.0,0.91226,2,3
0.0,3200,19,3200.0,0.91235,2,3
0.0,3200,19,3200.0,0.9124,2,3
0.0,3200,19,3200.0,0.91227,2,3
0.0,3200,19,3200.0,0.91221,2,3
0.0,3200,23,3200.0,0.91236,5,6
0.0,3200,23,3200.0,0.9124,5,6
0.0,3200,23,3200.0,0.9124,5,6
0.0,3200,23,3200.0,0.91235,5,6
0.0,3200,23,3200.0,0.91237,4,5
0.0,3200,23,3200.0,0.9124,4,5
0.0,3200,23,3200.0,0.9124,4,5
0.0,3200,23,3200.0,0.91234,4,5
0.0,3200,23,3200.0,0.91236,3,4
0.0,3200,23,3200.0,0.9124,3,4
0.0,3200,23,3200.0,0.9124,3,4
0.0,3200,23,3200.0,0.91237,3,4
0.0,3200,23,3200.0,0.91237,3,4
0.0,3200,23,3200.0,0.9124,3,4
0.0,3200,23,3200.0,0.9124,3,4
0.0,3200,23,3200.0,0.91236,3,4
0.0,3200,23,3200.0,0.9124,2,3
0.0,3200,23,3200.0,0.9124,2,3
0.0,3200,23,3200.0,0.9124,2,3
0.0,3200,23,3200.0,0.91237,2,3
0.0,3200,23,3200.0,0.91236,2,3
0.0,3200,23,3200.0,0.9124,2,3
0.0,3200,23,3200.0,0.9124,2,3
0.0,3200,23,3200.0,0.91237,2,3
0.0,3200,23,3200.0,0.91236,2,3
0.0,3200,23,3200.0,0.9124,2,3
0.0,3200,23,3200.0,0.9124,2,3
0.0,3200,23,3200.0,0.91235,2,3
0.0,3200,23,3200.0,0.91237,2,3
0.0,3200,23,3200.0,0.9124,2,3
0.0,3200,23,3200.0,0.9124,2,3
0.0,3200,23,3200.0,0.91236,2,3
0.0,6400,8,6400.0,0.9124,2,3
0.0,6400,8,6400.0,0.9124,2,3
0.0,6400,8,6400.0,0.9124,1,2
0.0,6400,8,6400.0,0.9124,1,2
0.0,6400,8,6400.0,0.9124,1,2
0.0,6400,8,-1.0,0.9124,0,0
0.0,6400,8,-1.0,0.9124,0,0
0.0,6400,8,-1.0,0.9124,0,0
0.0,6400,8,-1.0,0.9124,0,0
0.0,6400,8,-1.0,0.9124,0,0
0.0,6400,8,-1.0,0.88913,0,0
0.0,6400,8,-1.0,0.88913,0,0
0.0,6400,8,-1.0,0.88913,0,0
0.0,6400,8,-1.0,0.88913,0,0
0.0,6400,8,-1.0,0.88913,0,0
0.0,6400,8,-1.0,0.88913,0,0
0.0,6400,8,-1.0,0.88913,0,0
0.0,6400,8,-1.0,0.88913,0,0
0.0,6400,8,-1.0,0.88913,0,0
0.0,6400,8,-1.0,0.88913,0,0
0.0,6400,9,6400.0,0.9124,2,3
0.0,6400,9,6400.0,0.91229,2,3
0.0,6400,9,6400.0,0.9124,2,3
0.0,6400,9,6400.0,0.9124,1,2
0.0,6400,9,6400.0,0.91228,1,2
0.0,6400,9,6400.0,0.9124,1,2
0.0,6400,9,-1.0,0.9124,0,0
0.0,6400,9,-1.0,0.91234,0,0
0.0,6400,9,-1.0,0.9124,0,0
0.0,6400,9,-1.0,0.9124,0,0
0.0,6400,9,-1.0,0.91225,0,0
0.0,6400,9,-1.0,0.9124,0,0
0.0,6400,9,-1.0,0.88913,0,0
0.0,6400,9,-1.0,0.88905,0,0
0.0,6400,9,-1.0,0.88913,0,0
0.0,6400,9,-1.0,0.88913,0,0
0.0,6400,9,-1.0,0.88904,0,0
0.0,6400,9,-1.0,0.88913,0,0
0.0,6400,9,-1.0,0.88913,0,0
0.0,6400,9,-1.0,0.88907,0,0
0.0,6400,9,-1.0,0.88913,0,0
0.0,6400,9,-1.0,0.88913,0,0
0.0,6400,9,-1.0,0.88903,0,0
0.0,6400,9,-1.0,0.88913,0,0
0.0,6400,10,6400.0,0.9124,2,3
0.0,6400,10,6400.0,0.91236,2,3
0.0,6400,10,6400.0,0.9124,1,2
0.0,6400,10,6400.0,0.90087,1,2
0.0,6400,10,6400.0,0.9124,1,2
0.0,6400,10,6400.0,0.91236,1,2
0.0,6400,10,-1.0,0.9124,0,0
0.0,6400,10,-1.0,0.91233,0,0
0.0,6400,10,-1.0,0.9124,0,0
0.0,6400,10,-1.0,0.90344,0,0
0.0,6400,10,-1.0,0.9124,0,0
0.0,6400,10,-1.0,0.91236,0,0
0.0,6400,10,-1.0,0.88913,0,0
0.0,6400,10,-1.0,0.88909,0,0
0.0,6400,10,-1.0,0.88913,0,0
0.0,6400,10,-1.0,0.88022,0,0
0.0,6400,10,-1.0,0.88913,0,0
0.0,6400,10,-1.0,0.88908,0,0
0.0,6400,10,-1.0,0.88913,0,0
0.0,6400,10,-1.0,0.88907,0,0
0.0,6400,10,-1.0,0.88913,0,0
0.0,6400,10,-1.0,0.88913,0,0
0.0,6400,10,-1.0,0.88913,0,0
0.0,6400,10,-1.0,0.88909,0,0
0.0,6400,7,6400.0,0.9124,2,3
0.0,6400,7,6400.0,0.9124,2,3
0.0,6400,7,6400.0,0.9124,2,3
0.0,6400,7,6400.0,0.9124,2,3
0.0,6400,7,6400.0,0.9124,1,2
0.0,6400,7,6400.0,0.9124,1,2
0.0,6400,7,6400.0,0.9124,1,2
0.0,6400,7,6400.0,0.9124,1,2
0.0,6400,7,-1.0,0.9124,0,0
0.0,6400,7,-1.0,0.9124,0,0
0.0,6400,7,-1.0,0.9124,0,0
0.0,6400,7,-1.0,0.9124,0,0
0.0,6400,7,-1.0,0.9124,0,0
0.0,6400,7,-1.0,0.9124,0,0
0.0,6400,7,-1.0,0.9124,0,0
0.0,6400,7,-1.0,0.9124,0,0
0.0,6400,7,-1.0,0.88913,0,0
0.0,6400,7,-1.0,0.88913,0,0
0.0,6400,7,-1.0,0.88913,0,0
0.0,6400,7,-1.0,0.88913,0,0
0.0,6400,7,-1.0,0.88913,0,0
0.0,6400,7,-1.0,0.88913,0,0
0.0,6400,7,-1.0,0.88913,0,0
0.0,6400,7,-1.0,0.88913,0,0
0.0,6400,7,-1.0,0.88913,0,0
0.0,6400,7,-1.0,0.88913,0,0
0.0,6400,7,-1.0,0.88913,0,0
0.0,6400,7,-1.0,0.88913,0,0
0.0,6400,7,-1.0,0.88913,0,0
0.0,6400,7,-1.0,0.88913,0,0
0.0,6400,7,-1.0,0.88913,0,0
0.0,6400,7,-1.0,0.88913,0,0
0.0,6400,18,6400.0,0.9124,2,3
0.0,6400,18,6400.0,0.9124,2,3
0.0,6400,18,6400.0,0.9124,1,2
0.0,6400,18,6400.0,0.9124,1,2
0.0,6400,18,-1.0,0.9124,0,0
0.0,6400,18,-1.0,0.9124,0,0
0.0,6400,18,-1.0,0.9124,0,0
0.0,6400,18,-1.0,0.9124,0,0
0.0,6400,18,-1.0,0.88913,0,0
0.0,6400,18,-1.0,0.88913,0,0
0.0,6400,18,-1.0,0.88913,0,0
0.0,6400,18,-1.0,0.88913,0,0
0.0,6400,18,-1.0,0.88913,0,0
0.0,6400,18,-1.0,0.88913,0,0
0.0,6400,18,-1.0,0.88913,0,0
0.0,6400,18,-1.0,0.88913,0,0
0.0,6400,17,6400.0,0.91239,2,3
0.0,6400,17,6400.0,0.9124,2,3
0.0,6400,17,6400.0,0.91238,1,2
0.0,6400,17,6400.0,0.9124,1,2
0.0,6400,17,-1.0,0.91238,0,0
0.0,6400,17,-1.0,0.9124,0,0
0.0,6400,17,-1.0,0.91222,0,0
0.0,6400,17,-1.0,0.9124,0,0
0.0,6400,17,-1.0,0.88912,0,0
0.0,6400,17,-1.0,0.88913,0,0
0.0,6400,17,-1.0,0.88911,0,0
0.0,6400,17,-1.0,0.88913,0,0
0.0,6400,17,-1.0,0.88912,0,0
0.0,6400,17,-1.0,0.88913,0,0
0.0,6400,17,-1.0,0.88901,0,0
0.0,6400,17,-1.0,0.88913,0,0
0.0,6400,16,6400.0,0.12943,2,3
0.0,6400,16,6400.0,0.9124,2,3
0.0,6400,16,6400.0,0.9124,2,3
0.0,6400,16,6400.0,0.9124,1,2
0.0,6400,16,6400.0,0.9124,1,2
0.0,6400,16,-1.0,0.9124,0,0
0.0,6400,16,-1.0,0.9124,0,0
0.0,6400,16,-1.0,0.9124,0,0
0.0,6400,16,-1.0,0.9124,0,0
0.0,6400,16,-1.0,0.87614,0,0
0.0,6400,16,-1.0,0.88913,0,0
0.0,6400,16,-1.0,0.88913,0,0
0.0,6400,16,-1.0,0.88913,0,0
0.0,6400,16,-1.0,0.88913,0,0
0.0,6400,16,-1.0,0.88913,0,0
0.0,6400,16,-1.0,0.88913,0,0
0.0,6400,16,-1.0,0.88913,0,0
0.0,6400,16,-1.0,0.88913,0,0
0.0,6400,11,6400.0,0.9124,2,3
0.0,6400,11,6400.0,0.9124,1,2
0.0,6400,11,-1.0,0.9124,0,0
0.0,6400,11,-1.0,0.9124,0,0
0.0,6400,11,-1.0,0.88913,0,0
0.0,6400,11,-1.0,0.88913,0,0
0.0,6400,11,-1.0,0.88913,0,0
0.0,6400,11,-1.0,0.88913,0,0
0.0,6400,15,6400.0,0.0,2,3
0.0,6400,15,6400.0,0.0,2,3
0.0,6400,15,6400.0,0.0,2,3
0.0,6400,15,6400.0,0.0,2,3
0.0,6400,15,6400.0,0.0,2,3
0.0,6400,15,6400.0,0.0,2,3
0.0,6400,15,6400.0,0.0,2,3
0.0,6400,15,6400.0,0.0,2,3
0.0,6400,15,6400.0,0.0,2,3
0.0,6400,15,6400.0,0.0,2,3
0.0,6400,15,6400.0,0.0,2,3
0.0,6400,15,6400.0,0.0,2,3
0.0,6400,15,6400.0,0.0,2,3
0.0,6400,15,6400.0,0.0,2,3
0.0,6400,15,6400.0,0.0,2,3
0.0,6400,14,6400.0,0.9124,2,3
0.0,6400,14,6400.0,0.9124,2,3
0.0,6400,14,6400.0,0.9124,2,3
0.0,6400,14,6400.0,0.9124,1,2
0.0,6400,14,6400.0,0.9124,1,2
0.0,6400,14,6400.0,0.9124,1,2
0.0,6400,14,-1.0,0.9124,0,0
0.0,6400,14,-1.0,0.9124,0,0
0.0,6400,14,-1.0,0.9124,0,0
0.0,6400,14,-1.0,0.9124,0,0
0.0,6400,14,-1.0,0.9124,0,0
0.0,6400,14,-1.0,0.9124,0,0
0.0,6400,14,-1.0,0.88913,0,0
0.0,6400,14,-1.0,0.88913,0,0
0.0,6400,14,-1.0,0.88913,0,0
0.0,6400,14,-1.0,0.88913,0,0
0.0,6400,14,-1.0,0.88913,0,0
0.0,6400,14,-1.0,0.88913,0,0
0.0,6400,14,-1.0,0.88913,0,0
0.0,6400,14,-1.0,0.88913,0,0
0.0,6400,14,-1.0,0.88913,0,0
0.0,6400,14,-1.0,0.88913,0,0
0.0,6400,14,-1.0,0.88913,0,0
0.0,6400,14,-1.0,0.88913,0,0
0.0,6400,20,6400.0,0.9124,2,3
0.0,6400,20,6400.0,0.9124,2,3
0.0,6400,20,6400.0,0.9124,1,2
0.0,6400,20,6400.0,0.9124,1,2
0.0,6400,20,-1.0,0.9124,0,0
0.0,6400,20,-1.0,0.9124,0,0
0.0,6400,20,-1.0,0.9124,0,0
0.0,6400,20,-1.0,0.9124,0,0
0.0,6400,20,-1.0,0.88913,0,0
0.0,6400,20,-1.0,0.88913,0,0
0.0,6400,20,-1.0,0.88913,0,0
0.0,6400,20,-1.0,0.88913,0,0
0.0,6400,20,-1.0,0.88913,0,0
0.0,6400,20,-1.0,0.88913,0,0
0.0,6400,20,-1.0,0.88913,0,0
0.0,6400,20,-1.0,0.88913,0,0
0.0,6400,12,6400.0,0.9124,2,3
0.0,6400,12,6400.0,0.9016,2,3
0.0,6400,12,6400.0,0.9124,2,3
0.0,6400,12,6400.0,0.90161,2,3
0.0,6400,12,6400.0,0.9124,2,3
0.0,6400,12,6400.0,0.91237,2,3
0.0,6400,12,6400.0,0.9124,1,2
0.0,6400,12,6400.0,0.89813,1,2
0.0,6400,12,6400.0,0.9124,1,2
0.0,6400,12,6400.0,0.90497,1,2
0.0,6400,12,6400.0,0.9124,1,2
0.0,6400,12,6400.0,0.91235,1,2
0.0,6400,12,-1.0,0.9124,0,0
0.0,6400,12,-1.0,0.90446,0,0
0.0,6400,12,-1.0,0.9124,0,0
0.0,6400,12,-1.0,0.90511,0,0
0.0,6400,12,-1.0,0.9124,0,0
0.0,6400,12,-1.0,0.91233,0,0
0.0,6400,12,-1.0,0.9124,0,0
0.0,6400,12,-1.0,0.90262,0,0
0.0,6400,12,-1.0,0.9124,0,0
0.0,6400,12,-1.0,0.90557,0,0
0.0,6400,12,-1.0,0.9124,0,0
0.0,6400,12,-1.0,0.91235,0,0
0.0,6400,13,6400.0,0.9124,2,3
0.0,6400,13,6400.0,0.9124,2,3
0.0,6400,13,6400.0,0.9124,2,3
0.0,6400,13,6400.0,0.9124,2,3
0.0,6400,13,6400.0,0.9124,1,2
0.0,6400,13,6400.0,0.9124,1,2
0.0,6400,13,6400.0,0.9124,1,2
0.0,6400,13,6400.0,0.9124,1,2
0.0,6400,13,-1.0,0.9124,0,0
0.0,6400,13,-1.0,0.9124,0,0
0.0,6400,13,-1.0,0.9124,0,0
0.0,6400,13,-1.0,0.9124,0,0
0.0,6400,13,-1.0,0.9124,0,0
0.0,6400,13,-1.0,0.9124,0,0
0.0,6400,13,-1.0,0.9124,0,0
0.0,6400,13,-1.0,0.9124,0,0
0.0,6400,13,-1.0,0.88913,0,0
0.0,6400,13,-1.0,0.88913,0,0
0.0,6400,13,-1.0,0.88913,0,0
0.0,6400,13,-1.0,0.88913,0,0
0.0,6400,13,-1.0,0.88913,0,0
0.0,6400,13,-1.0,0.88913,0,0
0.0,6400,13,-1.0,0.88913,0,0
0.0,6400,13,-1.0,0.88913,0,0
0.0,6400,13,-1.0,0.88913,0,0
0.0,6400,13,-1.0,0.88913,0,0
0.0,6400,13,-1.0,0.88913,0,0
0.0,6400,13,-1.0,0.88913,0,0
0.0,6400,13,-1.0,0.88913,0,0
0.0,6400,13,-1.0,0.88913,0,0
0.0,6400,13,-1.0,0.88913,0,0
0.0,6400,19,6400.0,0.91236,2,3
0.0,6400,19,6400.0,0.9124,2,3
0.0,6400,19,6400.0,0.91225,2,3
0.0,6400,19,6400.0,0.91216,2,3
0.0,6400,19,6400.0,0.91236,1,2
0.0,6400,19,6400.0,0.9124,1,2
0.0,6400,19,6400.0,0.91234,1,2
0.0,6400,19,6400.0,0.91228,1,2
0.0,6400,19,-1.0,0.91236,0,0
0.0,6400,19,-1.0,0.9124,0,0
0.0,6400,19,-1.0,0.91229,0,0
0.0,6400,19,-1.0,0.91228,0,0
0.0,6400,19,-1.0,0.91236,0,0
0.0,6400,19,-1.0,0.9124,0,0
0.0,6400,19,-1.0,0.91231,0,0
0.0,6400,19,-1.0,0.91231,0,0
0.0,6400,19,-1.0,0.88908,0,0
0.0,6400,19,-1.0,0.88913,0,0
0.0,6400,19,-1.0,0.88903,0,0
0.0,6400,19,-1.0,0.88889,0,0
0.0,6400,19,-1.0,0.88908,0,0
0.0,6400,19,-1.0,0.88913,0,0
0.0,6400,19,-1.0,0.88904,0,0
0.0,6400,19,-1.0,0.88907,0,0
0.0,6400,19,-1.0,0.88908,0,0
0.0,6400,19,-1.0,0.88913,0,0
0.0,6400,19,-1.0,0.88906,0,0
0.0,6400,19,-1.0,0.88879,0,0
0.0,6400,19,-1.0,0.88908,0,0
0.0,6400,19,-1.0,0.88913,0,0
0.0,6400,19,-1.0,0.88908,0,0
0.0,6400,19,-1.0,0.88907,0,0
0.0,6400,21,6400.0,0.9124,2,3
0.0,6400,21,6400.0,0.9124,1,2
0.0,6400,21,-1.0,0.9124,0,0
0.0,6400,21,-1.0,0.9124,0,0
0.0,6400,21,-1.0,0.88913,0,0
0.0,6400,21,-1.0,0.88913,0,0
0.0,6400,21,-1.0,0.88913,0,0
0.0,6400,21,-1.0,0.88913,0,0
0.0,6400,22,6400.0,0.9124,2,3
0.0,6400,22,6400.0,0.9124,2,3
0.0,6400,22,6400.0,0.9124,2,3
0.0,6400,22,6400.0,0.9124,1,2
0.0,6400,22,6400.0,0.9124,1,2
0.0,6400,22,6400.0,0.9124,1,2
0.0,6400,22,-1.0,0.9124,0,0
0.0,6400,22,-1.0,0.9124,0,0
0.0,6400,22,-1.0,0.9124,0,0
0.0,6400,22,-1.0,0.9124,0,0
0.0,6400,22,-1.0,0.9124,0,0
0.0,6400,22,-1.0,0.9124,0,0
0.0,6400,22,-1.0,0.88913,0,0
0.0,6400,22,-1.0,0.88913,0,0
0.0,6400,22,-1.0,0.88913,0,0
0.0,6400,22,-1.0,0.88913,0,0
0.0,6400,22,-1.0,0.88913,0,0
0.0,6400,22,-1.0,0.88913,0,0
0.0,6400,22,-1.0,0.88913,0,0
0.0,6400,22,-1.0,0.88913,0,0
0.0,6400,22,-1.0,0.88913,0,0
0.0,6400,22,-1.0,0.88913,0,0
0.0,6400,22,-1.0,0.88913,0,0
0.0,6400,22,-1.0,0.88913,0,0
0.0,6400,24,6400.0,0.9124,2,3
0.0,6400,24,6400.0,0.9124,2,3
0.0,6400,24,6400.0,0.9124,2,3
0.0,6400,24,6400.0,0.9124,1,2
0.0,6400,24,6400.0,0.9124,1,2
0.0,6400,24,-1.0,0.9124,0,0
0.0,6400,24,-1.0,0.9124,0,0
0.0,6400,24,-1.0,0.9124,0,0
0.0,6400,24,-1.0,0.9124,0,0
0.0,6400,24,-1.0,0.9124,0,0
0.0,6400,24,-1.0,0.33792,0,0
0.0,6400,24,-1.0,0.88913,0,0
0.0,6400,24,-1.0,0.88913,0,0
0.0,6400,24,-1.0,0.88913,0,0
0.0,6400,24,-1.0,0.88913,0,0
0.0,6400,24,-1.0,0.88913,0,0
0.0,6400,24,-1.0,0.88913,0,0
0.0,6400,24,-1.0,0.88913,0,0
0.0,6400,24,-1.0,0.88913,0,0
0.0,6400,24,-1.0,0.88913,0,0
0.0,6400,23,6400.0,0.91234,2,3
0.0,6400,23,6400.0,0.9124,2,3
0.0,6400,23,6400.0,0.9124,2,3
0.0,6400,23,6400.0,0.91235,2,3
0.0,6400,23,6400.0,0.91236,1,2
0.0,6400,23,6400.0,0.9124,1,2
0.0,6400,23,6400.0,0.9124,1,2
0.0,6400,23,6400.0,0.91235,1,2
0.0,6400,23,6400.0,0.9124,1,2
0.0,6400,23,-1.0,0.91235,0,0
0.0,6400,23,-1.0,0.9124,0,0
0.0,6400,23,-1.0,0.9124,0,0
0.0,6400,23,-1.0,0.91235,0,0
0.0,6400,23,-1.0,0.91235,0,0
0.0,6400,23,-1.0,0.9124,0,0
0.0,6400,23,-1.0,0.9124,0,0
0.0,6400,23,-1.0,0.91231,0,0
0.0,6400,23,-1.0,0.9124,0,0
0.0,6400,23,-1.0,0.8891,0,0
0.0,6400,23,-1.0,0.88913,0,0
0.0,6400,23,-1.0,0.88913,0,0
0.0,6400,23,-1.0,0.88908,0,0
0.0,6400,23,-1.0,0.88909,0,0
0.0,6400,23,-1.0,0.88913,0,0
0.0,6400,23,-1.0,0.88913,0,0
0.0,6400,23,-1.0,0.88909,0,0
0.0,6400,23,-1.0,0.88913,0,0
0.0,6400,23,-1.0,0.88907,0,0
0.0,6400,23,-1.0,0.88913,0,0
0.0,6400,23,-1.0,0.88913,0,0
0.0,6400,23,-1.0,0.88908,0,0
0.0,6400,23,-1.0,0.8891,0,0
0.0,6400,23,-1.0,0.88913,0,0
0.0,6400,23,-1.0,0.88913,0,0
0.0,6400,23,-1.0,0.88907,0,0
0.0,6400,23,-1.0,0.88913,0,0
0.05,3200,5,3153.0,0.0,5,6
0.05,3200,5,3305.0,0.0,5,6
0.05,3200,5,3110.0,0.0,5,6
0.05,3200,5,3498.0,0.0,5,6
0.05,3200,5,3144.0,0.0,5,6
0.05,3200,5,3280.0,0.0,5,6
0.05,3200,5,3163.0,0.0,5,6
0.05,3200,5,3083.0,0.0,5,6
0.05,3200,5,3309.0,0.0,5,6
0.05,3200,5,3188.0,0.0,5,6
0.05,3200,5,3373.0,0.0,5,6
0.05,3200,5,3050.0,0.0,2,3
0.05,3200,5,-1.0,0.0,0,0
0.05,3200,5,-1.0,0.0,0,0
0.05,3200,5,-1.0,0.0,0,0
0.05,3200,5,-1.0,0.0,0,0
0.05,3200,5,-1.0,0.0,0,0
0.05,3200,5,-1.0,0.0,0,0
0.05,3200,5,-1.0,0.0,0,0
0.05,3200,3,3502.0,0.99999,4,5
0.05,3200,3,3479.0,0.64257,4,5
0.05,3200,3,3343.0,0.40398,3,4
0.05,3200,3,3237.0,0.64257,3,4
0.05,3200,3,3206.0,0.9124,2,3
0.05,3200,3,3338.0,0.72321,2,3
0.05,3200,3,3381.0,0.99997,1,2
0.05,3200,3,3606.0,0.99998,1,2
0.05,3200,3,3266.0,0.88688,1,2
0.05,3200,3,2994.0,0.93216,1,2
0.05,3200,3,3287.0,0.87146,1,2
0.05,3200,3,3132.0,0.68546,1,2
0.05,3200,3,3225.0,0.68546,1,2
0.05,3200,3,3162.0,0.83401,1,2
0.05,3200,3,3285.0,0.40398,1,2
0.05,3200,3,2963.0,0.78565,1,2
0.05,3200,3,-1.0,0.68546,0,0
0.05,3200,3,-1.0,0.93216,0,0
0.05,3200,3,-1.0,0.9685,0,0
0.05,3200,3,-1.0,0.87145,0,0
0.05,3200,3,-1.0,0.68546,0,0
0.05,3200,3,-1.0,0.85392,0,0
0.05,3200,3,-1.0,0.83401,0,0
0.05,3200,3,-1.0,0.7232,0,0
0.05,3200,3,-1.0,0.53844,0,0
0.05,3200,3,-1.0,0.59383,0,0
0.05,3200,3,-1.0,0.7232,0,0
0.05,3200,3,-1.0,0.23231,0,0
0.05,3200,3,-1.0,0.75642,0,0
0.05,3200,3,-1.0,0.68546,0,0
0.05,3200,3,-1.0,0.53843,0,0
0.05,3200,3,-1.0,0.53843,0,0
0.05,3200,3,-1.0,0.96013,0,0
0.05,3200,3,-1.0,0.1428,0,0
0.05,3200,3,-1.0,0.1428,0,0
0.05,3200,3,-1.0,0.0,0,0
0.05,3200,8,3312.0,0.85393,5,6
0.05,3200,8,3309.0,0.98713,5,6
0.05,3200,8,3405.0,0.9756,4,5
0.05,3200,8,3281.0,0.81137,4,5
0.05,3200,8,3041.0,0.99593,3,4
0.05,3200,8,3143.0,0.81137,3,4
0.05,3200,8,3155.0,0.95377,3,4
0.05,3200,8,3165.0,0.68546,3,4
0.05,3200,8,3598.0,0.93216,2,3
0.05,3200,8,3258.0,0.99003,2,3
0.05,3200,8,3158.0,0.9124,2,3
0.05,3200,8,2996.0,0.95377,2,3
0.05,3200,8,3374.0,0.83401,2,3
0.05,3200,8,3267.0,0.87146,2,3
0.05,3200,8,3072.0,0.4755,2,3
0.05,3200,8,3379.0,0.53844,2,3
0.05,3200,8,3188.0,0.98537,1,2
0.05,3200,8,3140.0,0.99003,1,2
0.05,3200,8,3299.0,0.99123,1,2
0.05,3200,8,3125.0,0.98537,1,2
0.05,3200,8,3192.0,0.98713,1,2
0.05,3200,8,3202.0,0.92291,1,2
0.05,3200,8,3365.0,0.85393,1,2
0.05,3200,8,2991.0,0.95932,1,2
0.05,3200,8,3405.0,0.81137,1,2
0.05,3200,8,3189.0,0.9124,1,2
0.05,3200,8,3085.0,0.92291,1,2
0.05,3200,8,3221.0,0.85393,1,2
0.05,3200,8,3286.0,0.64257,1,2
0.05,3200,8,3283.0,0.64257,1,2
0.05,3200,8,3317.0,0.4755,1,2
0.05,3200,8,3008.0,0.78565,1,2
0.05,3200,8,-1.0,0.99996,0,0
0.05,3200,8,-1.0,0.99484,0,0
0.05,3200,8,-1.0,0.33618,0,0
0.05,3200,8,-1.0,0.33618,0,0
0.05,3200,8,-1.0,0.24566,0,0
0.05,3200,11,3175.0,0.83401,5,6
0.05,3200,11,3104.0,0.9685,4,5
0.05,3200,11,3247.0,0.98713,3,4
0.05,3200,11,3165.0,0.78565,3,4
0.05,3200,11,3209.0,0.95377,2,3
0.05,3200,11,3411.0,0.88688,2,3
0.05,3200,11,3216.0,0.95377,2,3
0.05,3200,11,3160.0,0.83401,2,3
0.05,3200,11,3101.0,0.95932,1,2
0.05,3200,11,3249.0,0.93216,1,2
0.05,3200,11,3183.0,0.9124,1,2
0.05,3200,11,3075.0,0.9642,1,2
0.05,3200,11,3180.0,0.94747,1,2
0.05,3200,11,3071.0,0.92291,1,2
0.05,3200,11,3000.0,0.93216,1,2
0.05,3200,11,3276.0,0.83401,1,2
0.05,3200,11,-1.0,0.99003,0,0
0.05,3200,11,-1.0,0.92291,0,0
0.05,3200,11,-1.0,0.9642,0,0
0.05,3200,11,-1.0,0.9685,0,0
0.05,3200,11,-1.0,0.93216,0,0
0.05,3200,11,-1.0,0.97228,0,0
0.05,3200,11,-1.0,0.95377,0,0
0.05,3200,11,-1.0,0.93216,0,0
0.05,3200,11,-1.0,0.97228,0,0
0.05,3200,11,-1.0,0.95377,0,0
0.05,3200,11,-1.0,0.88688,0,0
0.05,3200,11,-1.0,0.90045,0,0
0.05,3200,11,-1.0,0.81137,0,0
0.05,3200,11,-1.0,0.81137,0,0
0.05,3200,11,-1.0,0.75642,0,0
0.05,3200,11,-1.0,0.75642,0,0
0.05,3200,11,-1.0,0.98566,0,0
0.05,3200,10,3018.0,0.9403,5,6
0.05,3200,10,3245.0,0.4755,5,6
0.05,3200,10,3120.0,0.9685,4,5
0.05,3200,10,3018.0,0.97228,4,5
0.05,3200,10,3206.0,0.23231,3,4
0.05,3200,10,3104.0,0.95377,3,4
0.05,3200,10,3029.0,0.26398,3,4
0.05,3200,10,3017.0,0.90045,3,4
0.05,3200,10,3282.0,0.9403,2,3
0.05,3200,10,3095.0,0.94747,2,3
0.05,3200,10,3112.0,0.90045,2,3
0.05,3200,10,3026.0,0.92291,2,3
0.05,3200,10,3269.0,0.9124,2,3
0.05,3200,10,3264.0,0.75642,2,3
0.05,3200,10,3058.0,0.90045,2,3
0.05,3200,10,3228.0,0.7232,2,3
0.05,3200,10,3189.0,0.9642,1,2
0.05,3200,10,3280.0,0.9403,1,2
0.05,3200,10,3695.0,0.23232,1,2
0.05,3200,10,3016.0,0.9642,1,2
0.05,3200,10,3321.0,0.87146,1,2
0.05,3200,10,3072.0,0.97228,1,2
0.05,3200,10,3143.0,0.93216,1,2
0.05,3200,10,3507.0,0.40398,1,2
0.05,3200,10,2873.0,0.95932,1,2
0.05,3200,10,3097.0,0.92291,1,2
0.05,3200,10,3019.0,0.94747,1,2
0.05,3200,10,3142.0,0.88688,1,2
0.05,3200,10,3051.0,0.81137,1,2
0.05,3200,10,2928.0,0.81137,1,2
0.05,3200,10,3260.0,0.4755,1,2
0.05,3200,10,3103.0,0.59383,1,2
0.05,3200,10,-1.0,0.99996,0,0
0.05,3200,10,-1.0,0.23229,0,0
0.05,3200,10,-1.0,0.24566,0,0
0.05,3200,10,-1.0,0.24566,0,0
0.05,3200,10,-1.0,0.1428,0,0
0.05,3200,10,-1.0,0.0,0,0
0.05,3200,10,-1.0,0.0,0,0
0.05,3200,10,-1.0,0.0,0,0
0.05,3200,10,-1.0,0.0,0,0
0.05,3200,0,3114.0,0.95377,5,6
0.05,3200,0,2986.0,0.9403,5,6
0.05,3200,0,3263.0,0.9228,5,6
0.05,3200,0,3113.0,0.88688,5,6
0.05,3200,0,3248.0,0.9911,4,5
0.05,3200,0,3258.0,0.94747,4,5
0.05,3200,0,3284.0,0.53844,4,5
0.05,3200,0,3152.0,0.98337,4,5
0.05,3200,0,3123.0,0.97537,3,4
0.05,3200,0,3514.0,0.85376,3,4
0.05,3200,0,3311.0,0.94747,3,4
0.05,3200,0,3161.0,0.88688,3,4
0.05,3200,0,3408.0,0.87146,3,4
0.05,3200,0,3030.0,0.97853,3,4
0.05,3200,0,3156.0,0.64257,3,4
0.05,3200,0,3012.0,0.75642,3,4
0.05,3200,0,3334.0,0.93201,2,3
0.05,3200,0,3079.0,0.98841,2,3
0.05,3200,0,3212.0,0.93197,2,3
0.05,3200,0,3212.0,0.87146,2,3
0.05,3200,0,3161.0,0.9756,2,3
0.05,3200,0,3346.0,0.92291,2,3
0.05,3200,0,3355.0,0.87143,2,3
0.05,3200,0,3040.0,0.93216,2,3
0.05,3200,0,3462.0,0.78565,2,3
0.05,3200,0,3325.0,0.78565,2,3
0.05,3200,0,3276.0,0.94747,2,3
0.05,3200,0,3122.0,0.9124,2,3
0.05,3200,0,3128.0,0.85393,2,3
0.05,3200,0,3651.0,0.99995,1,2
0.05,3200,0,3331.0,0.85393,2,3
0.05,3200,0,3200.0,0.83401,2,3
0.05,3200,0,3202.0,0.75642,1,2
0.05,3200,0,-1.0,0.99373,0,0
0.05,3200,0,-1.0,0.99993,0,0
0.05,3200,0,-1.0,0.33618,0,0
0.05,3200,9,3240.0,0.99998,4,5
0.05,3200,9,3095.0,0.4755,5,6
0.05,3200,9,3238.0,0.97853,5,6
0.05,3200,9,3248.0,0.99995,3,4
0.05,3200,9,3050.0,0.4755,4,5
0.05,3200,9,3152.0,0.88688,4,5
0.05,3200,9,3115.0,0.95932,3,4
0.05,3200,9,2971.0,0.834,3,4
0.05,3200,9,3374.0,0.9124,3,4
0.05,3200,9,3016.0,0.53844,3,4
0.05,3200,9,3159.0,0.83401,3,4
0.05,3200,9,3234.0,0.88688,3,4
0.05,3200,9,2859.0,0.9685,2,3
0.05,3200,9,3068.0,0.64257,2,3
0.05,3200,9,2959.0,0.98337,2,3
0.05,3200,9,3257.0,0.78565,2,3
0.05,3200,9,3246.0,0.40398,2,3
0.05,3200,9,3342.0,0.53844,2,3
0.05,3200,9,3214.0,0.7232,2,3
0.05,3200,9,3169.0,0.40398,2,3
0.05,3200,9,3408.0,0.64257,2,3
0.05,3200,9,3180.0,0.99996,1,2
0.05,3200,9,3222.0,0.4755,2,3
0.05,3200,9,3209.0,0.99996,1,2
0.05,3200,9,3258.0,0.92291,1,2
0.05,3200,9,3319.0,0.81137,1,2
0.05,3200,9,3005.0,0.97853,1,2
0.05,3200,9,3129.0,0.9124,1,2
0.05,3200,9,2982.0,0.94747,1,2
0.05,3200,9,3185.0,0.88688,1,2
0.05,3200,9,3267.0,0.88688,1,2
0.05,3200,9,3411.0,0.81137,1,2
0.05,3200,9,-1.0,0.98111,0,0
0.05,3200,9,-1.0,0.33618,0,0
0.05,3200,9,-1.0,0.24566,0,0
0.05,3200,9,-1.0,0.24566,0,0
0.05,3200,9,-1.0,0.1428,0,0
0.05,3200,9,-1.0,0.1428,0,0
0.05,3200,4,3298.0,0.95327,5,6
0.05,3200,4,3308.0,0.78565,5,6
0.05,3200,4,3482.0,0.72321,5,6
0.05,3200,4,3067.0,0.98693,4,5
0.05,3200,4,3491.0,0.99998,3,4
0.05,3200,4,2856.0,0.99641,4,5
0.05,3200,4,3176.0,0.9124,3,4
0.05,3200,4,3013.0,0.97202,3,4
0.05,3200,4,3079.0,0.98111,3,4
0.05,3200,4,3212.0,0.92258,3,4
0.05,3200,4,3179.0,0.9403,3,4
0.05,3200,4,2959.0,0.98337,3,4
0.05,3200,4,3477.0,0.81137,3,4
0.05,3200,4,3442.0,0.9124,2,3
0.05,3200,4,3167.0,0.99213,2,3
0.05,3200,4,3055.0,0.99228,2,3
0.05,3200,4,3100.0,0.97532,2,3
0.05,3200,4,3215.0,0.91212,2,3
0.05,3200,4,3357.0,0.83374,2,3
0.05,3200,4,3418.0,0.90046,2,3
0.05,3200,4,3268.0,0.64257,2,3
0.05,3200,4,3020.0,0.81137,2,3
0.05,3200,4,3226.0,0.83401,2,3
0.05,3200,4,3140.0,0.9685,2,3
0.05,3200,4,3239.0,0.88688,2,3
0.05,3200,4,3137.0,0.88688,2,3
0.05,3200,4,3274.0,0.97853,1,2
0.05,3200,4,3095.0,0.99226,1,2
0.05,3200,4,2883.0,0.81137,1,2
0.05,3200,4,3148.0,0.59383,1,2
0.05,3200,4,3347.0,0.4755,1,2
0.05,3200,4,2935.0,0.92291,1,2
0.05,3200,4,3175.0,0.53844,1,2
0.05,3200,4,-1.0,0.99546,0,0
0.05,3200,4,-1.0,0.33618,0,0
0.05,3200,4,-1.0,0.33618,0,0
0.05,3200,7,3180.0,0.53844,5,6
0.05,3200,7,3090.0,0.32269,5,6
0.05,3200,7,3201.0,0.78555,5,6
0.05,3200,7,2998.0,0.98867,5,6
0.05,3200,7,2941.0,0.9403,4,5
0.05,3200,7,3180.0,0.47548,4,5
0.05,3200,7,3113.0,0.88685,4,5
0.05,3200,7,3168.0,0.29999,4,5
0.05,3200,7,3335.0,0.93216,3,4
0.05,3200,7,3271.0,0.97853,3,4
0.05,3200,7,3283.0,0.99995,2,3
0.05,3200,7,3415.0,0.6854,3,4
0.05,3200,7,3248.0,0.7232,3,4
0.05,3200,7,3365.0,0.64253,3,4
0.05,3200,7,3133.0,0.99985,2,3
0.05,3200,7,2986.0,0.47549,3,4
0.05,3200,7,2843.0,0.97853,2,3
0.05,3200,7,3532.0,0.9124,2,3
0.05,3200,7,3223.0,0.95932,2,3
0.05,3200,7,3251.0,0.9685,2,3
0.05,3200,7,3193.0,0.94028,2,3
0.05,3200,7,3117.0,0.87132,2,3
0.05,3200,7,3061.0,0.94727,2,3
0.05,3200,7,3008.0,0.81135,2,3
0.05,3200,7,3342.0,0.4755,2,3
0.05,3200,7,3303.0,0.29996,2,3
0.05,3200,7,3369.0,0.3227,2,3
0.05,3200,7,3420.0,0.87143,2,3
0.05,3200,7,3208.0,0.92289,2,3
0.05,3200,7,3114.0,0.47546,2,3
0.05,3200,7,3174.0,0.4755,2,3
0.05,3200,7,3220.0,0.3227,2,3
0.05,3200,7,-1.0,0.98371,0,0
0.05,3200,7,-1.0,0.24564,0,0
0.05,3200,7,-1.0,0.24566,0,0
0.05,3200,7,-1.0,0.24565,0,0
0.05,3200,7,-1.0,0.1428,0,0
0.05,3200,7,-1.0,0.06,0,0
0.05,3200,7,-1.0,0.06,0,0
0.05,3200,7,-1.0,0.0,0,0
0.05,3200,7,-1.0,0.0,0,0
0.05,3200,6,3117.0,0.85393,5,6
0.05,3200,6,3073.0,0.87145,5,6
0.05,3200,6,3412.0,0.83394,5,6
0.05,3200,6,3599.0,0.99976,4,5
0.05,3200,6,3304.0,0.83395,4,5
0.05,3200,6,3424.0,0.93216,4,5
0.05,3200,6,3183.0,0.99997,3,4
0.05,3200,6,3035.0,0.88688,4,5
0.05,3200,6,3252.0,0.94023,3,4
0.05,3200,6,3081.0,0.85388,3,4
0.05,3200,6,3083.0,0.9124,3,4
0.05,3200,6,3197.0,0.9403,3,4
0.05,3200,6,3096.0,0.87145,3,4
0.05,3200,6,3065.0,0.78565,3,4
0.05,3200,6,3309.0,0.75642,3,4
0.05,3200,6,3068.0,0.99997,2,3
0.05,3200,6,3463.0,0.90035,2,3
0.05,3200,6,3166.0,0.98337,2,3
0.05,3200,6,3132.0,0.97556,2,3
0.05,3200,6,3407.0,0.94023,2,3
0.05,3200,6,3401.0,0.81137,2,3
0.05,3200,6,3269.0,0.78558,2,3
0.05,3200,6,3105.0,0.9124,2,3
0.05,3200,6,3230.0,0.95377,2,3
0.05,3200,6,3072.0,0.92291,2,3
0.05,3200,6,2988.0,0.68546,2,3
0.05,3200,6,3199.0,0.87146,2,3
0.05,3200,6,3202.0,0.3227,2,3
0.05,3200,6,2932.0,0.7232,2,3
0.05,3200,6,3165.0,0.68546,2,3
0.05,3200,6,3327.0,0.23231,2,3
0.05,3200,6,3113.0,0.99998,1,2
0.05,3200,6,-1.0,0.99989,0,0
0.05,3200,6,-1.0,0.99991,0,0
0.05,3200,6,-1.0,0.1428,0,0
0.05,3200,6,-1.0,0.0,0,0
0.05,3200,2,3195.0,0.97853,5,6
0.05,3200,2,3107.0,0.94747,5,6
0.05,3200,2,3356.0,0.81115,5,6
0.05,3200,2,3127.0,0.93209,5,6
0.05,3200,2,3339.0,0.72321,5,6
0.05,3200,2,3119.0,0.98713,4,5
0.05,3200,2,2938.0,0.95377,4,5
0.05,3200,2,3356.0,0.59383,4,5
0.05,3200,2,3189.0,0.92289,4,5
0.05,3200,2,3231.0,0.9004,4,5
0.05,3200,2,3383.0,0.9124,3,4
0.05,3200,2,3204.0,0.99641,3,4
0.05,3200,2,3267.0,0.93216,3,4
0.05,3200,2,3162.0,0.93216,3,4
0.05,3200,2,2962.0,0.94747,3,4
0.05,3200,2,3044.0,0.95373,3,4
0.05,3200,2,3377.0,0.94708,3,4
0.05,3200,2,2905.0,0.95932,3,4
0.05,3200,2,2874.0,0.90042,3,4
0.05,3200,2,3206.0,0.78561,3,4
0.05,3200,2,2906.0,0.98867,2,3
0.05,3200,2,3232.0,0.98713,2,3
0.05,3200,2,3275.0,0.9756,2,3
0.05,3200,2,3348.0,0.87146,2,3
0.05,3200,2,3116.0,0.9124,2,3
0.05,3200,2,3090.0,0.90045,2,3
0.05,3200,2,3136.0,0.91237,2,3
0.05,3200,2,3269.0,0.85393,2,3
0.05,3200,2,3113.0,0.92263,2,3
0.05,3200,2,3244.0,0.75642,2,3
0.05,3200,2,3076.0,0.9124,2,3
0.05,3200,2,3239.0,0.91235,2,3
0.05,3200,2,2939.0,0.95932,2,3
0.05,3200,2,3206.0,0.91236,2,3
0.05,3200,1,2865.0,0.99593,5,6
0.05,3200,1,3062.0,0.85392,5,6
0.05,3200,1,3453.0,0.31732,5,6
0.05,3200,1,3133.0,0.81137,5,6
0.05,3200,1,3354.0,0.9403,5,6
0.05,3200,1,2998.0,0.95932,5,6
0.05,3200,1,3100.0,0.92291,4,5
0.05,3200,1,2997.0,0.94747,4,5
0.05,3200,1,2860.0,0.95377,4,5
0.05,3200,1,3124.0,0.71603,4,5
0.05,3200,1,3200.0,0.26443,4,5
0.05,3200,1,3208.0,0.64257,4,5
0.05,3200,1,3383.0,0.95377,3,4
0.05,3200,1,2978.0,0.92291,3,4
0.05,3200,1,3152.0,0.96198,3,4
0.05,3200,1,2989.0,0.98712,3,4
0.05,3200,1,3027.0,0.9642,3,4
0.05,3200,1,3335.0,0.9403,3,4
0.05,3200,1,3270.0,0.72321,3,4
0.05,3200,1,3303.0,0.81137,3,4
0.05,3200,1,3400.0,0.7866,3,4
0.05,3200,1,2893.0,0.90045,3,4
0.05,3200,1,3320.0,0.99995,2,3
0.05,3200,1,3415.0,0.9685,2,3
0.05,3200,1,3143.0,0.91408,2,3
0.05,3200,1,3166.0,0.97228,2,3
0.05,3200,1,2987.0,0.9756,2,3
0.05,3200,1,3106.0,0.9685,2,3
0.05,3200,1,2885.0,0.97228,2,3
0.05,3200,1,2996.0,0.87145,2,3
0.05,3200,1,3617.0,0.78565,2,3
0.05,3200,1,3079.0,0.93216,2,3
0.05,3200,1,3182.0,0.99474,1,2
0.05,3200,1,3193.0,0.3227,1,2
0.05,3200,1,3394.0,0.23231,1,2
0.05,3200,1,-1.0,0.05896,0,0
0.05,3200,1,-1.0,0.06,0,0
0.05,3200,1,-1.0,0.0,0,0
0.05,3200,1,-1.0,0.0,0,0
0.05,3200,15,3478.0,0.0,5,6
0.05,3200,15,3330.0,0.0,5,6
0.05,3200,15,3278.0,0.0,5,6
0.05,3200,15,3069.0,0.0,5,6
0.05,3200,15,3099.0,0.0,5,6
0.05,3200,15,3204.0,0.0,5,6
0.05,3200,15,3450.0,0.0,2,3
0.05,3200,15,3226.0,0.0,2,3
0.05,3200,15,3082.0,0.0,1,2
0.05,3200,15,3138.0,0.0,1,2
0.05,3200,15,-1.0,0.0,0,0
0.05,3200,15,-1.0,0.0,0,0
0.05,3200,15,-1.0,0.0,0,0
0.05,3200,15,-1.0,0.0,0,0
0.05,3200,15,-1.0,0.0,0,0
0.05,3200,15,-1.0,0.0,0,0
0.05,3200,15,-1.0,0.0,0,0
0.05,3200,15,-1.0,0.0,0,0
0.05,3200,12,3444.0,0.32271,5,6
0.05,3200,12,3067.0,0.87891,5,6
0.05,3200,12,3049.0,0.99003,5,6
0.05,3200,12,3212.0,0.94513,5,6
0.05,3200,12,3200.0,0.83401,5,6
0.05,3200,12,3188.0,0.68544,5,6
0.05,3200,12,3161.0,0.9642,4,5
0.05,3200,12,3154.0,0.85386,4,5
0.05,3200,12,3374.0,0.88936,4,5
0.05,3200,12,3055.0,0.89225,4,5
0.05,3200,12,3234.0,0.3227,4,5
0.05,3200,12,3110.0,0.94747,4,5
0.05,3200,12,3312.0,0.88688,3,4
0.05,3200,12,3246.0,0.58719,3,4
0.05,3200,12,3389.0,0.5327,3,4
0.05,3200,12,3309.0,0.5384,3,4
0.05,3200,12,3175.0,0.9403,3,4
0.05,3200,12,3229.0,0.95604,3,4
0.05,3200,12,3655.0,0.26443,3,4
0.05,3200,12,3178.0,0.9403,3,4
0.05,3200,12,2930.0,0.94747,3,4
0.05,3200,12,3203.0,0.90045,3,4
0.05,3200,12,3155.0,0.53339,3,4
0.05,3200,12,2984.0,0.68546,3,4
0.05,3200,12,3246.0,0.94747,2,3
0.05,3200,12,3176.0,0.90045,2,3
0.05,3200,12,3037.0,0.92291,2,3
0.05,3200,12,3263.0,0.94548,2,3
0.05,3200,12,3227.0,0.84309,2,3
0.05,3200,12,3527.0,0.78565,2,3
0.05,3200,12,3224.0,0.26124,2,3
0.05,3200,12,3184.0,0.7232,2,3
0.05,3200,12,-1.0,0.9642,0,0
0.05,3200,12,-1.0,0.98566,0,0
0.05,3200,12,-1.0,0.06,0,0
0.05,3200,12,-1.0,0.06,0,0
0.05,3200,12,-1.0,0.0,0,0
0.05,3200,12,-1.0,0.0,0,0
0.05,3200,13,3282.0,0.9403,5,6
0.05,3200,13,3111.0,0.9756,5,6
0.05,3200,13,2992.0,0.99003,5,6
0.05,3200,13,3192.0,0.9642,5,6
0.05,3200,13,3345.0,0.97853,4,5
0.05,3200,13,3472.0,0.53844,4,5
0.05,3200,13,3116.0,0.9124,4,5
0.05,3200,13,3426.0,0.78565,4,5
0.05,3200,13,3057.0,0.97853,3,4
0.05,3200,13,3063.0,0.99402,3,4
0.05,3200,13,3159.0,0.88688,3,4
0.05,3200,13,3459.0,0.85393,3,4
0.05,3200,13,3201.0,0.95377,3,4
0.05,3200,13,3161.0,0.81137,3,4
0.05,3200,13,2877.0,0.834,3,4
0.05,3200,13,3207.0,0.87146,3,4
0.05,3200,13,3359.0,0.97853,2,3
0.05,3200,13,3257.0,0.9756,2,3
0.05,3200,13,3254.0,0.95932,2,3
0.05,3200,13,3020.0,0.98337,2,3
0.05,3200,13,3143.0,0.99321,2,3
0.05,3200,13,3176.0,0.93216,2,3
0.05,3200,13,3222.0,0.9403,2,3
0.05,3200,13,3229.0,0.93216,2,3
0.05,3200,13,2918.0,0.85392,2,3
0.05,3200,13,2885.0,0.95377,2,3
0.05,3200,13,3229.0,0.9124,2,3
0.05,3200,13,3027.0,0.9685,2,3
0.05,3200,13,3179.0,0.3227,2,3
0.05,3200,13,3284.0,0.90046,2,3
0.05,3200,13,3291.0,0.53844,2,3
0.05,3200,13,3231.0,0.99999,1,2
0.05,3200,13,2915.0,0.99811,1,2
0.05,3200,13,-1.0,0.98867,0,0
0.05,3200,13,-1.0,0.41584,0,0
0.05,3200,13,-1.0,0.41584,0,0
0.05,3200,13,-1.0,0.1428,0,0
0.05,3200,14,3202.0,0.9685,5,6
0.05,3200,14,3210.0,0.9403,5,6
0.05,3200,14,3034.0,0.95377,5,6
0.05,3200,14,3080.0,0.90045,4,5
0.05,3200,14,3226.0,0.98111,4,5
0.05,3200,14,3204.0,0.9685,4,5
0.05,3200,14,3170.0,0.90045,3,4
0.05,3200,14,3257.0,0.90045,3,4
0.05,3200,14,3334.0,0.92291,3,4
0.05,3200,14,3585.0,0.68546,3,4
0.05,3200,14,3201.0,0.9642,3,4
0.05,3200,14,3224.0,0.53844,3,4
0.05,3200,14,3281.0,0.68546,2,3
0.05,3200,14,3445.0,0.9403,2,3
0.05,3200,14,3566.0,0.81137,2,3
0.05,3200,14,3114.0,0.9685,2,3
0.05,3200,14,3111.0,0.94747,2,3
0.05,3200,14,3220.0,0.92291,2,3
0.05,3200,14,3203.0,0.59383,2,3
0.05,3200,14,2971.0,0.97853,2,3
0.05,3200,14,3374.0,0.92291,2,3
0.05,3200,14,3284.0,0.72321,2,3
0.05,3200,14,3502.0,0.4755,2,3
0.05,3200,14,3363.0,0.9124,2,3
0.05,3200,14,3406.0,0.95932,1,2
0.05,3200,14,3201.0,0.95932,1,2
0.05,3200,14,3615.0,0.90046,1,2
0.05,3200,14,3021.0,0.9685,1,2
0.05,3200,14,3150.0,0.9642,1,2
0.05,3200,14,3109.0,0.9756,1,2
0.05,3200,14,3144.0,0.9756,1,2
0.05,3200,14,3564.0,0.75642,1,2
0.05,3200,14,3269.0,0.59383,1,2
0.05,3200,14,3203.0,0.29999,1,2
0.05,3200,14,-1.0,0.24566,0,0
0.05,3200,14,-1.0,0.0,0,0
0.05,3200,16,3025.0,0.93216,5,6
0.05,3200,16,3039.0,0.9685,5,6
0.05,3200,16,3325.0,0.98537,4,5
0.05,3200,16,3422.0,0.75642,4,5
0.05,3200,16,2968.0,0.98111,3,4
0.05,3200,16,3142.0,0.97853,3,4
0.05,3200,16,3195.0,0.94747,3,4
0.05,3200,16,2996.0,0.9403,3,4
0.05,3200,16,3213.0,0.95377,2,3
0.05,3200,16,2912.0,0.9642,2,3
0.05,3200,16,3540.0,0.90046,2,3
0.05,3200,16,3216.0,0.9403,2,3
0.05,3200,16,3224.0,0.9685,2,3
0.05,3200,16,3346.0,0.75642,2,3
0.05,3200,16,2948.0,0.90045,2,3
0.05,3200,16,3277.0,0.59383,2,3
0.05,3200,16,3195.0,0.98867,1,2
0.05,3200,16,3249.0,0.93216,1,2
0.05,3200,16,3312.0,0.94747,1,2
0.05,3200,16,3204.0,0.98111,1,2
0.05,3200,16,3258.0,0.94747,1,2
0.05,3200,16,3206.0,0.97228,1,2
0.05,3200,16,3123.0,0.9685,1,2
0.05,3200,16,2907.0,0.99003,1,2
0.05,3200,16,3233.0,0.94747,1,2
0.05,3200,16,3277.0,0.9403,1,2
0.05,3200,16,3178.0,0.87145,1,2
0.05,3200,16,3151.0,0.87145,1,2
0.05,3200,16,3203.0,0.87146,1,2
0.05,3200,16,2870.0,0.85392,1,2
0.05,3200,16,3099.0,0.68546,1,2
0.05,3200,16,3457.0,0.26444,1,2
0.05,3200,16,-1.0,0.41584,0,0
0.05,3200,16,-1.0,0.06,0,0
0.05,6400,0,6383.0,0.95377,2,3
0.05,6400,0,6784.0,0.40398,2,3
0.05,6400,0,6779.0,0.83385,2,3
0.05,6400,0,6469.0,0.75642,2,3
0.05,6400,0,6284.0,0.97838,1,2
0.05,6400,0,6304.0,0.9403,1,2
0.05,6400,0,6156.0,0.93216,1,2
0.05,6400,0,-1.0,1.0,0,0
0.05,6400,0,-1.0,0.96403,0,0
0.05,6400,0,-1.0,0.90034,0,0
0.05,6400,0,-1.0,0.78565,0,0
0.05,6400,0,-1.0,0.47551,0,0
0.05,6400,0,-1.0,0.92291,0,0
0.05,6400,0,-1.0,1.0,0,0
0.05,6400,0,-1.0,0.78565,0,0
0.05,6400,0,-1.0,1.0,0,0
0.05,6400,0,-1.0,0.96893,0,0
0.05,6400,0,-1.0,0.95453,0,0
0.05,6400,0,-1.0,0.93351,0,0
0.05,6400,0,-1.0,0.92445,0,0
0.05,6400,0,-1.0,0.90244,0,0
0.05,6400,0,-1.0,0.88913,0,0
0.05,6400,0,-1.0,0.85668,0,0
0.05,6400,0,-1.0,0.76101,0,0
0.05,6400,0,-1.0,0.72871,0,0
0.05,6400,0,-1.0,0.69172,0,0
0.05,6400,0,-1.0,0.64968,0,0
0.05,6400,0,-1.0,0.24566,0,0
0.05,6400,0,-1.0,0.1428,0,0
0.05,3200,17,3123.0,0.98109,5,6
0.05,3200,17,3259.0,0.90046,5,6
0.05,3200,17,2937.0,0.98337,4,5
0.05,3200,17,3075.0,0.92289,4,5
0.05,3200,17,3121.0,0.9229,3,4
0.05,3200,17,3180.0,0.9685,3,4
0.05,3200,17,3115.0,0.94747,3,4
0.05,3200,17,3064.0,0.9871,3,4
0.05,3200,17,3267.0,0.96418,2,3
0.05,3200,17,3346.0,0.9593,2,3
0.05,3200,17,3131.0,0.9229,2,3
0.05,3200,17,3247.0,0.97853,2,3
0.05,3200,17,3447.0,0.93214,2,3
0.05,3200,17,3282.0,0.9124,2,3
0.05,3200,17,3255.0,0.97228,2,3
0.05,3200,17,3031.0,0.94747,2,3
0.05,3200,17,3440.0,0.90043,1,2
0.05,3200,17,3253.0,0.9593,1,2
0.05,3200,17,3251.0,0.98337,1,2
0.05,3200,17,3118.0,0.98337,1,2
0.05,3200,17,3019.0,0.98109,1,2
0.05,3200,17,3136.0,0.98337,1,2
0.05,3200,17,3144.0,0.99002,1,2
0.05,3200,17,3089.0,0.9811,1,2
0.05,3200,17,3186.0,0.9642,1,2
0.05,3200,17,3092.0,0.97559,1,2
0.05,3200,17,3282.0,0.94745,1,2
0.05,3200,17,3077.0,0.9642,1,2
0.05,3200,17,3430.0,0.87146,1,2
0.05,3200,17,3394.0,0.87146,1,2
0.05,3200,17,3285.0,0.81137,1,2
0.05,3200,17,3101.0,0.90024,1,2
0.05,3200,17,-1.0,0.72871,0,0
0.05,6400,1,6384.0,0.88688,2,3
0.05,6400,1,6762.0,0.26444,2,3
0.05,6400,1,6146.0,0.97011,2,3
0.05,6400,1,6469.0,0.59383,2,3
0.05,6400,1,6455.0,0.9642,2,3
0.05,6400,1,6572.0,0.9124,2,3
0.05,6400,1,6899.0,0.47551,1,2
0.05,6400,1,6754.0,0.68546,1,2
0.05,6400,1,-1.0,1.0,0,0
0.05,6400,1,6092.0,0.81137,1,2
0.05,6400,1,5813.0,0.83401,1,2
0.05,6400,1,-1.0,0.91615,0,0
0.05,6400,1,-1.0,0.87146,0,0
0.05,6400,1,-1.0,0.98337,0,0
0.05,6400,1,-1.0,0.75642,0,0
0.05,6400,1,-1.0,0.90046,0,0
0.05,6400,1,-1.0,1.0,0,0
0.05,6400,1,-1.0,0.78565,0,0
0.05,6400,1,-1.0,0.90046,0,0
0.05,6400,1,-1.0,1.0,0,0
0.05,6400,1,-1.0,1.0,0,0
0.05,6400,1,-1.0,0.99999,0,0
0.05,6400,1,-1.0,0.96983,0,0
0.05,6400,1,-1.0,0.97896,0,0
0.05,6400,1,-1.0,0.94906,0,0
0.05,6400,1,-1.0,0.94851,0,0
0.05,6400,1,-1.0,0.87401,0,0
0.05,6400,1,-1.0,0.87401,0,0
0.05,6400,1,-1.0,0.87401,0,0
0.05,6400,1,-1.0,0.83731,0,0
0.05,6400,1,-1.0,0.83731,0,0
0.05,6400,1,-1.0,0.76127,0,0
0.05,6400,1,-1.0,0.72871,0,0
0.05,6400,1,-1.0,0.69172,0,0
0.05,6400,1,-1.0,0.69172,0,0
0.05,6400,1,-1.0,0.41584,0,0
0.05,6400,1,-1.0,0.24566,0,0
0.05,6400,1,-1.0,0.0,0,0
0.05,3200,21,3193.0,0.85393,5,6
0.05,3200,21,3083.0,0.99998,3,4
0.05,3200,21,3267.0,0.64257,3,4
0.05,3200,21,3090.0,0.23231,3,4
0.05,3200,21,2853.0,0.9403,2,3
0.05,3200,21,3345.0,0.26399,2,3
0.05,3200,21,3269.0,0.83401,2,3
0.05,3200,21,3041.0,0.40397,2,3
0.05,3200,21,3274.0,0.85393,1,2
0.05,3200,21,3419.0,0.68546,1,2
0.05,3200,21,3191.0,0.78565,1,2
0.05,3200,21,3467.0,0.40398,1,2
0.05,3200,21,3510.0,0.23232,1,2
0.05,3200,21,3054.0,0.75642,1,2
0.05,3200,21,2942.0,0.75642,1,2
0.05,3200,21,3121.0,0.7232,1,2
0.05,3200,21,-1.0,0.87145,0,0
0.05,3200,21,-1.0,0.59383,0,0
0.05,3200,21,-1.0,0.88688,0,0
0.05,3200,21,-1.0,0.92291,0,0
0.05,3200,21,-1.0,0.64257,0,0
0.05,3200,21,-1.0,0.92291,0,0
0.05,3200,21,-1.0,0.68546,0,0
0.05,3200,21,-1.0,0.834,0,0
0.05,3200,21,-1.0,0.78565,0,0
0.05,3200,21,-1.0,0.53844,0,0
0.05,3200,21,-1.0,0.40398,0,0
0.05,3200,21,-1.0,0.75642,0,0
0.05,3200,21,-1.0,0.3227,0,0
0.05,3200,21,-1.0,0.68545,0,0
0.05,3200,21,-1.0,0.53843,0,0
0.05,3200,21,-1.0,0.99993,0,0
0.05,3200,21,-1.0,0.33618,0,0
0.05,3200,21,-1.0,0.24566,0,0
0.05,3200,21,-1.0,0.24566,0,0
0.05,3200,21,-1.0,0.24566,0,0
0.05,3200,21,-1.0,0.1428,0,0
0.05,3200,21,-1.0,0.0,0,0
0.05,3200,21,-1.0,0.0,0,0
0.05,3200,21,-1.0,0.0,0,0
0.05,6400,2,6107.0,0.9124,2,3
0.05,6400,2,5812.0,0.97228,2,3
0.05,6400,2,6245.0,0.85369,2,3
0.05,6400,2,6391.0,0.92291,2,3
0.05,6400,2,6491.0,0.75639,2,3
0.05,6400,2,6173.0,0.9403,2,3
0.05,6400,2,6293.0,0.98111,1,2
0.05,6400,2,6649.0,0.85393,1,2
0.05,6400,2,6538.0,0.88688,1,2
0.05,6400,2,6486.0,0.87146,1,2
0.05,6400,2,6726.0,0.23232,1,2
0.05,6400,2,5993.0,0.91232,1,2
0.05,6400,2,-1.0,0.9685,0,0
0.05,6400,2,-1.0,0.88688,0,0
0.05,6400,2,-1.0,0.87146,0,0
0.05,6400,2,-1.0,0.9403,0,0
0.05,6400,2,-1.0,0.72321,0,0
0.05,6400,2,-1.0,0.83401,0,0
0.05,6400,2,-1.0,0.83401,0,0
0.05,6400,2,-1.0,0.53843,0,0
0.05,6400,2,-1.0,0.95932,0,0
0.05,6400,2,-1.0,0.72319,0,0
0.05,6400,2,-1.0,0.32263,0,0
0.05,6400,2,-1.0,0.85391,0,0
0.05,6400,2,-1.0,0.97283,0,0
0.05,6400,2,-1.0,0.96013,0,0
0.05,6400,2,-1.0,0.96013,0,0
0.05,6400,2,-1.0,0.94851,0,0
0.05,6400,2,-1.0,0.92445,0,0
0.05,6400,2,-1.0,0.91414,0,0
0.05,6400,2,-1.0,0.33616,0,0
0.05,6400,2,-1.0,0.05999,0,0
0.05,6400,2,-1.0,0.0,0,0
0.05,3200,18,3169.0,0.97228,5,6
0.05,3200,18,3063.0,0.95932,5,6
0.05,3200,18,3104.0,0.95377,4,5
0.05,3200,18,2999.0,0.97228,4,5
0.05,3200,18,3248.0,0.9685,3,4
0.05,3200,18,3516.0,0.26444,3,4
0.05,3200,18,3150.0,0.9403,3,4
0.05,3200,18,3100.0,0.87145,3,4
0.05,3200,18,3358.0,0.97228,2,3
0.05,3200,18,3322.0,0.95377,2,3
0.05,3200,18,3176.0,0.9642,2,3
0.05,3200,18,3153.0,0.9403,2,3
0.05,3200,18,2898.0,0.9756,2,3
0.05,3200,18,3238.0,0.9642,2,3
0.05,3200,18,3204.0,0.9124,2,3
0.05,3200,18,3396.0,0.75642,2,3
0.05,3200,18,3803.0,0.81137,1,2
0.05,3200,18,3220.0,0.95932,1,2
0.05,3200,18,3179.0,0.95377,1,2
0.05,3200,18,3365.0,0.88688,1,2
0.05,3200,18,3175.0,0.95377,1,2
0.05,3200,18,3194.0,0.95377,1,2
0.05,3200,18,3077.0,0.9642,1,2
0.05,3200,18,3082.0,0.97228,1,2
0.05,3200,18,3268.0,0.9124,1,2
0.05,3200,18,3174.0,0.85393,1,2
0.05,3200,18,2876.0,0.9642,1,2
0.05,3200,18,3210.0,0.88688,1,2
0.05,3200,18,3352.0,0.85393,1,2
0.05,3200,18,3452.0,0.75642,1,2
0.05,3200,18,3119.0,0.90045,1,2
0.05,3200,18,3453.0,0.64257,1,2
0.05,3200,18,-1.0,0.59383,0,0
0.05,3200,18,-1.0,0.0,0,0
0.05,3200,20,3274.0,0.90046,5,6
0.05,3200,20,3136.0,0.99537,5,6
0.05,3200,20,2979.0,0.9685,4,5
0.05,3200,20,3155.0,0.92291,4,5
0.05,3200,20,2931.0,0.9685,3,4
0.05,3200,20,3214.0,0.93216,3,4
0.05,3200,20,3395.0,0.68546,3,4
0.05,3200,20,3123.0,0.9403,3,4
0.05,3200,20,3216.0,0.94747,2,3
0.05,3200,20,2929.0,0.94747,2,3
0.05,3200,20,3168.0,0.98713,2,3
0.05,3200,20,3061.0,0.98537,2,3
0.05,3200,20,3217.0,0.9403,2,3
0.05,3200,20,3462.0,0.85393,2,3
0.05,3200,20,3232.0,0.94747,2,3
0.05,3200,20,3135.0,0.78565,2,3
0.05,3200,20,3242.0,0.99003,1,2
0.05,3200,20,3158.0,0.98337,1,2
0.05,3200,20,3098.0,0.95932,1,2
0.05,3200,20,3215.0,0.92291,1,2
0.05,3200,20,3112.0,0.97853,1,2
0.05,3200,20,3223.0,0.97228,1,2
0.05,3200,20,3270.0,0.95377,1,2
0.05,3200,20,3109.0,0.94747,1,2
0.05,3200,20,3201.0,0.92291,1,2
0.05,3200,20,3235.0,0.90045,1,2
0.05,3200,20,3231.0,0.9124,1,2
0.05,3200,20,3163.0,0.94747,1,2
0.05,3200,20,3255.0,0.9124,1,2
0.05,3200,20,3215.0,0.92291,1,2
0.05,3200,20,2830.0,0.94747,1,2
0.05,3200,20,3558.0,0.264,1,2
0.05,3200,20,-1.0,0.99811,0,0
0.05,3200,20,-1.0,0.98713,0,0
0.05,3200,20,-1.0,0.0,0,0
0.05,6400,3,6809.0,0.0,2,3
0.05,6400,3,6103.0,0.92291,2,3
0.05,6400,3,7298.0,0.0,1,2
0.05,6400,3,6279.0,0.0,2,3
0.05,6400,3,6526.0,0.99003,1,2
0.05,6400,3,-1.0,0.0,0,0
0.05,6400,3,-1.0,0.99785,0,0
0.05,6400,3,-1.0,0.0,0,0
0.05,6400,3,-1.0,0.9642,0,0
0.05,6400,3,-1.0,0.0,0,0
0.05,6400,3,-1.0,0.0,0,0
0.05,6400,3,-1.0,0.99691,0,0
0.05,6400,3,-1.0,0.98566,0,0
0.05,6400,3,-1.0,0.95469,0,0
0.05,6400,3,-1.0,0.88913,0,0
0.05,6400,3,-1.0,0.0,0,0
0.05,3200,19,3431.0,0.40398,5,6
0.05,3200,19,3183.0,0.93216,5,6
0.05,3200,19,3338.0,0.95916,5,6
0.05,3200,19,3349.0,0.75636,5,6
0.05,3200,19,2975.0,0.99003,4,5
0.05,3200,19,2996.0,0.97228,4,5
0.05,3200,19,3372.0,0.85388,4,5
0.05,3200,19,3438.0,0.91224,4,5
0.05,3200,19,3312.0,0.95358,3,4
0.05,3200,19,3199.0,0.95932,3,4
0.05,3200,19,3394.0,0.40398,3,4
0.05,3200,19,3106.0,0.93216,3,4
0.05,3200,19,3221.0,0.93216,3,4
0.05,3200,19,3291.0,0.8538,3,4
0.05,3200,19,3169.0,0.68546,3,4
0.05,3200,19,2959.0,0.88683,3,4
0.05,3200,19,2980.0,0.99537,2,3
0.05,3200,19,3381.0,0.78552,2,3
0.05,3200,19,2947.0,0.98853,2,3
0.05,3200,19,3158.0,0.9832,2,3
0.05,3200,19,3064.0,0.97853,2,3
0.05,3200,19,3102.0,0.97228,2,3
0.05,3200,19,3557.0,0.53841,2,3
0.05,3200,19,3281.0,0.90046,2,3
0.05,3200,19,3101.0,0.98111,2,3
0.05,3200,19,3145.0,0.93216,2,3
0.05,3200,19,3168.0,0.78561,2,3
0.05,3200,19,2902.0,0.95932,2,3
0.05,3200,19,3165.0,0.64257,2,3
0.05,3200,19,3262.0,0.88684,2,3
0.05,3200,19,3380.0,0.83396,2,3
0.05,3200,19,3120.0,0.75642,2,3
0.05,3200,19,3262.0,0.98713,1,2
0.05,3200,19,-1.0,0.99334,0,0
0.05,3200,19,-1.0,0.1428,0,0
0.05,3200,19,-1.0,0.1428,0,0
0.05,6400,4,6757.0,0.83379,2,3
0.05,6400,4,6614.0,0.72321,2,3
0.05,6400,4,6567.0,0.68451,2,3
0.05,6400,4,6362.0,0.90046,2,3
0.05,6400,4,6038.0,0.95908,1,2
0.05,6400,4,6380.0,0.53642,1,2
0.05,6400,4,6916.0,0.95932,1,2
0.05,6400,4,6201.0,0.75642,1,2
0.05,6400,4,-1.0,0.39557,0,0
0.05,6400,4,-1.0,0.99756,0,0
0.05,6400,4,-1.0,0.48762,0,0
0.05,6400,4,-1.0,0.64378,0,0
0.05,6400,4,-1.0,0.92273,0,0
0.05,6400,4,-1.0,0.81137,0,0
0.05,6400,4,-1.0,0.85375,0,0
0.05,6400,4,-1.0,0.90046,0,0
0.05,6400,4,-1.0,0.23232,0,0
0.05,6400,4,-1.0,0.74945,0,0
0.05,6400,4,-1.0,0.99691,0,0
0.05,6400,4,-1.0,0.50915,0,0
0.05,6400,4,-1.0,0.81587,0,0
0.05,6400,4,-1.0,0.94149,0,0
0.05,6400,4,-1.0,0.94108,0,0
0.05,6400,4,-1.0,0.90212,0,0
0.05,6400,4,-1.0,0.85683,0,0
0.05,6400,4,-1.0,0.85683,0,0
0.05,6400,4,-1.0,0.81425,0,0
0.05,6400,4,-1.0,0.76118,0,0
0.05,6400,4,-1.0,0.72871,0,0
0.05,6400,4,-1.0,0.64968,0,0
0.05,6400,4,-1.0,0.60191,0,0
0.05,6400,4,-1.0,0.0,0,0
0.05,3200,24,3095.0,0.98111,5,6
0.05,3200,24,3194.0,0.9756,5,6
0.05,3200,24,3080.0,0.96845,5,6
0.05,3200,24,3394.0,0.83398,4,5
0.05,3200,24,3065.0,0.88688,4,5
0.05,3200,24,3068.0,0.88688,4,5
0.05,3200,24,3021.0,0.98337,3,4
0.05,3200,24,3348.0,0.78563,3,4
0.05,3200,24,3304.0,0.81137,3,4
0.05,3200,24,3188.0,0.75642,3,4
0.05,3200,24,3368.0,0.78561,3,4
0.05,3200,24,2996.0,0.9403,3,4
0.05,3200,24,3323.0,0.94747,2,3
0.05,3200,24,3138.0,0.87142,2,3
0.05,3200,24,3043.0,0.97224,2,3
0.05,3200,24,3333.0,0.85393,2,3
0.05,3200,24,3060.0,0.95932,2,3
0.05,3200,24,3143.0,0.9403,2,3
0.05,3200,24,3028.0,0.9642,2,3
0.05,3200,24,3040.0,0.96416,2,3
0.05,3200,24,3136.0,0.90045,2,3
0.05,3200,24,3392.0,0.78562,2,3
0.05,3200,24,3121.0,0.97853,1,2
0.05,3200,24,3439.0,0.9124,1,2
0.05,3200,24,2946.0,0.97849,1,2
0.05,3200,24,3187.0,0.9124,1,2
0.05,3200,24,3232.0,0.90042,1,2
0.05,3200,24,3266.0,0.92291,1,2
0.05,3200,24,3190.0,0.93213,1,2
0.05,3200,24,3221.0,0.95932,1,2
0.05,3200,24,3373.0,0.83397,1,2
0.05,3200,24,3197.0,0.81136,1,2
0.05,6400,5,6225.0,0.0,2,3
0.05,6400,5,6688.0,0.0,2,3
0.05,6400,5,6265.0,0.0,2,3
0.05,6400,5,6623.0,0.0,2,3
0.05,6400,5,6456.0,0.0,2,3
0.05,6400,5,6420.0,0.0,2,3
0.05,6400,5,6475.0,0.0,2,3
0.05,6400,5,7299.0,0.0,1,2
0.05,6400,5,6430.0,0.0,2,3
0.05,6400,5,6799.0,0.0,2,3
0.05,6400,5,6021.0,0.0,1,2
0.05,6400,5,6270.0,0.0,1,2
0.05,6400,5,-1.0,0.0,0,0
0.05,6400,5,-1.0,0.0,0,0
0.05,6400,5,-1.0,0.0,0,0
0.05,6400,5,-1.0,0.0,0,0
0.05,6400,5,-1.0,0.0,0,0
0.05,6400,5,-1.0,0.0,0,0
0.05,6400,5,-1.0,0.0,0,0
0.05,6400,5,-1.0,0.0,0,0
0.05,6400,5,-1.0,0.0,0,0
0.05,6400,5,-1.0,0.0,0,0
0.05,3200,22,3100.0,0.9124,5,6
0.05,3200,22,3327.0,0.3227,5,6
0.05,3200,22,3250.0,0.59383,5,6
0.05,3200,22,3132.0,0.88688,4,5
0.05,3200,22,3392.0,0.9685,4,5
0.05,3200,22,3288.0,0.23231,4,5
0.05,3200,22,3036.0,0.98337,3,4
0.05,3200,22,3084.0,0.92291,3,4
0.05,3200,22,3326.0,0.94747,3,4
0.05,3200,22,2947.0,0.9642,3,4
0.05,3200,22,3274.0,0.92291,3,4
0.05,3200,22,3101.0,0.95932,3,4
0.05,3200,22,3368.0,0.93216,2,3
0.05,3200,22,3421.0,0.93216,2,3
0.05,3200,22,3380.0,0.93216,2,3
0.05,3200,22,3230.0,0.9756,2,3
0.05,3200,22,3118.0,0.9642,2,3
0.05,3200,22,3188.0,0.92291,2,3
0.05,3200,22,3115.0,0.9642,2,3
0.05,3200,22,3134.0,0.9403,2,3
0.05,3200,22,3144.0,0.83401,2,3
0.05,3200,22,3193.0,0.7232,2,3
0.05,3200,22,3118.0,0.88688,2,3
0.05,3200,22,3247.0,0.64257,2,3
0.05,3200,22,3499.0,0.88688,1,2
0.05,3200,22,3437.0,0.92291,1,2
0.05,3200,22,3216.0,0.95377,1,2
0.05,3200,22,3195.0,0.97228,1,2
0.05,3200,22,3425.0,0.92291,1,2
0.05,3200,22,3059.0,0.97228,1,2
0.05,3200,22,3224.0,0.93216,1,2
0.05,3200,22,3081.0,0.92291,1,2
0.05,3200,22,3137.0,0.53844,1,2
0.05,3200,22,3103.0,0.68546,1,2
0.05,3200,22,-1.0,0.33618,0,0
0.05,3200,22,-1.0,0.06,0,0
0.05,3200,22,-1.0,0.0,0,0
0.05,3200,23,3475.0,0.68543,5,6
0.05,3200,23,3001.0,0.9403,5,6
0.05,3200,23,3538.0,0.83401,5,6
0.05,3200,23,3288.0,0.93214,5,6
0.05,3200,23,3284.0,0.40398,4,5
0.05,3200,23,3285.0,0.81137,4,5
0.05,3200,23,3239.0,0.92286,4,5
0.05,3200,23,3023.0,0.96414,4,5
0.05,3200,23,3165.0,0.92288,3,4
0.05,3200,23,3122.0,0.95932,3,4
0.05,3200,23,3047.0,0.95372,3,4
0.05,3200,23,3014.0,0.98867,3,4
0.05,3200,23,3052.0,0.53844,3,4
0.05,3200,23,3365.0,0.5938,3,4
0.05,3200,23,3203.0,0.91237,3,4
0.05,3200,23,3130.0,0.9403,3,4
0.05,3200,23,3018.0,0.97221,2,3
0.05,3200,23,3224.0,0.85381,2,3
0.05,3200,23,3168.0,0.9685,2,3
0.05,3200,23,3224.0,0.75638,2,3
0.05,3200,23,3299.0,0.88686,2,3
0.05,3200,23,3194.0,0.9403,2,3
0.05,3200,23,3288.0,0.75642,2,3
0.05,3200,23,2962.0,0.9642,2,3
0.05,3200,23,3425.0,0.83401,2,3
0.05,3200,23,3110.0,0.95926,2,3
0.05,3200,23,3385.0,0.64254,2,3
0.05,3200,23,2993.0,0.96845,2,3
0.05,3200,23,3347.0,0.53844,2,3
0.05,3200,23,3317.0,0.83401,2,3
0.05,3200,23,3231.0,0.88688,2,3
0.05,3200,23,3118.0,0.95926,2,3
0.05,3200,23,3193.0,0.59383,1,2
0.05,3200,23,-1.0,0.3227,0,0
0.05,3200,23,-1.0,0.24566,0,0
0.05,3200,23,-1.0,0.06,0,0
0.05,6400,6,6711.0,0.72321,2,3
0.05,6400,6,5847.0,0.0,2,3
0.05,6400,6,6458.0,0.78565,2,3
0.05,6400,6,6545.0,0.94025,2,3
0.05,6400,6,6935.0,0.99995,1,2
0.05,6400,6,6241.0,0.95923,1,2
0.05,6400,6,6571.0,0.32271,1,2
0.05,6400,6,-1.0,1.0,0,0
0.05,6400,6,6158.0,0.87146,1,2
0.05,6400,6,-1.0,0.94739,0,0
0.05,6400,6,-1.0,0.94742,0,0
0.05,6400,6,-1.0,0.9685,0,0
0.05,6400,6,-1.0,0.68546,0,0
0.05,6400,6,-1.0,0.32271,0,0
0.05,6400,6,-1.0,0.64257,0,0
0.05,6400,6,-1.0,1.0,0,0
0.05,6400,6,-1.0,1.0,0,0
0.05,6400,6,-1.0,0.95469,0,0
0.05,6400,6,-1.0,0.94845,0,0
0.05,6400,6,-1.0,0.92434,0,0
0.05,6400,6,-1.0,0.92438,0,0
0.05,6400,6,-1.0,0.91407,0,0
0.05,6400,6,-1.0,0.83731,0,0
0.05,6400,6,-1.0,0.69172,0,0
0.05,6400,6,-1.0,0.60191,0,0
0.05,6400,6,-1.0,0.54763,0,0
0.05,6400,6,-1.0,0.48594,0,0
0.05,6400,6,-1.0,0.1428,0,0
0.05,6400,6,-1.0,0.06,0,0
0.05,6400,7,6507.0,0.64257,2,3
0.05,6400,7,6463.0,0.47549,2,3
0.05,6400,7,6026.0,0.97553,2,3
0.05,6400,7,6132.0,0.97228,2,3
0.05,6400,7,6089.0,0.99853,1,2
0.05,6400,7,6334.0,0.85387,1,2
0.05,6400,7,6550.0,0.88686,1,2
0.05,6400,7,6442.0,0.3,1,2
0.05,6400,7,-1.0,0.99641,0,0
0.05,6400,7,-1.0,0.88688,0,0
0.05,6400,7,-1.0,0.98335,0,0
0.05,6400,7,-1.0,0.9684,0,0
0.05,6400,7,-1.0,0.87138,0,0
0.05,6400,7,-1.0,0.9124,0,0
0.05,6400,7,-1.0,0.99998,0,0
0.05,6400,7,-1.0,0.90046,0,0
0.05,6400,7,-1.0,0.99815,0,0
0.05,6400,7,-1.0,0.99546,0,0
0.05,6400,7,-1.0,0.97607,0,0
0.05,6400,7,-1.0,0.9648,0,0
0.05,6400,7,-1.0,0.96013,0,0
0.05,6400,7,-1.0,0.95965,0,0
0.05,6400,7,-1.0,0.87401,0,0
0.05,6400,7,-1.0,0.87401,0,0
0.05,6400,7,-1.0,0.83731,0,0
0.05,6400,7,-1.0,0.8373,0,0
0.05,6400,7,-1.0,0.81507,0,0
0.05,6400,7,-1.0,0.815,0,0
0.05,6400,7,-1.0,0.48594,0,0
0.05,6400,7,-1.0,0.24565,0,0
0.05,6400,7,-1.0,0.0,0,0
0.05,6400,8,6273.0,0.95932,2,3
0.05,6400,8,6531.0,0.0,2,3
0.05,6400,8,6294.0,0.95932,2,3
0.05,6400,8,6744.0,0.0,2,3
0.05,6400,8,5935.0,0.0,2,3
0.05,6400,8,6556.0,0.0,2,3
0.05,6400,8,6478.0,0.0,2,3
0.05,6400,8,6706.0,0.9403,1,2
0.05,6400,8,6050.0,0.64257,1,2
0.05,6400,8,-1.0,0.98867,0,0
0.05,6400,8,-1.0,0.9756,0,0
0.05,6400,8,-1.0,0.9642,0,0
0.05,6400,8,-1.0,0.0,0,0
0.05,6400,8,-1.0,1.0,0,0
0.05,6400,8,-1.0,0.98371,0,0
0.05,6400,8,-1.0,0.96912,0,0
0.05,6400,8,-1.0,0.94851,0,0
0.05,6400,8,-1.0,0.94149,0,0
0.05,6400,8,-1.0,0.0,0,0
0.05,6400,8,-1.0,0.94149,0,0
0.05,6400,8,-1.0,0.91414,0,0
0.05,6400,8,-1.0,0.0,0,0
0.05,6400,8,-1.0,0.54763,0,0
0.05,6400,8,-1.0,0.0,0,0
0.05,6400,8,-1.0,0.0,0,0
0.05,6400,8,-1.0,0.0,0,0
0.05,6400,9,6321.0,0.0,2,3
0.05,6400,9,6793.0,1.0,1,2
0.05,6400,9,6937.0,0.0,1,2
0.05,6400,9,7130.0,0.0,1,2
0.05,6400,9,6289.0,0.0,1,2
0.05,6400,9,6060.0,0.9685,2,3
0.05,6400,9,6969.0,0.26444,2,3
0.05,6400,9,6530.0,0.3,1,2
0.05,6400,9,6391.0,0.72321,1,2
0.05,6400,9,-1.0,0.95377,0,0
0.05,6400,9,-1.0,0.9403,0,0
0.05,6400,9,-1.0,0.53844,0,0
0.05,6400,9,-1.0,0.68546,0,0
0.05,6400,9,-1.0,1.0,0,0
0.05,6400,9,-1.0,0.0,0,0
0.05,6400,9,-1.0,0.0,0,0
0.05,6400,9,-1.0,0.95469,0,0
0.05,6400,9,-1.0,0.94149,0,0
0.05,6400,9,-1.0,0.91414,0,0
0.05,6400,9,-1.0,0.60191,0,0
0.05,6400,9,-1.0,0.60191,0,0
0.05,6400,9,-1.0,0.41584,0,0
0.05,6400,9,-1.0,0.0,0,0
0.05,6400,9,-1.0,0.0,0,0
0.05,6400,9,-1.0,0.0,0,0
0.05,6400,10,6492.0,0.0,2,3
0.05,6400,10,7524.0,0.0,1,2
0.05,6400,10,6191.0,0.83401,2,3
0.05,6400,10,6493.0,0.85393,2,3
0.05,6400,10,6599.0,0.0,2,3
0.05,6400,10,6761.0,0.85393,1,2
0.05,6400,10,6653.0,0.32271,1,2
0.05,6400,10,-1.0,0.99228,0,0
0.05,6400,10,-1.0,0.95377,0,0
0.05,6400,10,-1.0,0.0,0,0
0.05,6400,10,-1.0,1.0,0,0
0.05,6400,10,-1.0,0.75642,0,0
0.05,6400,10,-1.0,0.0,0,0
0.05,6400,10,-1.0,0.0,0,0
0.05,6400,10,-1.0,0.99023,0,0
0.05,6400,10,-1.0,0.94149,0,0
0.05,6400,10,-1.0,0.78992,0,0
0.05,6400,10,-1.0,0.78992,0,0
0.05,6400,10,-1.0,0.76127,0,0
0.05,6400,10,-1.0,0.69172,0,0
0.05,6400,10,-1.0,0.06,0,0
0.05,6400,10,-1.0,0.0,0,0
0.05,6400,11,6502.0,0.0,2,3
0.05,6400,11,6619.0,0.0,2,3
0.05,6400,11,5778.0,0.99593,2,3
0.05,6400,11,6490.0,0.0,1,2
0.05,6400,11,6763.0,0.0,2,3
0.05,6400,11,6280.0,0.0,2,3
0.05,6400,11,6659.0,0.23232,1,2
0.05,6400,11,-1.0,0.98111,0,0
0.05,6400,11,-1.0,0.0,0,0
0.05,6400,11,-1.0,0.0,0,0
0.05,6400,11,-1.0,0.64257,0,0
0.05,6400,11,-1.0,0.0,0,0
0.05,6400,11,-1.0,0.99414,0,0
0.05,6400,11,-1.0,0.97283,0,0
0.05,6400,11,-1.0,0.48594,0,0
0.05,6400,11,-1.0,0.0,0,0
0.05,6400,13,6205.0,0.9642,2,3
0.05,6400,13,6311.0,0.9403,2,3
0.05,6400,13,6606.0,0.98111,2,3
0.05,6400,13,6995.0,0.264,2,3
0.05,6400,13,6502.0,0.99537,1,2
0.05,6400,13,6431.0,0.9685,1,2
0.05,6400,13,5959.0,0.99785,1,2
0.05,6400,13,-1.0,1.0,0,0
0.05,6400,13,-1.0,0.99593,0,0
0.05,6400,13,-1.0,0.98867,0,0
0.05,6400,13,-1.0,0.99123,0,0
0.05,6400,13,-1.0,0.97228,0,0
0.05,6400,13,-1.0,0.95377,0,0
0.05,6400,13,-1.0,0.81137,0,0
0.05,6400,13,-1.0,0.47551,0,0
0.05,6400,13,-1.0,0.26444,0,0
0.05,6400,13,-1.0,0.99691,0,0
0.05,6400,13,-1.0,0.99414,0,0
0.05,6400,13,-1.0,0.99414,0,0
0.05,6400,13,-1.0,0.9889,0,0
0.05,6400,13,-1.0,0.98371,0,0
0.05,6400,13,-1.0,0.97283,0,0
0.05,6400,13,-1.0,0.96013,0,0
0.05,6400,13,-1.0,0.96013,0,0
0.05,6400,13,-1.0,0.94851,0,0
0.05,6400,13,-1.0,0.94149,0,0
0.05,6400,13,-1.0,0.91414,0,0
0.05,6400,13,-1.0,0.72871,0,0
0.05,6400,13,-1.0,0.33618,0,0
0.05,6400,13,-1.0,0.0,0,0
0.05,6400,13,-1.0,0.0,0,0
0.05,6400,14,6225.0,0.9756,2,3
0.05,6400,14,6311.0,0.94747,2,3
0.05,6400,14,6405.0,0.9124,2,3
0.05,6400,14,6215.0,0.98337,1,2
0.05,6400,14,5917.0,0.99321,1,2
0.05,6400,14,6245.0,0.94747,1,2
0.05,6400,14,-1.0,0.98111,0,0
0.05,6400,14,-1.0,0.9685,0,0
0.05,6400,14,-1.0,0.9403,0,0
0.05,6400,14,-1.0,0.59383,0,0
0.05,6400,14,-1.0,0.94747,0,0
0.05,6400,14,-1.0,0.78565,0,0
0.05,6400,14,-1.0,0.99023,0,0
0.05,6400,14,-1.0,0.97896,0,0
0.05,6400,14,-1.0,0.97283,0,0
0.05,6400,14,-1.0,0.96491,0,0
0.05,6400,14,-1.0,0.96013,0,0
0.05,6400,14,-1.0,0.93351,0,0
0.05,6400,14,-1.0,0.92445,0,0
0.05,6400,14,-1.0,0.92445,0,0
0.05,6400,14,-1.0,0.91414,0,0
0.05,6400,14,-1.0,0.87401,0,0
0.05,6400,14,-1.0,0.69172,0,0
0.05,6400,14,-1.0,0.41584,0,0
0.05,6400,15,6353.0,0.0,2,3
0.05,6400,15,6285.0,0.0,2,3
0.05,6400,15,6464.0,0.0,2,3
0.05,6400,15,6526.0,0.0,2,3
0.05,6400,15,6525.0,0.0,2,3
0.05,6400,15,6479.0,0.0,2,3
0.05,6400,15,5762.0,0.0,2,3
0.05,6400,15,6149.0,0.0,2,3
0.05,6400,15,6252.0,0.0,2,3
0.05,6400,15,6107.0,0.0,2,3
0.05,6400,15,5694.0,0.0,2,3
0.05,6400,15,6063.0,0.0,1,2
0.05,6400,15,6398.0,0.0,1,2
0.05,6400,15,-1.0,0.0,0,0
0.05,6400,15,-1.0,0.0,0,0
0.05,6400,15,-1.0,0.0,0,0
0.05,6400,15,-1.0,0.0,0,0
0.05,6400,12,6734.0,0.40398,2,3
0.05,6400,12,6019.0,0.98489,2,3
0.05,6400,12,5843.0,0.99684,2,3
0.05,6400,12,7055.0,0.9905,1,2
0.05,6400,12,6170.0,0.88688,2,3
0.05,6400,12,5958.0,0.98863,2,3
0.05,6400,12,6696.0,0.97853,1,2
0.05,6400,12,6580.0,0.91236,1,2
0.05,6400,12,6339.0,0.84792,1,2
0.05,6400,12,6258.0,0.80286,1,2
0.05,6400,12,6600.0,0.75642,1,2
0.05,6400,12,6303.0,0.32271,1,2
0.05,6400,12,-1.0,0.99003,0,0
0.05,6400,12,-1.0,0.96708,0,0
0.05,6400,12,-1.0,0.95932,0,0
0.05,6400,12,-1.0,0.97555,0,0
0.05,6400,12,-1.0,0.96416,0,0
0.05,6400,12,-1.0,0.93216,0,0
0.05,6400,12,-1.0,0.82537,0,0
0.05,6400,12,-1.0,0.68546,0,0
0.05,6400,12,-1.0,0.87146,0,0
0.05,6400,12,-1.0,0.93216,0,0
0.05,6400,12,-1.0,0.75642,0,0
0.05,6400,12,-1.0,0.99354,0,0
0.05,6400,12,-1.0,0.99546,0,0
0.05,6400,12,-1.0,0.9781,0,0
0.05,6400,12,-1.0,0.98566,0,0
0.05,6400,12,-1.0,0.98366,0,0
0.05,6400,12,-1.0,0.96912,0,0
0.05,6400,12,-1.0,0.96906,0,0
0.05,6400,12,-1.0,0.9558,0,0
0.05,6400,12,-1.0,0.94847,0,0
0.05,6400,12,-1.0,0.94851,0,0
0.05,6400,12,-1.0,0.1428,0,0
0.05,6400,12,-1.0,0.06,0,0
0.05,6400,17,6623.0,0.0,2,3
0.05,6400,17,6751.0,0.0,1,2
0.05,6400,17,6797.0,0.0,2,3
0.05,6400,17,7140.0,0.23232,2,3
0.05,6400,17,6233.0,0.98867,2,3
0.05,6400,17,6738.0,0.87146,1,2
0.05,6400,17,6098.0,0.99002,1,2
0.05,6400,17,-1.0,0.98537,0,0
0.05,6400,17,-1.0,0.99591,0,0
0.05,6400,17,-1.0,0.53844,0,0
0.05,6400,17,-1.0,0.90044,0,0
0.05,6400,17,-1.0,0.0,0,0
0.05,6400,17,-1.0,0.99482,0,0
0.05,6400,17,-1.0,0.98736,0,0
0.05,6400,17,-1.0,0.98371,0,0
0.05,6400,17,-1.0,0.97896,0,0
0.05,6400,17,-1.0,0.874,0,0
0.05,6400,17,-1.0,0.83731,0,0
0.05,6400,17,-1.0,0.41584,0,0
0.05,6400,17,-1.0,0.0,0,0
0.05,6400,17,-1.0,0.0,0,0
0.05,6400,17,-1.0,0.0,0,0
0.05,6400,18,6502.0,0.72321,2,3
0.05,6400,18,6038.0,0.0,2,3
0.05,6400,18,6547.0,0.0,2,3
0.05,6400,18,5950.0,0.0,2,3
0.05,6400,18,6301.0,0.95377,2,3
0.05,6400,18,6814.0,0.0,2,3
0.05,6400,18,6907.0,0.0,2,3
0.05,6400,18,6253.0,0.0,1,2
0.05,6400,18,6386.0,0.9685,1,2
0.05,6400,18,6393.0,0.9124,1,2
0.05,6400,18,-1.0,0.9124,0,0
0.05,6400,18,-1.0,0.98111,0,0
0.05,6400,18,-1.0,0.9403,0,0
0.05,6400,18,-1.0,0.68546,0,0
0.05,6400,18,-1.0,0.0,0,0
0.05,6400,18,-1.0,0.0,0,0
0.05,6400,18,-1.0,0.0,0,0
0.05,6400,18,-1.0,0.97609,0,0
0.05,6400,18,-1.0,0.95469,0,0
0.05,6400,18,-1.0,0.93351,0,0
0.05,6400,18,-1.0,0.91414,0,0
0.05,6400,18,-1.0,0.87401,0,0
0.05,6400,18,-1.0,0.87401,0,0
0.05,6400,18,-1.0,0.60191,0,0
0.05,6400,18,-1.0,0.60191,0,0
0.05,6400,18,-1.0,0.0,0,0
0.05,6400,18,-1.0,0.0,0,0
0.05,6400,19,6848.0,0.81137,2,3
0.05,6400,19,6218.0,0.97228,2,3
0.05,6400,19,6570.0,0.85371,2,3
0.05,6400,19,6333.0,0.97843,2,3
0.05,6400,19,6659.0,0.87146,1,2
0.05,6400,19,6524.0,0.93216,1,2
0.05,6400,19,6211.0,0.8113,1,2
0.05,6400,19,6675.0,0.94024,1,2
0.05,6400,19,-1.0,0.99315,0,0
0.05,6400,19,-1.0,0.98324,0,0
0.05,6400,19,-1.0,0.95377,0,0
0.05,6400,19,-1.0,0.88688,0,0
0.05,6400,19,-1.0,0.87146,0,0
0.05,6400,19,-1.0,0.93216,0,0
0.05,6400,19,-1.0,0.90036,0,0
0.05,6400,19,-1.0,0.99975,0,0
0.05,6400,19,-1.0,0.99134,0,0
0.05,6400,19,-1.0,0.97587,0,0
0.05,6400,19,-1.0,0.969,0,0
0.05,6400,19,-1.0,0.96013,0,0
0.05,6400,19,-1.0,0.93351,0,0
0.05,6400,19,-1.0,0.92436,0,0
0.05,6400,19,-1.0,0.91414,0,0
0.05,6400,19,-1.0,0.90244,0,0
0.05,6400,19,-1.0,0.85674,0,0
0.05,6400,19,-1.0,0.85683,0,0
0.05,6400,19,-1.0,0.83731,0,0
0.05,6400,19,-1.0,0.83731,0,0
0.05,6400,19,-1.0,0.78979,0,0
0.05,6400,19,-1.0,0.72853,0,0
0.05,6400,19,-1.0,0.72871,0,0
0.05,6400,16,5844.0,0.04464,2,3
0.05,6400,16,6488.0,0.98713,2,3
0.05,6400,16,6413.0,0.85393,2,3
0.05,6400,16,6188.0,0.99641,1,2
0.05,6400,16,6046.0,0.99402,1,2
0.05,6400,16,-1.0,0.99474,0,0
0.05,6400,16,-1.0,0.99684,0,0
0.05,6400,16,-1.0,0.93216,0,0
0.05,6400,16,-1.0,0.9685,0,0
0.05,6400,16,-1.0,0.02522,0,0
0.05,6400,16,-1.0,0.99601,0,0
0.05,6400,16,-1.0,0.99484,0,0
0.05,6400,16,-1.0,0.99334,0,0
0.05,6400,16,-1.0,0.99243,0,0
0.05,6400,16,-1.0,0.98148,0,0
0.05,6400,16,-1.0,0.96013,0,0
0.05,6400,16,-1.0,0.90244,0,0
0.05,6400,16,-1.0,0.08132,0,0
0.05,6400,16,-1.0,0.78992,0,0
0.05,6400,16,-1.0,0.24566,0,0
0.05,6400,20,6175.0,0.87146,2,3
0.05,6400,20,6619.0,0.95377,2,3
0.05,6400,20,6352.0,0.0,2,3
0.05,6400,20,6236.0,0.0,2,3
0.05,6400,20,6320.0,0.0,2,3
0.05,6400,20,6028.0,0.0,2,3
0.05,6400,20,6475.0,0.0,1,2
0.05,6400,20,6847.0,0.0,1,2
0.05,6400,20,6598.0,0.87146,1,2
0.05,6400,20,6901.0,0.64257,1,2
0.05,6400,20,-1.0,0.90046,0,0
0.05,6400,20,-1.0,0.47551,0,0
0.05,6400,20,-1.0,0.83401,0,0
0.05,6400,20,-1.0,0.87146,0,0
0.05,6400,20,-1.0,0.0,0,0
0.05,6400,20,-1.0,0.0,0,0
0.05,6400,20,-1.0,0.0,0,0
0.05,6400,20,-1.0,0.93351,0,0
0.05,6400,20,-1.0,0.87401,0,0
0.05,6400,20,-1.0,0.81513,0,0
0.05,6400,20,-1.0,0.81513,0,0
0.05,6400,20,-1.0,0.81513,0,0
0.05,6400,20,-1.0,0.76127,0,0
0.05,6400,20,-1.0,0.54763,0,0
0.05,6400,20,-1.0,0.0,0,0
0.05,6400,20,-1.0,0.33618,0,0
0.05,6400,20,-1.0,0.0,0,0
0.05,6400,20,-1.0,0.0,0,0
0.05,6400,21,6445.0,0.0,2,3
0.05,6400,21,6280.0,1.0,1,2
0.05,6400,21,6640.0,0.0,1,2
0.05,6400,21,6288.0,0.0,2,3
0.05,6400,21,6539.0,0.0,2,3
0.05,6400,21,6368.0,0.0,2,3
0.05,6400,21,6404.0,0.0,2,3
0.05,6400,21,6143.0,0.0,2,3
0.05,6400,21,5919.0,0.0,1,2
0.05,6400,21,-1.0,1.0,0,0
0.05,6400,21,-1.0,1.0,0,0
0.05,6400,21,-1.0,0.0,0,0
0.05,6400,21,-1.0,0.0,0,0
0.05,6400,21,-1.0,0.64257,0,0
0.05,6400,21,-1.0,0.0,0,0
0.05,6400,21,-1.0,0.0,0,0
0.05,6400,21,-1.0,0.0,0,0
0.05,6400,21,-1.0,0.0,0,0
0.05,6400,21,-1.0,0.0,0,0
0.05,6400,21,-1.0,0.0,0,0
0.05,6400,21,-1.0,0.54763,0,0
0.05,6400,21,-1.0,0.0,0,0
0.05,6400,21,-1.0,0.0,0,0
0.05,6400,22,6418.0,0.0,2,3
0.05,6400,22,5891.0,0.94747,2,3
0.05,6400,22,6928.0,1.0,1,2
0.05,6400,22,6412.0,0.68546,2,3
0.05,6400,22,5776.0,0.0,2,3
0.05,6400,22,6463.0,0.95377,1,2
0.05,6400,22,6131.0,0.94747,1,2
0.05,6400,22,6417.0,0.90046,1,2
0.05,6400,22,-1.0,0.9756,0,0
0.05,6400,22,-1.0,0.72321,0,0
0.05,6400,22,-1.0,0.59383,0,0
0.05,6400,22,-1.0,0.53844,0,0
0.05,6400,22,-1.0,0.53844,0,0
0.05,6400,22,-1.0,0.3,0,0
0.05,6400,22,-1.0,0.0,0,0
0.05,6400,22,-1.0,0.96912,0,0
0.05,6400,22,-1.0,0.0,0,0
0.05,6400,22,-1.0,0.94149,0,0
0.05,6400,22,-1.0,0.93351,0,0
0.05,6400,22,-1.0,0.92445,0,0
0.05,6400,22,-1.0,0.87401,0,0
0.05,6400,22,-1.0,0.64968,0,0
0.05,6400,22,-1.0,0.54763,0,0
0.05,6400,22,-1.0,0.41584,0,0
0.05,6400,22,-1.0,0.41584,0,0
0.05,6400,22,-1.0,0.33618,0,0
0.05,6400,22,-1.0,0.0,0,0
0.05,6400,24,6693.0,0.0,1,2
0.05,6400,24,6813.0,0.59383,2,3
0.05,6400,24,6155.0,0.93216,2,3
0.05,6400,24,6472.0,0.0,2,3
0.05,6400,24,6098.0,0.99224,2,3
0.05,6400,24,6204.0,0.72317,1,2
0.05,6400,24,6085.0,0.95932,1,2
0.05,6400,24,-1.0,0.97557,0,0
0.05,6400,24,-1.0,0.94747,0,0
0.05,6400,24,-1.0,0.9124,0,0
0.05,6400,24,-1.0,0.92291,0,0
0.05,6400,24,-1.0,0.0,0,0
0.05,6400,24,-1.0,0.88684,0,0
0.05,6400,24,-1.0,0.98886,0,0
0.05,6400,24,-1.0,0.96908,0,0
0.05,6400,24,-1.0,0.94851,0,0
0.05,6400,24,-1.0,0.92445,0,0
0.05,6400,24,-1.0,0.90244,0,0
0.05,6400,24,-1.0,0.90244,0,0
0.05,6400,24,-1.0,0.87401,0,0
0.05,6400,24,-1.0,0.83728,0,0
0.05,6400,24,-1.0,0.64965,0,0
0.05,6400,24,-1.0,0.41584,0,0
0.05,6400,24,-1.0,0.0,0,0
0.05,6400,23,6941.0,0.40396,2,3
0.05,6400,23,6632.0,0.95932,2,3
0.05,6400,23,6786.0,0.41875,1,2
0.05,6400,23,6317.0,0.98713,2,3
0.05,6400,23,6260.0,0.99996,1,2
0.05,6400,23,6319.0,0.9756,1,2
0.05,6400,23,5921.0,0.99402,1,2
0.05,6400,23,6662.0,0.83397,1,2
0.05,6400,23,6336.0,0.78561,1,2
0.05,6400,23,-1.0,0.56504,0,0
0.05,6400,23,-1.0,0.98713,0,0
0.05,6400,23,-1.0,0.95932,0,0
0.05,6400,23,-1.0,0.95377,0,0
0.05,6400,23,-1.0,0.95932,0,0
0.05,6400,23,-1.0,0.88683,0,0
0.05,6400,23,-1.0,0.32256,0,0
0.05,6400,23,-1.0,0.87809,0,0
0.05,6400,23,-1.0,0.83398,0,0
0.05,6400,23,-1.0,0.26443,0,0
0.05,6400,23,-1.0,0.32271,0,0
0.05,6400,23,-1.0,0.16943,0,0
0.05,6400,23,-1.0,0.9914,0,0
0.05,6400,23,-1.0,0.98371,0,0
0.05,6400,23,-1.0,0.98148,0,0
0.05,6400,23,-1.0,0.96912,0,0
0.05,6400,23,-1.0,0.94851,0,0
0.05,6400,23,-1.0,0.94851,0,0
0.05,6400,23,-1.0,0.94149,0,0
0.05,6400,23,-1.0,0.93351,0,0
0.05,6400,23,-1.0,0.8568,0,0
0.05,6400,23,-1.0,0.83139,0,0
0.05,6400,23,-1.0,0.78987,0,0
0.05,6400,23,-1.0,0.78988,0,0
0.05,6400,23,-1.0,0.69168,0,0
0.05,6400,23,-1.0,0.14279,0,0
0.05,6400,23,-1.0,0.1428,0,0
0.05,6400,23,-1.0,0.05997,0,0
0.05,6400,23,-1.0,0.06,0,0
0.05,6400,23,-1.0,0.0,0,0
0.1,3200,5,2929.0,0.12771,4,5
0.1,3200,5,3588.0,0.04715,3,4
0.1,3200,5,3394.0,0.98867,2,3
0.1,3200,5,3251.0,0.02664,2,3
0.1,3200,5,3312.0,0.1118,2,3
0.1,3200,5,2661.0,0.99474,1,2
0.1,3200,5,3259.0,0.39294,1,2
0.1,3200,5,-1.0,0.14783,0,0
0.1,3200,5,-1.0,0.99537,0,0
0.1,3200,5,-1.0,0.98712,0,0
0.1,3200,5,-1.0,0.98999,0,0
0.1,3200,5,-1.0,0.44036,0,0
0.1,3200,5,-1.0,0.01794,0,0
0.1,3200,5,-1.0,0.01145,0,0
0.1,3200,5,-1.0,0.14468,0,0
0.1,3200,5,-1.0,0.12975,0,0
0.1,3200,5,-1.0,0.99334,0,0
0.1,3200,5,-1.0,0.99334,0,0
0.1,3200,5,-1.0,0.98566,0,0
0.1,3200,5,-1.0,0.98371,0,0
0.1,3200,5,-1.0,0.98148,0,0
0.1,3200,5,-1.0,0.9244,0,0
0.1,3200,5,-1.0,0.34135,0,0
0.1,3200,5,-1.0,0.0,0,0
0.1,3200,5,-1.0,0.0,0,0
0.1,3200,5,-1.0,0.0,0,0
0.1,3200,3,3098.0,0.98537,5,6
0.1,3200,3,2654.0,0.47547,5,6
0.1,3200,3,3326.0,0.99641,3,4
0.1,3200,3,3618.0,0.9403,3,4
0.1,3200,3,3349.0,0.99887,2,3
0.1,3200,3,3112.0,0.99537,2,3
0.1,3200,3,3121.0,0.98111,2,3
0.1,3200,3,3017.0,0.999,2,3
0.1,3200,3,3122.0,0.99972,1,2
0.1,3200,3,2967.0,0.99871,1,2
0.1,3200,3,3321.0,0.98867,1,2
0.1,3200,3,3750.0,0.95932,1,2
0.1,3200,3,3430.0,0.99321,1,2
0.1,3200,3,3141.0,0.97228,1,2
0.1,3200,3,3217.0,0.90045,1,2
0.1,3200,3,3484.0,0.92291,1,2
0.1,3200,3,-1.0,0.99954,0,0
0.1,3200,3,-1.0,0.99964,0,0
0.1,3200,3,-1.0,0.999,0,0
0.1,3200,3,-1.0,0.99123,0,0
0.1,3200,3,-1.0,0.99402,0,0
0.1,3200,3,-1.0,0.99003,0,0
0.1,3200,3,-1.0,0.99972,0,0
0.1,3200,3,-1.0,0.99321,0,0
0.1,3200,3,-1.0,0.99811,0,0
0.1,3200,3,-1.0,0.99228,0,0
0.1,3200,3,-1.0,0.99321,0,0
0.1,3200,3,-1.0,0.95932,0,0
0.1,3200,3,-1.0,0.9124,0,0
0.1,3200,3,-1.0,0.98867,0,0
0.1,3200,3,-1.0,0.98537,0,0
0.1,3200,3,-1.0,0.95377,0,0
0.1,3200,3,-1.0,0.47546,0,0
0.1,3200,3,-1.0,0.33618,0,0
0.1,3200,3,-1.0,0.24566,0,0
0.1,3200,0,2917.0,0.97853,5,6
0.1,3200,0,2389.0,0.9756,5,6
0.1,3200,0,3509.0,0.9832,5,6
0.1,3200,0,3067.0,0.99474,5,6
0.1,3200,0,2766.0,0.96843,4,5
0.1,3200,0,3493.0,0.81137,4,5
0.1,3200,0,2897.0,0.99923,4,5
0.1,3200,0,3107.0,0.81137,4,5
0.1,3200,0,3067.0,0.99943,3,4
0.1,3200,0,3120.0,0.99526,3,4
0.1,3200,0,3299.0,0.99123,3,4
0.1,3200,0,2837.0,0.99123,3,4
0.1,3200,0,3644.0,0.81137,3,4
0.1,3200,0,3470.0,0.99983,2,3
0.1,3200,0,3061.0,0.97228,3,4
0.1,3200,0,3211.0,0.99991,2,3
0.1,3200,0,3481.0,0.99809,2,3
0.1,3200,0,3214.0,0.9952,2,3
0.1,3200,0,3288.0,0.99586,2,3
0.1,3200,0,3352.0,0.99751,2,3
0.1,3200,0,2923.0,0.99785,2,3
0.1,3200,0,3352.0,0.98537,2,3
0.1,3200,0,3577.0,0.92291,2,3
0.1,3200,0,3032.0,0.99321,2,3
0.1,3200,0,2922.0,0.53843,2,3
0.1,3200,0,3956.0,0.47551,2,3
0.1,3200,0,3333.0,0.81137,2,3
0.1,3200,0,3061.0,0.87145,2,3
0.1,3200,0,3030.0,0.87145,2,3
0.1,3200,0,3714.0,0.99983,1,2
0.1,3200,0,3179.0,0.99997,1,2
0.1,3200,0,2259.0,0.78561,2,3
0.1,3200,0,2720.0,0.78556,2,3
0.1,3200,0,3190.0,0.99851,1,2
0.1,3200,0,-1.0,0.41584,0,0
0.1,3200,0,-1.0,0.33618,0,0
0.1,3200,11,3353.0,0.99998,4,5
0.1,3200,11,3512.0,0.99811,3,4
0.1,3200,11,3368.0,0.88688,3,4
0.1,3200,11,3697.0,0.99887,2,3
0.1,3200,11,2771.0,0.98712,2,3
0.1,3200,11,3248.0,0.53844,2,3
0.1,3200,11,3551.0,0.99995,1,2
0.1,3200,11,3047.0,0.99997,1,2
0.1,3200,11,3456.0,0.98337,1,2
0.1,3200,11,3594.0,0.78565,1,2
0.1,3200,11,3234.0,0.93216,1,2
0.1,3200,11,3555.0,0.53844,1,2
0.1,3200,11,3147.0,0.75642,1,2
0.1,3200,11,-1.0,0.99994,0,0
0.1,3200,11,-1.0,0.99972,0,0
0.1,3200,11,-1.0,0.99887,0,0
0.1,3200,11,-1.0,0.99684,0,0
0.1,3200,11,-1.0,0.94747,0,0
0.1,3200,11,-1.0,0.98867,0,0
0.1,3200,11,-1.0,0.9124,0,0
0.1,3200,11,-1.0,0.9685,0,0
0.1,3200,11,-1.0,0.95377,0,0
0.1,3200,11,-1.0,0.26444,0,0
0.1,3200,11,-1.0,0.88688,0,0
0.1,3200,11,-1.0,0.99997,0,0
0.1,3200,11,-1.0,0.99996,0,0
0.1,3200,11,-1.0,0.99993,0,0
0.1,3200,11,-1.0,0.99992,0,0
0.1,3200,11,-1.0,0.99965,0,0
0.1,3200,11,-1.0,0.99856,0,0
0.1,3200,11,-1.0,0.99837,0,0
0.1,3200,11,-1.0,0.99728,0,0
0.1,3200,11,-1.0,0.99546,0,0
0.1,3200,11,-1.0,0.98566,0,0
0.1,3200,11,-1.0,0.33618,0,0
0.1,3200,11,-1.0,0.33618,0,0
0.1,3200,11,-1.0,0.0,0,0
0.1,3200,1,2281.0,0.99923,5,6
0.1,3200,1,3776.0,0.99991,4,5
0.1,3200,1,2523.0,0.97386,4,5
0.1,3200,1,3048.0,0.26398,5,6
0.1,3200,1,3065.0,0.98337,5,6
0.1,3200,1,2774.0,0.99537,5,6
0.1,3200,1,3448.0,0.99402,4,5
0.1,3200,1,2839.0,0.95377,4,5
0.1,3200,1,2916.0,0.9403,4,5
0.1,3200,1,3374.0,0.78602,4,5
0.1,3200,1,3517.0,0.59383,4,5
0.1,3200,1,3205.0,0.9756,3,4
0.1,3200,1,3477.0,0.99995,2,3
0.1,3200,1,2888.0,0.95932,3,4
0.1,3200,1,3059.0,0.97228,3,4
0.1,3200,1,3271.0,0.72321,3,4
0.1,3200,1,3352.0,0.98713,3,4
0.1,3200,1,3004.0,0.99995,2,3
0.1,3200,1,3612.0,0.99996,2,3
0.1,3200,1,3203.0,0.82096,3,4
0.1,3200,1,2977.0,0.834,3,4
0.1,3200,1,3313.0,0.99123,2,3
0.1,3200,1,3069.0,0.98867,2,3
0.1,3200,1,3517.0,0.9642,2,3
0.1,3200,1,3370.0,0.89683,2,3
0.1,3200,1,2524.0,0.99959,2,3
0.1,3200,1,2522.0,0.99887,2,3
0.1,3200,1,3320.0,0.88688,2,3
0.1,3200,1,3409.0,0.87146,2,3
0.1,3200,1,3194.0,0.98537,2,3
0.1,3200,1,3221.0,0.26443,2,3
0.1,3200,1,2948.0,0.99003,2,3
0.1,3200,1,3559.0,0.90046,2,3
0.1,3200,1,3382.0,0.40398,2,3
0.1,3200,1,3281.0,0.9642,2,3
0.1,3200,1,-1.0,0.41584,0,0
0.1,3200,1,-1.0,0.1428,0,0
0.1,3200,1,-1.0,0.06,0,0
0.1,3200,1,-1.0,0.0,0,0
0.1,3200,2,3216.0,0.75642,5,6
0.1,3200,2,3076.0,0.99684,5,6
0.1,3200,2,3347.0,0.97545,5,6
0.1,3200,2,2938.0,0.32268,5,6
0.1,3200,2,3510.0,0.90046,5,6
0.1,3200,2,2968.0,0.99402,4,5
0.1,3200,2,3461.0,0.97853,4,5
0.1,3200,2,3500.0,0.88688,4,5
0.1,3200,2,3595.0,0.95375,4,5
0.1,3200,2,4105.0,0.75639,4,5
0.1,3200,2,3026.0,0.99833,3,4
0.1,3200,2,2673.0,0.9124,3,4
0.1,3200,2,3358.0,0.99321,3,4
0.1,3200,2,3294.0,0.91236,3,4
0.1,3200,2,3754.0,0.99981,2,3
0.1,3200,2,2897.0,0.99912,3,4
0.1,3200,2,3374.0,0.83401,3,4
0.1,3200,2,2772.0,0.99885,3,4
0.1,3200,2,3403.0,0.99999,2,3
0.1,3200,2,2621.0,0.85385,3,4
0.1,3200,2,3559.0,0.93216,2,3
0.1,3200,2,2419.0,0.99923,2,3
0.1,3200,2,3159.0,0.99756,2,3
0.1,3200,2,3215.0,0.99228,2,3
0.1,3200,2,3488.0,0.98111,2,3
0.1,3200,2,3473.0,0.95932,2,3
0.1,3200,2,3363.0,0.88685,2,3
0.1,3200,2,3000.0,0.99321,2,3
0.1,3200,2,2888.0,0.7232,2,3
0.1,3200,2,3064.0,0.85391,2,3
0.1,3200,2,3708.0,0.29998,2,3
0.1,3200,2,2918.0,0.95927,2,3
0.1,3200,2,2803.0,0.97228,2,3
0.1,3200,2,3234.0,0.9124,2,3
0.1,3200,2,-1.0,0.06,0,0
0.1,3200,2,-1.0,0.0,0,0
0.1,3200,10,3484.0,0.99978,4,5
0.1,3200,10,2979.0,0.99123,5,6
0.1,3200,10,3405.0,0.26444,4,5
0.1,3200,10,2846.0,0.93216,4,5
0.1,3200,10,2710.0,0.99811,3,4
0.1,3200,10,3810.0,0.999,2,3
0.1,3200,10,3799.0,0.99978,2,3
0.1,3200,10,2940.0,0.9685,3,4
0.1,3200,10,3536.0,0.72321,2,3
0.1,3200,10,3243.0,0.83401,2,3
0.1,3200,10,2929.0,0.99833,2,3
0.1,3200,10,3186.0,0.97228,2,3
0.1,3200,10,3542.0,0.75642,2,3
0.1,3200,10,3348.0,0.99989,1,2
0.1,3200,10,2870.0,0.40397,2,3
0.1,3200,10,2580.0,0.81136,2,3
0.1,3200,10,2903.0,0.99321,1,2
0.1,3200,10,3420.0,0.95932,1,2
0.1,3200,10,3083.0,0.99123,1,2
0.1,3200,10,3204.0,0.9642,1,2
0.1,3200,10,2685.0,0.96849,1,2
0.1,3200,10,3779.0,0.83401,1,2
0.1,3200,10,-1.0,0.99999,0,0
0.1,3200,10,-1.0,0.99991,0,0
0.1,3200,10,2915.0,0.26442,1,2
0.1,3200,10,-1.0,0.99987,0,0
0.1,3200,10,-1.0,0.99993,0,0
0.1,3200,10,-1.0,0.99996,0,0
0.1,3200,10,-1.0,0.99997,0,0
0.1,3200,10,-1.0,0.99993,0,0
0.1,3200,10,-1.0,0.9999,0,0
0.1,3200,10,-1.0,0.99959,0,0
0.1,3200,10,-1.0,0.99228,0,0
0.1,3200,10,-1.0,0.1428,0,0
0.1,3200,10,-1.0,0.0,0,0
0.1,3200,10,-1.0,0.0,0,0
0.1,3200,8,3125.0,0.99003,5,6
0.1,3200,8,2972.0,0.98111,5,6
0.1,3200,8,3396.0,0.99641,4,5
0.1,3200,8,3411.0,0.9756,4,5
0.1,3200,8,3965.0,0.72321,3,4
0.1,3200,8,2972.0,0.98537,3,4
0.1,3200,8,3293.0,0.88688,3,4
0.1,3200,8,3238.0,0.90045,3,4
0.1,3200,8,3598.0,0.92291,2,3
0.1,3200,8,3049.0,0.98537,2,3
0.1,3200,8,3421.0,0.9642,2,3
0.1,3200,8,2937.0,0.97228,2,3
0.1,3200,8,3239.0,0.9756,2,3
0.1,3200,8,3349.0,0.81137,2,3
0.1,3200,8,3580.0,0.3,2,3
0.1,3200,8,3075.0,0.3227,2,3
0.1,3200,8,2749.0,0.99954,1,2
0.1,3200,8,3105.0,0.99537,1,2
0.1,3200,8,2885.0,0.99537,1,2
0.1,3200,8,3141.0,0.99321,1,2
0.1,3200,8,-1.0,0.99999,0,0
0.1,3200,8,3232.0,0.99402,1,2
0.1,3200,8,3557.0,0.93216,1,2
0.1,3200,8,3197.0,0.97228,1,2
0.1,3200,8,2703.0,0.99003,1,2
0.1,3200,8,3194.0,0.90045,1,2
0.1,3200,8,3054.0,0.7232,1,2
0.1,3200,8,-1.0,0.99996,0,0
0.1,3200,8,3171.0,0.40398,1,2
0.1,3200,8,3217.0,0.75642,1,2
0.1,3200,8,-1.0,0.99996,0,0
0.1,3200,8,3479.0,0.264,1,2
0.1,3200,8,-1.0,0.99228,0,0
0.1,3200,8,-1.0,0.99722,0,0
0.1,3200,8,-1.0,0.99941,0,0
0.1,3200,8,-1.0,0.1428,0,0
0.1,3200,8,-1.0,0.1428,0,0
0.1,3200,8,-1.0,0.0,0,0
0.1,3200,8,-1.0,0.0,0,0
0.1,3200,4,3194.0,0.99883,5,6
0.1,3200,4,3177.0,0.94747,5,6
0.1,3200,4,3432.0,0.99976,4,5
0.1,3200,4,3094.0,0.99375,4,5
0.1,3200,4,3045.0,0.88688,4,5
0.1,3200,4,3081.0,0.26443,4,5
0.1,3200,4,3424.0,0.99808,3,4
0.1,3200,4,3680.0,0.32266,3,4
0.1,3200,4,3448.0,0.95268,3,4
0.1,3200,4,3111.0,0.99402,3,4
0.1,3200,4,3625.0,0.9642,3,4
0.1,3200,4,3179.0,0.97228,3,4
0.1,3200,4,3807.0,0.99989,2,3
0.1,3200,4,2924.0,0.9938,2,3
0.1,3200,4,3416.0,0.78549,2,3
0.1,3200,4,2990.0,0.9685,2,3
0.1,3200,4,2506.0,0.99172,2,3
0.1,3200,4,3287.0,0.96835,2,3
0.1,3200,4,3384.0,0.99474,2,3
0.1,3200,4,3288.0,0.9756,2,3
0.1,3200,4,3114.0,0.97853,2,3
0.1,3200,4,3380.0,0.53834,2,3
0.1,3200,4,2882.0,0.97853,2,3
0.1,3200,4,3180.0,0.9642,2,3
0.1,3200,4,3444.0,0.98262,1,2
0.1,3200,4,2991.0,0.7232,2,3
0.1,3200,4,3069.0,0.58212,2,3
0.1,3200,4,2997.0,0.29998,2,3
0.1,3200,4,2916.0,0.99784,1,2
0.1,3200,4,3207.0,0.99443,1,2
0.1,3200,4,3098.0,0.9642,1,2
0.1,3200,4,3425.0,0.75629,1,2
0.1,3200,4,2459.0,0.98867,1,2
0.1,3200,4,-1.0,0.99978,0,0
0.1,3200,4,-1.0,0.41581,0,0
0.1,3200,4,-1.0,0.05999,0,0
0.1,3200,4,-1.0,0.0,0,0
0.1,3200,4,-1.0,0.0,0,0
0.1,3200,9,2884.0,0.98712,5,6
0.1,3200,9,3835.0,0.99959,4,5
0.1,3200,9,3314.0,0.99853,5,6
0.1,3200,9,3340.0,0.99123,4,5
0.1,3200,9,2662.0,0.98867,4,5
0.1,3200,9,3661.0,0.64257,4,5
0.1,3200,9,3959.0,0.9403,3,4
0.1,3200,9,3309.0,0.87146,3,4
0.1,3200,9,3047.0,0.9124,3,4
0.1,3200,9,2915.0,0.64256,3,4
0.1,3200,9,4204.0,0.99964,2,3
0.1,3200,9,3759.0,0.99992,2,3
0.1,3200,9,3312.0,0.99833,2,3
0.1,3200,9,2947.0,0.99321,2,3
0.1,3200,9,3117.0,0.9124,2,3
0.1,3200,9,3589.0,0.98867,2,3
0.1,3200,9,3449.0,0.99996,1,2
0.1,3200,9,3468.0,0.95932,2,3
0.1,3200,9,3287.0,0.75642,2,3
0.1,3200,9,2815.0,0.98712,2,3
0.1,3200,9,3690.0,0.99981,1,2
0.1,3200,9,3213.0,0.3227,2,3
0.1,3200,9,3523.0,0.9999,1,2
0.1,3200,9,2932.0,0.99985,1,2
0.1,3200,9,3451.0,0.98111,1,2
0.1,3200,9,3211.0,0.99537,1,2
0.1,3200,9,2892.0,0.99756,1,2
0.1,3200,9,2792.0,0.99474,1,2
0.1,3200,9,3053.0,0.99402,1,2
0.1,3200,9,3074.0,0.99402,1,2
0.1,3200,9,3373.0,0.93216,1,2
0.1,3200,9,3129.0,0.98111,1,2
0.1,3200,9,2848.0,0.78564,1,2
0.1,3200,9,-1.0,0.99853,0,0
0.1,3200,9,-1.0,0.1428,0,0
0.1,3200,6,2887.0,0.88688,5,6
0.1,3200,6,4086.0,0.98337,4,5
0.1,3200,6,3062.0,0.99394,5,6
0.1,3200,6,2876.0,0.5938,5,6
0.1,3200,6,3112.0,0.95927,4,5
0.1,3200,6,3301.0,0.9756,4,5
0.1,3200,6,3298.0,0.98111,4,5
0.1,3200,6,3589.0,0.26398,4,5
0.1,3200,6,3005.0,0.83394,3,4
0.1,3200,6,3109.0,0.99321,3,4
0.1,3200,6,2746.0,0.99312,3,4
0.1,3200,6,2816.0,0.85392,3,4
0.1,3200,6,3007.0,0.97228,3,4
0.1,3200,6,3178.0,0.99997,2,3
0.1,3200,6,3727.0,0.99992,2,3
0.1,3200,6,3602.0,0.99968,2,3
0.1,3200,6,2719.0,0.99981,2,3
0.1,3200,6,3037.0,0.99878,2,3
0.1,3200,6,3499.0,0.94026,2,3
0.1,3200,6,3780.0,0.87146,2,3
0.1,3200,6,3868.0,0.88688,2,3
0.1,3200,6,3314.0,0.3227,2,3
0.1,3200,6,2886.0,0.99402,2,3
0.1,3200,6,3217.0,0.98861,2,3
0.1,3200,6,2847.0,0.81132,2,3
0.1,3200,6,3228.0,0.83401,2,3
0.1,3200,6,3060.0,0.99998,1,2
0.1,3200,6,3201.0,0.9756,2,3
0.1,3200,6,4112.0,0.99993,1,2
0.1,3200,6,3753.0,0.99976,1,2
0.1,3200,6,3501.0,0.99593,1,2
0.1,3200,6,2809.0,0.9994,1,2
0.1,3200,6,2666.0,0.40394,2,3
0.1,3200,6,3504.0,0.99586,1,2
0.1,3200,6,2851.0,0.99947,1,2
0.1,3200,6,-1.0,0.1428,0,0
0.1,3200,6,-1.0,0.06,0,0
0.1,3200,6,-1.0,0.0,0,0
0.1,3200,7,3473.0,0.99989,4,5
0.1,3200,7,3260.0,0.99957,4,5
0.1,3200,7,3638.0,0.88688,5,6
0.1,3200,7,3114.0,0.81137,5,6
0.1,3200,7,3222.0,0.93216,4,5
0.1,3200,7,4021.0,0.64257,4,5
0.1,3200,7,3553.0,0.47549,4,5
0.1,3200,7,3467.0,0.29999,4,5
0.1,3200,7,3540.0,0.72321,3,4
0.1,3200,7,3237.0,1.0,2,3
0.1,3200,7,3334.0,0.26444,3,4
0.1,3200,7,3392.0,0.93216,3,4
0.1,3200,7,2746.0,0.99996,2,3
0.1,3200,7,2799.0,0.90043,3,4
0.1,3200,7,2798.0,0.53843,3,4
0.1,3200,7,3455.0,0.53844,3,4
0.1,3200,7,3548.0,0.9642,2,3
0.1,3200,7,3271.0,0.98337,2,3
0.1,3200,7,3542.0,0.59383,2,3
0.1,3200,7,3119.0,0.94747,2,3
0.1,3200,7,3531.0,0.99997,1,2
0.1,3200,7,2991.0,0.9642,2,3
0.1,3200,7,3424.0,0.81137,2,3
0.1,3200,7,3519.0,0.99993,1,2
0.1,3200,7,3523.0,0.99997,1,2
0.1,3200,7,3141.0,0.3227,2,3
0.1,3200,7,3543.0,0.26444,2,3
0.1,3200,7,3707.0,0.23231,2,3
0.1,3200,7,3558.0,0.99976,1,2
0.1,3200,7,3242.0,0.26399,2,3
0.1,3200,7,3308.0,0.95932,2,3
0.1,3200,7,3375.0,0.99945,1,2
0.1,3200,7,3585.0,0.90046,1,2
0.1,3200,7,3227.0,0.99228,1,2
0.1,3200,7,-1.0,0.33618,0,0
0.1,3200,7,-1.0,0.33617,0,0
0.1,3200,7,-1.0,0.1428,0,0
0.1,3200,7,-1.0,0.06,0,0
0.1,3200,7,-1.0,0.0,0,0
0.1,3200,7,-1.0,0.0,0,0
0.1,3200,7,-1.0,0.0,0,0
0.1,3200,7,-1.0,0.0,0,0
0.1,3200,15,3627.0,0.0,4,5
0.1,3200,15,2908.0,0.0,5,6
0.1,3200,15,3311.0,0.0,3,4
0.1,3200,15,3263.0,0.0,2,3
0.1,3200,15,2903.0,0.0,2,3
0.1,3200,15,2841.0,0.0,2,3
0.1,3200,15,2752.0,0.0,2,3
0.1,3200,15,-1.0,0.0,0,0
0.1,3200,15,-1.0,0.0,0,0
0.1,3200,15,-1.0,0.0,0,0
0.1,3200,15,-1.0,0.0,0,0
0.1,3200,15,-1.0,0.0,0,0
0.1,3200,15,-1.0,0.0,0,0
0.1,3200,15,-1.0,0.0,0,0
0.1,3200,15,-1.0,0.0,0,0
0.1,3200,15,-1.0,0.0,0,0
0.1,3200,15,-1.0,0.0,0,0
0.1,3200,15,-1.0,0.0,0,0
0.1,3200,15,-1.0,0.0,0,0
0.1,3200,15,-1.0,0.0,0,0
0.1,3200,15,-1.0,0.0,0,0
0.1,3200,15,-1.0,0.0,0,0
0.1,3200,15,-1.0,0.0,0,0
0.1,3200,15,-1.0,0.0,0,0
0.1,3200,13,3287.0,0.90046,5,6
0.1,3200,13,3161.0,0.99976,5,6
0.1,3200,13,2921.0,0.99641,5,6
0.1,3200,13,3018.0,0.2323,5,6
0.1,3200,13,3381.0,0.75642,4,5
0.1,3200,13,3197.0,0.97228,4,5
0.1,3200,13,2996.0,0.88688,4,5
0.1,3200,13,3950.0,0.99968,3,4
0.1,3200,13,3184.0,0.99537,3,4
0.1,3200,13,2928.0,0.99887,3,4
0.1,3200,13,2930.0,0.99123,3,4
0.1,3200,13,2899.0,0.88688,3,4
0.1,3200,13,2956.0,0.97853,3,4
0.1,3200,13,3003.0,0.95377,3,4
0.1,3200,13,3617.0,0.99998,2,3
0.1,3200,13,3460.0,0.83401,3,4
0.1,3200,13,2975.0,0.99912,2,3
0.1,3200,13,3259.0,0.99959,2,3
0.1,3200,13,3430.0,0.99912,2,3
0.1,3200,13,3672.0,0.99003,2,3
0.1,3200,13,3683.0,0.99811,2,3
0.1,3200,13,3450.0,0.98867,2,3
0.1,3200,13,3596.0,0.87146,2,3
0.1,3200,13,3224.0,0.64257,2,3
0.1,3200,13,3267.0,0.53844,2,3
0.1,3200,13,3249.0,0.93216,2,3
0.1,3200,13,3114.0,0.81137,2,3
0.1,3200,13,2424.0,0.9994,2,3
0.1,3200,13,3261.0,0.81137,2,3
0.1,3200,13,3070.0,0.99994,1,2
0.1,3200,13,3668.0,0.99976,1,2
0.1,3200,13,3050.0,0.75642,2,3
0.1,3200,13,3300.0,0.9994,1,2
0.1,3200,13,2992.0,0.99954,1,2
0.1,3200,13,-1.0,0.33618,0,0
0.1,3200,13,-1.0,0.0,0,0
0.1,3200,12,3216.0,0.26399,5,6
0.1,3200,12,3104.0,0.86413,5,6
0.1,3200,12,3466.0,0.98111,5,6
0.1,3200,12,3280.0,0.98967,4,5
0.1,3200,12,3516.0,0.72321,5,6
0.1,3200,12,2840.0,0.99636,5,6
0.1,3200,12,2828.0,0.99985,4,5
0.1,3200,12,2804.0,0.97223,4,5
0.1,3200,12,3343.0,0.71396,4,5
0.1,3200,12,2964.0,0.99136,3,4
0.1,3200,12,3554.0,0.26444,4,5
0.1,3200,12,3536.0,0.85393,4,5
0.1,3200,12,3293.0,0.83401,3,4
0.1,3200,12,3169.0,0.90041,3,4
0.1,3200,12,3459.0,0.97228,3,4
0.1,3200,12,3217.0,0.75638,3,4
0.1,3200,12,3308.0,0.95396,3,4
0.1,3200,12,3706.0,0.9906,2,3
0.1,3200,12,3523.0,0.99992,2,3
0.1,3200,12,2691.0,0.82664,3,4
0.1,3200,12,3237.0,0.99871,2,3
0.1,3200,12,3503.0,0.59383,3,4
0.1,3200,12,3433.0,0.99932,2,3
0.1,3200,12,3440.0,0.26133,3,4
0.1,3200,12,3040.0,0.9968,2,3
0.1,3200,12,3036.0,0.9994,2,3
0.1,3200,12,3315.0,0.95932,2,3
0.1,3200,12,2730.0,0.999,2,3
0.1,3200,12,3469.0,0.97848,2,3
0.1,3200,12,3271.0,0.97267,2,3
0.1,3200,12,3039.0,0.98774,2,3
0.1,3200,12,3834.0,0.9803,2,3
0.1,3200,12,3189.0,0.93211,2,3
0.1,3200,12,2749.0,0.99313,2,3
0.1,3200,12,3037.0,0.97867,2,3
0.1,3200,12,3169.0,0.92291,2,3
0.1,3200,12,-1.0,0.06,0,0
0.1,3200,12,-1.0,0.0,0,0
0.1,3200,12,-1.0,0.0,0,0
0.1,3200,14,3038.0,0.92291,5,6
0.1,3200,14,3557.0,0.53844,5,6
0.1,3200,14,3260.0,0.64257,5,6
0.1,3200,14,3227.0,0.83401,4,5
0.1,3200,14,3688.0,0.53844,4,5
0.1,3200,14,3018.0,0.9685,4,5
0.1,3200,14,2329.0,0.2998,4,5
0.1,3200,14,3323.0,0.78565,3,4
0.1,3200,14,3001.0,0.95377,3,4
0.1,3200,14,3433.0,0.72321,3,4
0.1,3200,14,3198.0,0.68546,3,4
0.1,3200,14,3349.0,0.99989,2,3
0.1,3200,14,3032.0,0.9124,2,3
0.1,3200,14,3267.0,0.90046,2,3
0.1,3200,14,3819.0,0.53844,2,3
0.1,3200,14,3717.0,0.87146,2,3
0.1,3200,14,2647.0,0.87145,2,3
0.1,3200,14,3543.0,0.53844,2,3
0.1,3200,14,2554.0,0.81136,2,3
0.1,3200,14,3527.0,0.9124,2,3
0.1,3200,14,2669.0,0.99999,1,2
0.1,3200,14,3146.0,0.4755,2,3
0.1,3200,14,2939.0,0.78565,2,3
0.1,3200,14,2919.0,0.99993,1,2
0.1,3200,14,3003.0,0.95377,1,2
0.1,3200,14,3425.0,0.98111,1,2
0.1,3200,14,2622.0,0.99833,1,2
0.1,3200,14,3362.0,0.72321,1,2
0.1,3200,14,3522.0,0.85393,1,2
0.1,3200,14,2879.0,0.97853,1,2
0.1,3200,14,3085.0,0.97228,1,2
0.1,3200,14,3143.0,0.59383,1,2
0.1,3200,14,2892.0,0.26442,1,2
0.1,3200,14,3208.0,0.78565,1,2
0.1,3200,14,-1.0,0.24566,0,0
0.1,3200,14,-1.0,0.0,0,0
0.1,3200,14,-1.0,0.0,0,0
0.1,3200,16,2770.0,0.99756,5,6
0.1,3200,16,3250.0,0.78565,5,6
0.1,3200,16,3123.0,0.99833,4,5
0.1,3200,16,3196.0,0.64257,4,5
0.1,3200,16,2877.0,0.99923,3,4
0.1,3200,16,3334.0,0.99537,3,4
0.1,3200,16,3169.0,0.78565,3,4
0.1,3200,16,3815.0,0.99997,2,3
0.1,3200,16,2653.0,0.99987,2,3
0.1,3200,16,2938.0,0.99321,2,3
0.1,3200,16,3215.0,0.999,2,3
0.1,3200,16,3048.0,0.99853,2,3
0.1,3200,16,3412.0,0.68546,2,3
0.1,3200,16,2758.0,0.98337,2,3
0.1,3200,16,2998.0,0.59382,2,3
0.1,3200,16,2850.0,0.90045,2,3
0.1,3200,16,3071.0,0.26398,2,3
0.1,3200,16,3459.0,0.99402,1,2
0.1,3200,16,3522.0,0.98337,1,2
0.1,3200,16,3077.0,0.99947,1,2
0.1,3200,16,3019.0,0.99947,1,2
0.1,3200,16,3160.0,0.99123,1,2
0.1,3200,16,3223.0,0.99474,1,2
0.1,3200,16,3460.0,0.95932,1,2
0.1,3200,16,3172.0,0.98111,1,2
0.1,3200,16,3304.0,0.26399,1,2
0.1,3200,16,3044.0,0.90045,1,2
0.1,3200,16,2654.0,0.98337,1,2
0.1,3200,16,3386.0,0.81137,1,2
0.1,3200,16,2523.0,0.92291,1,2
0.1,3200,16,2961.0,0.88688,1,2
0.1,3200,16,3282.0,0.72321,1,2
0.1,3200,16,-1.0,0.99912,0,0
0.1,3200,16,-1.0,0.99984,0,0
0.1,3200,16,-1.0,0.0,0,0
0.1,3200,16,-1.0,0.0,0,0
0.1,3200,17,3536.0,0.68545,5,6
0.1,3200,17,3088.0,0.99402,5,6
0.1,3200,17,3542.0,0.64257,4,5
0.1,3200,17,3390.0,0.98109,4,5
0.1,3200,17,3724.0,0.99402,3,4
0.1,3200,17,3205.0,0.23231,3,4
0.1,3200,17,3906.0,0.29999,3,4
0.1,3200,17,3150.0,0.99997,2,3
0.1,3200,17,3376.0,0.9994,2,3
0.1,3200,17,3709.0,0.98537,2,3
0.1,3200,17,2931.0,0.96417,2,3
0.1,3200,17,2538.0,0.91238,2,3
0.1,3200,17,3825.0,0.64256,2,3
0.1,3200,17,3320.0,0.83399,2,3
0.1,3200,17,2998.0,0.90045,2,3
0.1,3200,17,3063.0,0.78565,2,3
0.1,3200,17,3627.0,0.99003,1,2
0.1,3200,17,2923.0,0.99593,1,2
0.1,3200,17,3180.0,0.99756,1,2
0.1,3200,17,2990.0,0.99402,1,2
0.1,3200,17,3114.0,0.99001,1,2
0.1,3200,17,2983.0,0.98711,1,2
0.1,3200,17,2822.0,0.98535,1,2
0.1,3200,17,2733.0,0.98336,1,2
0.1,3200,17,3290.0,0.90044,1,2
0.1,3200,17,-1.0,0.99997,0,0
0.1,3200,17,3114.0,0.88688,1,2
0.1,3200,17,3693.0,0.26444,1,2
0.1,3200,17,3272.0,0.93214,1,2
0.1,3200,17,-1.0,0.99994,0,0
0.1,3200,17,2852.0,0.81126,1,2
0.1,3200,17,-1.0,0.99996,0,0
0.1,3200,17,-1.0,0.99981,0,0
0.1,3200,17,-1.0,0.99964,0,0
0.1,3200,17,-1.0,0.06,0,0
0.1,3200,17,-1.0,0.0,0,0
0.1,3200,17,-1.0,0.0,0,0
0.1,6400,0,6121.0,0.40398,2,3
0.1,6400,0,7511.0,1.0,1,2
0.1,6400,0,6720.0,0.99738,2,3
0.1,6400,0,6403.0,0.9756,2,3
0.1,6400,0,6583.0,0.99808,1,2
0.1,6400,0,6706.0,0.83401,1,2
0.1,6400,0,6110.0,0.95377,1,2
0.1,6400,0,5145.0,0.99871,1,2
0.1,6400,0,-1.0,0.99984,0,0
0.1,6400,0,-1.0,0.99988,0,0
0.1,6400,0,-1.0,0.9642,0,0
0.1,6400,0,-1.0,0.95932,0,0
0.1,6400,0,-1.0,0.9685,0,0
0.1,6400,0,-1.0,0.59383,0,0
0.1,6400,0,-1.0,0.88688,0,0
0.1,6400,0,-1.0,1.0,0,0
0.1,6400,0,-1.0,0.99986,0,0
0.1,6400,0,-1.0,0.99981,0,0
0.1,6400,0,-1.0,0.99815,0,0
0.1,6400,0,-1.0,0.99753,0,0
0.1,6400,0,-1.0,0.99631,0,0
0.1,6400,0,-1.0,0.96491,0,0
0.1,6400,0,-1.0,0.95469,0,0
0.1,6400,0,-1.0,0.95469,0,0
0.1,6400,0,-1.0,0.94149,0,0
0.1,6400,0,-1.0,0.93351,0,0
0.1,6400,0,-1.0,0.85683,0,0
0.1,6400,0,-1.0,0.78992,0,0
0.1,6400,0,-1.0,0.48594,0,0
0.1,6400,0,-1.0,0.1428,0,0
0.1,3200,18,3346.0,0.78565,5,6
0.1,3200,18,3686.0,0.99003,5,6
0.1,3200,18,3053.0,0.9124,4,5
0.1,3200,18,3076.0,0.98537,4,5
0.1,3200,18,3971.0,0.53844,3,4
0.1,3200,18,3695.0,0.94747,3,4
0.1,3200,18,3515.0,0.64257,3,4
0.1,3200,18,2930.0,0.9403,3,4
0.1,3200,18,3214.0,0.98337,2,3
0.1,3200,18,3206.0,0.98537,2,3
0.1,3200,18,3078.0,0.97228,2,3
0.1,3200,18,3728.0,0.40398,2,3
0.1,3200,18,3652.0,0.95932,2,3
0.1,3200,18,3212.0,0.94747,2,3
0.1,3200,18,3247.0,0.98537,2,3
0.1,3200,18,3408.0,0.26399,2,3
0.1,3200,18,3627.0,0.97853,1,2
0.1,3200,18,3164.0,0.99474,1,2
0.1,3200,18,2892.0,0.99853,1,2
0.1,3200,18,3125.0,0.99228,1,2
0.1,3200,18,3497.0,0.95377,1,2
0.1,3200,18,2959.0,0.99833,1,2
0.1,3200,18,3191.0,0.9642,1,2
0.1,3200,18,2880.0,0.98867,1,2
0.1,3200,18,3153.0,0.99593,1,2
0.1,3200,18,3147.0,0.98537,1,2
0.1,3200,18,2973.0,0.95932,1,2
0.1,3200,18,3224.0,0.9124,1,2
0.1,3200,18,3293.0,0.9756,1,2
0.1,3200,18,3689.0,0.4755,1,2
0.1,3200,18,3125.0,0.81137,1,2
0.1,3200,18,3026.0,0.26443,1,2
0.1,3200,18,-1.0,0.99641,0,0
0.1,3200,18,-1.0,0.23231,0,0
0.1,3200,18,-1.0,0.99994,0,0
0.1,3200,18,-1.0,0.33618,0,0
0.1,3200,18,-1.0,0.33618,0,0
0.1,3200,18,-1.0,0.1428,0,0
0.1,3200,18,-1.0,0.06,0,0
0.1,3200,18,-1.0,0.0,0,0
0.1,3200,18,-1.0,0.0,0,0
0.1,3200,21,3300.0,0.99994,4,5
0.1,3200,21,2968.0,0.99474,4,5
0.1,3200,21,3980.0,0.9642,3,4
0.1,3200,21,3226.0,0.99987,2,3
0.1,3200,21,2753.0,0.99968,2,3
0.1,3200,21,2967.0,0.93216,2,3
0.1,3200,21,3833.0,0.99978,1,2
0.1,3200,21,3354.0,0.99947,1,2
0.1,3200,21,3438.0,0.99887,1,2
0.1,3200,21,3005.0,0.99964,1,2
0.1,3200,21,3537.0,0.88688,1,2
0.1,3200,21,3436.0,0.92291,1,2
0.1,3200,21,-1.0,0.99983,0,0
0.1,3200,21,2577.0,0.94746,1,2
0.1,3200,21,-1.0,0.99995,0,0
0.1,3200,21,-1.0,0.99968,0,0
0.1,3200,21,-1.0,0.99641,0,0
0.1,3200,21,-1.0,0.99923,0,0
0.1,3200,21,-1.0,0.99947,0,0
0.1,3200,21,-1.0,0.99853,0,0
0.1,3200,21,-1.0,0.99321,0,0
0.1,3200,21,-1.0,0.97228,0,0
0.1,3200,21,-1.0,0.94747,0,0
0.1,3200,21,-1.0,0.26444,0,0
0.1,3200,21,-1.0,0.68546,0,0
0.1,3200,21,-1.0,0.47548,0,0
0.1,3200,21,-1.0,0.99991,0,0
0.1,3200,21,-1.0,0.99984,0,0
0.1,3200,21,-1.0,0.99976,0,0
0.1,3200,21,-1.0,0.99969,0,0
0.1,3200,21,-1.0,0.9996,0,0
0.1,3200,21,-1.0,0.99955,0,0
0.1,3200,21,-1.0,0.99948,0,0
0.1,3200,21,-1.0,0.99933,0,0
0.1,3200,21,-1.0,0.33618,0,0
0.1,3200,21,-1.0,0.0,0,0
0.1,6400,1,7460.0,0.83401,2,3
0.1,6400,1,6981.0,1.0,1,2
0.1,6400,1,6586.0,0.96057,1,2
0.1,6400,1,6166.0,1.0,1,2
0.1,6400,1,5730.0,1.0,1,2
0.1,6400,1,7049.0,1.0,1,2
0.1,6400,1,5695.0,0.99932,1,2
0.1,6400,1,6452.0,0.88688,1,2
0.1,6400,1,7334.0,0.264,1,2
0.1,6400,1,-1.0,0.98386,0,0
0.1,6400,1,6330.0,0.85393,1,2
0.1,6400,1,-1.0,0.99993,0,0
0.1,6400,1,-1.0,0.99474,0,0
0.1,6400,1,-1.0,0.9756,0,0
0.1,6400,1,-1.0,1.0,0,0
0.1,6400,1,-1.0,0.47551,0,0
0.1,6400,1,-1.0,0.9403,0,0
0.1,6400,1,-1.0,0.59383,0,0
0.1,6400,1,-1.0,1.0,0,0
0.1,6400,1,-1.0,0.97981,0,0
0.1,6400,1,-1.0,0.80453,0,0
0.1,6400,1,-1.0,0.38301,0,0
0.1,6400,1,-1.0,0.99991,0,0
0.1,6400,1,-1.0,0.99902,0,0
0.1,6400,1,-1.0,0.99243,0,0
0.1,6400,1,-1.0,0.96912,0,0
0.1,6400,1,-1.0,0.92445,0,0
0.1,6400,1,-1.0,0.83731,0,0
0.1,6400,1,-1.0,0.78992,0,0
0.1,6400,1,-1.0,0.76127,0,0
0.1,6400,1,-1.0,0.41584,0,0
0.1,6400,1,-1.0,0.24566,0,0
0.1,6400,1,-1.0,0.0,0,0
0.1,6400,2,6693.0,1.0,1,2
0.1,6400,2,6242.0,0.95377,2,3
0.1,6400,2,6660.0,0.8712,2,3
0.1,6400,2,5687.0,0.99887,2,3
0.1,6400,2,6199.0,0.99995,1,2
0.1,6400,2,6511.0,0.99641,2,3
0.1,6400,2,6464.0,0.98337,1,2
0.1,6400,2,5509.0,0.99321,1,2
0.1,6400,2,-1.0,1.0,0,0
0.1,6400,2,7013.0,0.32271,1,2
0.1,6400,2,6128.0,0.99089,1,2
0.1,6400,2,-1.0,0.99996,0,0
0.1,6400,2,-1.0,0.98713,0,0
0.1,6400,2,-1.0,0.98537,0,0
0.1,6400,2,-1.0,0.9994,0,0
0.1,6400,2,-1.0,0.97827,0,0
0.1,6400,2,-1.0,0.23227,0,0
0.1,6400,2,-1.0,0.94747,0,0
0.1,6400,2,-1.0,0.98867,0,0
0.1,6400,2,-1.0,1.0,0,0
0.1,6400,2,-1.0,0.97555,0,0
0.1,6400,2,-1.0,1.0,0,0
0.1,6400,2,-1.0,0.53844,0,0
0.1,6400,2,-1.0,0.99995,0,0
0.1,6400,2,-1.0,0.99914,0,0
0.1,6400,2,-1.0,0.99837,0,0
0.1,6400,2,-1.0,0.99484,0,0
0.1,6400,2,-1.0,0.99023,0,0
0.1,6400,2,-1.0,0.98864,0,0
0.1,6400,2,-1.0,0.98371,0,0
0.1,6400,2,-1.0,0.98371,0,0
0.1,6400,2,-1.0,0.97896,0,0
0.1,6400,2,-1.0,0.97609,0,0
0.1,6400,2,-1.0,0.97254,0,0
0.1,6400,2,-1.0,0.96486,0,0
0.1,6400,2,-1.0,0.33618,0,0
0.1,6400,2,-1.0,0.1428,0,0
0.1,6400,2,-1.0,0.0,0,0
0.1,6400,3,6830.0,0.0,2,3
0.1,6400,3,6022.0,0.0,1,2
0.1,6400,3,7300.0,0.59383,2,3
0.1,6400,3,5917.0,0.0,2,3
0.1,6400,3,7099.0,0.0,1,2
0.1,6400,3,5747.0,0.99932,1,2
0.1,6400,3,-1.0,0.99978,0,0
0.1,6400,3,-1.0,0.0,0,0
0.1,6400,3,-1.0,0.72321,0,0
0.1,6400,3,-1.0,0.99973,0,0
0.1,6400,3,-1.0,0.99902,0,0
0.1,6400,3,-1.0,0.0,0,0
0.1,6400,3,-1.0,0.0,0,0
0.1,6400,3,-1.0,0.64968,0,0
0.1,6400,3,-1.0,0.0,0,0
0.1,6400,3,-1.0,0.41584,0,0
0.1,3200,20,3584.0,0.99871,4,5
0.1,3200,20,3606.0,0.93216,5,6
0.1,3200,20,3284.0,0.99537,4,5
0.1,3200,20,2843.0,0.93216,4,5
0.1,3200,20,3016.0,0.99537,3,4
0.1,3200,20,3128.0,0.93216,3,4
0.1,3200,20,3198.0,0.99321,3,4
0.1,3200,20,3404.0,0.99947,2,3
0.1,3200,20,2820.0,0.99684,2,3
0.1,3200,20,2750.0,0.99923,2,3
0.1,3200,20,2974.0,0.9685,2,3
0.1,3200,20,3757.0,0.99997,1,2
0.1,3200,20,3074.0,0.99228,2,3
0.1,3200,20,3237.0,0.99994,1,2
0.1,3200,20,3298.0,0.99981,1,2
0.1,3200,20,2782.0,0.99992,1,2
0.1,3200,20,3376.0,0.99474,1,2
0.1,3200,20,3069.0,0.99722,1,2
0.1,3200,20,3086.0,0.99785,1,2
0.1,3200,20,3193.0,0.99474,1,2
0.1,3200,20,3131.0,0.97228,1,2
0.1,3200,20,3483.0,0.95932,1,2
0.1,3200,20,3307.0,0.97228,1,2
0.1,3200,20,3009.0,0.99402,1,2
0.1,3200,20,2791.0,0.99756,1,2
0.1,3200,20,3228.0,0.53844,1,2
0.1,3200,20,-1.0,0.99998,0,0
0.1,3200,20,3249.0,0.26399,1,2
0.1,3200,20,-1.0,0.99987,0,0
0.1,3200,20,-1.0,0.99923,0,0
0.1,3200,20,-1.0,0.99978,0,0
0.1,3200,20,-1.0,0.99959,0,0
0.1,3200,20,-1.0,0.95932,0,0
0.1,3200,20,-1.0,0.9642,0,0
0.1,3200,20,-1.0,0.98712,0,0
0.1,3200,20,-1.0,0.41584,0,0
0.1,3200,20,-1.0,0.0,0,0
0.1,6400,4,6767.0,0.91215,2,3
0.1,6400,4,6522.0,0.22235,1,2
0.1,6400,4,7602.0,1.0,1,2
0.1,6400,4,6944.0,0.57624,1,2
0.1,6400,4,6240.0,0.95377,2,3
0.1,6400,4,6424.0,0.99857,1,2
0.1,6400,4,6864.0,0.37909,1,2
0.1,6400,4,5530.0,0.99228,1,2
0.1,6400,4,5809.0,0.9403,1,2
0.1,6400,4,-1.0,0.39398,0,0
0.1,6400,4,-1.0,0.99969,0,0
0.1,6400,4,-1.0,0.66376,0,0
0.1,6400,4,-1.0,0.40378,0,0
0.1,6400,4,-1.0,0.78565,0,0
0.1,6400,4,-1.0,0.98111,0,0
0.1,6400,4,-1.0,0.85393,0,0
0.1,6400,4,-1.0,0.18529,0,0
0.1,6400,4,-1.0,1.0,0,0
0.1,6400,4,-1.0,0.18194,0,0
0.1,6400,4,-1.0,0.99974,0,0
0.1,6400,4,-1.0,0.99853,0,0
0.1,6400,4,-1.0,0.59592,0,0
0.1,6400,4,-1.0,0.99023,0,0
0.1,6400,4,-1.0,0.97283,0,0
0.1,6400,4,-1.0,0.616,0,0
0.1,6400,4,-1.0,0.93351,0,0
0.1,6400,4,-1.0,0.92445,0,0
0.1,6400,4,-1.0,0.87396,0,0
0.1,6400,4,-1.0,0.78992,0,0
0.1,6400,4,-1.0,0.72871,0,0
0.1,6400,4,-1.0,0.14279,0,0
0.1,6400,4,-1.0,0.0,0,0
0.1,6400,5,6829.0,0.0,2,3
0.1,6400,5,6839.0,0.0,2,3
0.1,6400,5,7138.0,0.0,1,2
0.1,6400,5,5971.0,0.0,1,2
0.1,6400,5,6439.0,0.0,1,2
0.1,6400,5,6868.0,0.0,2,3
0.1,6400,5,5492.0,0.0,2,3
0.1,6400,5,7244.0,0.0,1,2
0.1,6400,5,6483.0,0.0,1,2
0.1,6400,5,6130.0,0.0,2,3
0.1,6400,5,-1.0,0.0,0,0
0.1,6400,5,-1.0,0.0,0,0
0.1,6400,5,-1.0,0.0,0,0
0.1,6400,5,-1.0,0.0,0,0
0.1,6400,5,-1.0,0.0,0,0
0.1,6400,5,-1.0,0.0,0,0
0.1,6400,5,-1.0,0.0,0,0
0.1,6400,5,-1.0,0.0,0,0
0.1,6400,5,-1.0,0.0,0,0
0.1,6400,5,-1.0,0.0,0,0
0.1,6400,5,-1.0,0.0,0,0
0.1,6400,5,-1.0,0.0,0,0
0.1,3200,19,3148.0,0.98537,5,6
0.1,3200,19,3452.0,0.93216,5,6
0.1,3200,19,2996.0,0.95921,5,6
0.1,3200,19,3390.0,0.99993,4,5
0.1,3200,19,3427.0,0.72321,4,5
0.1,3200,19,3008.0,0.97228,4,5
0.1,3200,19,3682.0,0.78554,4,5
0.1,3200,19,3390.0,0.99105,4,5
0.1,3200,19,3441.0,0.53831,3,4
0.1,3200,19,3192.0,0.9685,3,4
0.1,3200,19,3972.0,0.9403,3,4
0.1,3200,19,2460.0,0.99982,3,4
0.1,3200,19,2806.0,0.40388,3,4
0.1,3200,19,3115.0,0.99228,3,4
0.1,3200,19,3260.0,0.4755,3,4
0.1,3200,19,2878.0,0.99893,3,4
0.1,3200,19,3121.0,0.99744,2,3
0.1,3200,19,3056.0,0.95932,2,3
0.1,3200,19,3464.0,0.98537,2,3
0.1,3200,19,3365.0,0.92273,2,3
0.1,3200,19,3480.0,0.98532,2,3
0.1,3200,19,3239.0,0.9642,2,3
0.1,3200,19,3576.0,0.26394,2,3
0.1,3200,19,2866.0,0.98337,2,3
0.1,3200,19,3028.0,0.99712,2,3
0.1,3200,19,2617.0,0.99529,2,3
0.1,3200,19,3150.0,0.99221,2,3
0.1,3200,19,3131.0,0.75642,2,3
0.1,3200,19,3693.0,0.72321,2,3
0.1,3200,19,3277.0,0.98111,2,3
0.1,3200,19,2977.0,0.87136,2,3
0.1,3200,19,2439.0,0.29986,2,3
0.1,3200,19,2826.0,0.99961,1,2
0.1,3200,19,-1.0,0.99952,0,0
0.1,3200,19,-1.0,0.99933,0,0
0.1,3200,19,-1.0,0.24566,0,0
0.1,3200,19,-1.0,0.14277,0,0
0.1,3200,19,-1.0,0.0,0,0
0.1,3200,19,-1.0,0.0,0,0
0.1,3200,22,3100.0,0.99321,5,6
0.1,3200,22,2886.0,0.26442,5,6
0.1,3200,22,2783.0,0.99402,5,6
0.1,3200,22,3444.0,0.87146,4,5
0.1,3200,22,3031.0,0.99003,4,5
0.1,3200,22,3249.0,0.97853,4,5
0.1,3200,22,2666.0,0.99833,3,4
0.1,3200,22,4001.0,0.95377,3,4
0.1,3200,22,3214.0,0.9756,3,4
0.1,3200,22,3170.0,0.88688,3,4
0.1,3200,22,3084.0,0.78565,3,4
0.1,3200,22,3266.0,0.99972,2,3
0.1,3200,22,2667.0,0.98867,2,3
0.1,3200,22,3060.0,0.88688,2,3
0.1,3200,22,3531.0,0.95932,2,3
0.1,3200,22,3588.0,0.78565,2,3
0.1,3200,22,3207.0,0.97228,2,3
0.1,3200,22,3401.0,0.83401,2,3
0.1,3200,22,3157.0,0.99684,2,3
0.1,3200,22,3238.0,0.97228,2,3
0.1,3200,22,3350.0,0.93216,2,3
0.1,3200,22,3268.0,0.9403,2,3
0.1,3200,22,3072.0,0.81137,2,3
0.1,3200,22,2919.0,0.9642,2,3
0.1,3200,22,2899.0,0.99853,1,2
0.1,3200,22,3060.0,0.97228,1,2
0.1,3200,22,3387.0,0.92291,1,2
0.1,3200,22,3613.0,0.94747,1,2
0.1,3200,22,4029.0,0.40398,1,2
0.1,3200,22,2886.0,0.99321,1,2
0.1,3200,22,3296.0,0.9124,1,2
0.1,3200,22,2858.0,0.99785,1,2
0.1,3200,22,3466.0,0.97228,1,2
0.1,3200,22,-1.0,0.99912,0,0
0.1,3200,22,-1.0,0.99989,0,0
0.1,3200,22,-1.0,0.1428,0,0
0.1,3200,22,-1.0,0.0,0,0
0.1,3200,24,3594.0,0.99996,4,5
0.1,3200,24,3582.0,0.68546,5,6
0.1,3200,24,2993.0,0.99994,4,5
0.1,3200,24,2915.0,0.9985,4,5
0.1,3200,24,3368.0,0.78565,4,5
0.1,3200,24,2730.0,0.93216,4,5
0.1,3200,24,2378.0,0.99894,3,4
0.1,3200,24,3776.0,0.9124,3,4
0.1,3200,24,3471.0,0.72321,3,4
0.1,3200,24,3107.0,0.87145,3,4
0.1,3200,24,2966.0,0.87141,3,4
0.1,3200,24,3374.0,0.99978,2,3
0.1,3200,24,2460.0,0.99944,2,3
0.1,3200,24,2864.0,0.9897,2,3
0.1,3200,24,3675.0,0.85393,2,3
0.1,3200,24,3122.0,0.85388,2,3
0.1,3200,24,3579.0,0.99996,1,2
0.1,3200,24,3279.0,0.99994,1,2
0.1,3200,24,3704.0,0.75642,2,3
0.1,3200,24,3606.0,0.64257,2,3
0.1,3200,24,3508.0,0.99993,1,2
0.1,3200,24,3188.0,0.83396,2,3
0.1,3200,24,2844.0,0.99992,1,2
0.1,3200,24,3035.0,0.40397,2,3
0.1,3200,24,3022.0,0.99887,1,2
0.1,3200,24,3026.0,0.99865,1,2
0.1,3200,24,3364.0,0.98332,1,2
0.1,3200,24,2756.0,0.99374,1,2
0.1,3200,24,3129.0,0.95928,1,2
0.1,3200,24,3257.0,0.9642,1,2
0.1,3200,24,3031.0,0.88688,1,2
0.1,3200,24,3008.0,0.94026,1,2
0.1,3200,24,3027.0,0.9642,1,2
0.1,3200,24,2927.0,0.98712,1,2
0.1,3200,24,-1.0,0.1428,0,0
0.1,3200,23,3131.0,0.91236,5,6
0.1,3200,23,2886.0,0.88688,5,6
0.1,3200,23,3767.0,0.99999,4,5
0.1,3200,23,3741.0,0.64254,5,6
0.1,3200,23,3188.0,0.99123,4,5
0.1,3200,23,3894.0,0.90046,4,5
0.1,3200,23,3031.0,0.83396,4,5
0.1,3200,23,3431.0,0.98534,4,5
0.1,3200,23,3397.0,0.9642,3,4
0.1,3200,23,3066.0,0.96846,3,4
0.1,3200,23,4163.0,0.99964,2,3
0.1,3200,23,3345.0,0.97853,3,4
0.1,3200,23,3670.0,0.9403,3,4
0.1,3200,23,3636.0,0.47549,3,4
0.1,3200,23,3264.0,0.85393,3,4
0.1,3200,23,3183.0,0.72318,3,4
0.1,3200,23,3515.0,0.9403,2,3
0.1,3200,23,3318.0,0.99641,2,3
0.1,3200,23,3030.0,0.98862,2,3
0.1,3200,23,3279.0,0.96416,2,3
0.1,3200,23,3750.0,0.59383,2,3
0.1,3200,23,3084.0,0.99123,2,3
0.1,3200,23,3025.0,0.99833,2,3
0.1,3200,23,3677.0,0.9004,2,3
0.1,3200,23,2702.0,0.99119,2,3
0.1,3200,23,3246.0,0.92291,2,3
0.1,3200,23,3606.0,0.53843,2,3
0.1,3200,23,2970.0,0.96414,2,3
0.1,3200,23,3066.0,0.87145,2,3
0.1,3200,23,3257.0,0.68542,2,3
0.1,3200,23,2778.0,0.97853,2,3
0.1,3200,23,3355.0,0.99474,1,2
0.1,3200,23,3343.0,0.99228,1,2
0.1,3200,23,-1.0,0.9995,0,0
0.1,3200,23,-1.0,0.33616,0,0
0.1,3200,23,-1.0,0.33617,0,0
0.1,6400,6,8056.0,1.0,1,2
0.1,6400,6,5820.0,0.64257,2,3
0.1,6400,6,5688.0,0.99979,2,3
0.1,6400,6,5934.0,0.99996,1,2
0.1,6400,6,7168.0,0.26398,1,2
0.1,6400,6,5470.0,0.99997,1,2
0.1,6400,6,-1.0,1.0,0,0
0.1,6400,6,5534.0,0.9124,1,2
0.1,6400,6,-1.0,0.95932,0,0
0.1,6400,6,-1.0,0.98705,0,0
0.1,6400,6,-1.0,0.87141,0,0
0.1,6400,6,-1.0,0.9124,0,0
0.1,6400,6,-1.0,0.40396,0,0
0.1,6400,6,-1.0,1.0,0,0
0.1,6400,6,-1.0,1.0,0,0
0.1,6400,6,-1.0,1.0,0,0
0.1,6400,6,-1.0,0.99995,0,0
0.1,6400,6,-1.0,0.99974,0,0
0.1,6400,6,-1.0,0.98363,0,0
0.1,6400,6,-1.0,0.94851,0,0
0.1,6400,6,-1.0,0.88913,0,0
0.1,6400,6,-1.0,0.87401,0,0
0.1,6400,6,-1.0,0.83724,0,0
0.1,6400,6,-1.0,0.48594,0,0
0.1,6400,6,-1.0,0.14279,0,0
0.1,6400,6,-1.0,0.0,0,0
0.1,6400,7,5858.0,1.0,1,2
0.1,6400,7,7321.0,0.99998,1,2
0.1,6400,7,7317.0,1.0,1,2
0.1,6400,7,5983.0,0.78565,2,3
0.1,6400,7,5805.0,0.53844,1,2
0.1,6400,7,6979.0,0.72321,1,2
0.1,6400,7,5280.0,0.994,1,2
0.1,6400,7,-1.0,1.0,0,0
0.1,6400,7,-1.0,0.99228,0,0
0.1,6400,7,-1.0,0.97558,0,0
0.1,6400,7,-1.0,0.32271,0,0
0.1,6400,7,-1.0,1.0,0,0
0.1,6400,7,-1.0,1.0,0,0
0.1,6400,7,-1.0,0.72321,0,0
0.1,6400,7,-1.0,1.0,0,0
0.1,6400,7,-1.0,0.99998,0,0
0.1,6400,7,-1.0,0.99241,0,0
0.1,6400,7,-1.0,0.9889,0,0
0.1,6400,7,-1.0,0.96489,0,0
0.1,6400,7,-1.0,0.69172,0,0
0.1,6400,7,-1.0,0.60191,0,0
0.1,6400,7,-1.0,0.60191,0,0
0.1,6400,7,-1.0,0.33618,0,0
0.1,6400,7,-1.0,0.1428,0,0
0.1,6400,8,7189.0,1.0,1,2
0.1,6400,8,7286.0,0.97853,2,3
0.1,6400,8,5748.0,0.99983,1,2
0.1,6400,8,6688.0,0.90046,1,2
0.1,6400,8,-1.0,0.99756,0,0
0.1,6400,8,-1.0,0.99887,0,0
0.1,6400,8,-1.0,0.99123,0,0
0.1,6400,8,-1.0,0.47551,0,0
0.1,6400,8,-1.0,0.99979,0,0
0.1,6400,8,-1.0,0.99856,0,0
0.1,6400,8,-1.0,0.99691,0,0
0.1,6400,8,-1.0,0.9889,0,0
0.1,6400,8,-1.0,0.96912,0,0
0.1,6400,8,-1.0,0.87401,0,0
0.1,6400,8,-1.0,0.24566,0,0
0.1,6400,9,6607.0,0.0,1,2
0.1,6400,9,5290.0,0.9124,2,3
0.1,6400,9,6048.0,0.0,2,3
0.1,6400,9,7559.0,0.0,1,2
0.1,6400,9,6093.0,1.0,1,2
0.1,6400,9,6398.0,0.40398,2,3
0.1,6400,9,-1.0,1.0,0,0
0.1,6400,9,6447.0,0.53844,1,2
0.1,6400,9,6329.0,0.264,1,2
0.1,6400,9,-1.0,0.0,0,0
0.1,6400,9,-1.0,1.0,0,0
0.1,6400,9,-1.0,0.99003,0,0
0.1,6400,9,-1.0,1.0,0,0
0.1,6400,9,-1.0,1.0,0,0
0.1,6400,9,-1.0,1.0,0,0
0.1,6400,9,-1.0,0.0,0,0
0.1,6400,9,-1.0,1.0,0,0
0.1,6400,9,-1.0,0.98738,0,0
0.1,6400,9,-1.0,0.87401,0,0
0.1,6400,9,-1.0,0.0,0,0
0.1,6400,9,-1.0,0.41584,0,0
0.1,6400,9,-1.0,0.1428,0,0
0.1,6400,9,-1.0,0.0,0,0
0.1,6400,10,7012.0,0.0,2,3
0.1,6400,10,6446.0,0.0,2,3
0.1,6400,10,7362.0,0.0,2,3
0.1,6400,10,6472.0,0.0,2,3
0.1,6400,10,6179.0,0.0,2,3
0.1,6400,10,6720.0,1.0,1,2
0.1,6400,10,7252.0,1.0,1,2
0.1,6400,10,5551.0,0.0,2,3
0.1,6400,10,5948.0,0.94747,1,2
0.1,6400,10,-1.0,1.0,0,0
0.1,6400,10,-1.0,0.68546,0,0
0.1,6400,10,-1.0,1.0,0,0
0.1,6400,10,-1.0,0.3,0,0
0.1,6400,10,-1.0,1.0,0,0
0.1,6400,10,-1.0,0.93351,0,0
0.1,6400,10,-1.0,0.0,0,0
0.1,6400,10,-1.0,0.54763,0,0
0.1,6400,10,-1.0,0.0,0,0
0.1,6400,10,-1.0,0.0,0,0
0.1,6400,10,-1.0,0.0,0,0
0.1,6400,10,-1.0,0.0,0,0
0.1,6400,10,-1.0,0.0,0,0
0.1,6400,11,7108.0,0.0,2,3
0.1,6400,11,6768.0,0.0,2,3
0.1,6400,11,5793.0,0.0,2,3
0.1,6400,11,5571.0,0.99684,2,3
0.1,6400,11,6618.0,0.0,2,3
0.1,6400,11,5867.0,0.0,2,3
0.1,6400,11,6086.0,0.0,2,3
0.1,6400,11,6286.0,0.92291,1,2
0.1,6400,11,-1.0,0.92291,0,0
0.1,6400,11,-1.0,0.9685,0,0
0.1,6400,11,-1.0,0.0,0,0
0.1,6400,11,-1.0,0.0,0,0
0.1,6400,11,-1.0,0.99546,0,0
0.1,6400,11,-1.0,0.95469,0,0
0.1,6400,11,-1.0,0.88913,0,0
0.1,6400,11,-1.0,0.88913,0,0
0.1,6400,11,-1.0,0.0,0,0
0.1,6400,11,-1.0,0.0,0,0
0.1,6400,11,-1.0,0.0,0,0
0.1,6400,11,-1.0,0.0,0,0
0.1,6400,11,-1.0,0.0,0,0
0.1,6400,13,5773.0,0.99123,2,3
0.1,6400,13,7271.0,0.99537,2,3
0.1,6400,13,6762.0,0.99321,2,3
0.1,6400,13,6086.0,1.0,1,2
0.1,6400,13,6377.0,0.95932,1,2
0.1,6400,13,6573.0,0.99983,1,2
0.1,6400,13,6452.0,0.26444,1,2
0.1,6400,13,7125.0,0.3,1,2
0.1,6400,13,-1.0,0.99992,0,0
0.1,6400,13,-1.0,0.99991,0,0
0.1,6400,13,-1.0,0.9685,0,0
0.1,6400,13,-1.0,0.87146,0,0
0.1,6400,13,-1.0,0.81137,0,0
0.1,6400,13,-1.0,1.0,0,0
0.1,6400,13,-1.0,0.68546,0,0
0.1,6400,13,-1.0,0.40398,0,0
0.1,6400,13,-1.0,0.9999,0,0
0.1,6400,13,-1.0,0.99989,0,0
0.1,6400,13,-1.0,0.99976,0,0
0.1,6400,13,-1.0,0.99334,0,0
0.1,6400,13,-1.0,0.99023,0,0
0.1,6400,13,-1.0,0.98738,0,0
0.1,6400,13,-1.0,0.95469,0,0
0.1,6400,13,-1.0,0.94851,0,0
0.1,6400,13,-1.0,0.81513,0,0
0.1,6400,13,-1.0,0.76127,0,0
0.1,6400,13,-1.0,0.60191,0,0
0.1,6400,13,-1.0,0.1428,0,0
0.1,6400,13,-1.0,0.0,0,0
0.1,6400,13,-1.0,0.0,0,0
0.1,6400,14,6493.0,0.95932,2,3
0.1,6400,14,6413.0,0.92291,2,3
0.1,6400,14,6498.0,0.99402,2,3
0.1,6400,14,6435.0,0.9756,1,2
0.1,6400,14,5247.0,0.99833,1,2
0.1,6400,14,-1.0,1.0,0,0
0.1,6400,14,-1.0,0.97853,0,0
0.1,6400,14,-1.0,0.95932,0,0
0.1,6400,14,-1.0,0.87146,0,0
0.1,6400,14,-1.0,0.59293,0,0
0.1,6400,14,-1.0,0.99641,0,0
0.1,6400,14,-1.0,1.0,0,0
0.1,6400,14,-1.0,0.99789,0,0
0.1,6400,14,-1.0,0.99484,0,0
0.1,6400,14,-1.0,0.9914,0,0
0.1,6400,14,-1.0,0.96912,0,0
0.1,6400,14,-1.0,0.96912,0,0
0.1,6400,14,-1.0,0.94851,0,0
0.1,6400,14,-1.0,0.94149,0,0
0.1,6400,14,-1.0,0.88913,0,0
0.1,6400,14,-1.0,0.83731,0,0
0.1,6400,14,-1.0,0.48499,0,0
0.1,6400,15,5712.0,0.0,2,3
0.1,6400,15,6476.0,0.0,2,3
0.1,6400,15,5774.0,0.0,2,3
0.1,6400,15,6012.0,0.0,1,2
0.1,6400,15,6633.0,0.0,2,3
0.1,6400,15,6639.0,0.0,2,3
0.1,6400,15,6304.0,0.0,2,3
0.1,6400,15,6000.0,0.0,2,3
0.1,6400,15,5552.0,0.0,2,3
0.1,6400,15,-1.0,0.0,0,0
0.1,6400,15,-1.0,0.0,0,0
0.1,6400,15,-1.0,0.0,0,0
0.1,6400,15,-1.0,0.0,0,0
0.1,6400,15,-1.0,0.0,0,0
0.1,6400,15,-1.0,0.0,0,0
0.1,6400,15,-1.0,0.0,0,0
0.1,6400,15,-1.0,0.0,0,0
0.1,6400,15,-1.0,0.0,0,0
0.1,6400,15,-1.0,0.0,0,0
0.1,6400,15,-1.0,0.0,0,0
0.1,6400,15,-1.0,0.0,0,0
0.1,6400,15,-1.0,0.0,0,0
0.1,6400,12,6725.0,1.0,1,2
0.1,6400,12,5243.0,0.98882,2,3
0.1,6400,12,5533.0,0.99987,2,3
0.1,6400,12,6224.0,0.75054,2,3
0.1,6400,12,6256.0,0.264,2,3
0.1,6400,12,5741.0,0.99992,2,3
0.1,6400,12,7106.0,0.93216,1,2
0.1,6400,12,6406.0,0.26443,1,2
0.1,6400,12,5932.0,0.98842,1,2
0.1,6400,12,5384.0,0.97231,1,2
0.1,6400,12,6096.0,0.78565,1,2
0.1,6400,12,5475.0,0.47551,1,2
0.1,6400,12,-1.0,0.99994,0,0
0.1,6400,12,-1.0,0.99968,0,0
0.1,6400,12,-1.0,0.97741,0,0
0.1,6400,12,-1.0,0.95377,0,0
0.1,6400,12,-1.0,0.98932,0,0
0.1,6400,12,-1.0,0.99174,0,0
0.1,6400,12,-1.0,0.99149,0,0
0.1,6400,12,-1.0,1.0,0,0
0.1,6400,12,-1.0,0.59382,0,0
0.1,6400,12,-1.0,0.264,0,0
0.1,6400,12,-1.0,1.0,0,0
0.1,6400,12,-1.0,1.0,0,0
0.1,6400,12,-1.0,0.99994,0,0
0.1,6400,12,-1.0,0.99994,0,0
0.1,6400,12,-1.0,0.99981,0,0
0.1,6400,12,-1.0,0.9996,0,0
0.1,6400,12,-1.0,0.99889,0,0
0.1,6400,12,-1.0,0.98921,0,0
0.1,6400,12,-1.0,0.98879,0,0
0.1,6400,12,-1.0,0.96908,0,0
0.1,6400,12,-1.0,0.93351,0,0
0.1,6400,12,-1.0,0.91414,0,0
0.1,6400,12,-1.0,0.24566,0,0
0.1,6400,12,-1.0,0.0,0,0
0.1,6400,12,-1.0,0.0,0,0
0.1,6400,12,-1.0,0.0,0,0
0.1,6400,16,6930.0,0.12812,1,2
0.1,6400,16,6676.0,0.99959,2,3
0.1,6400,16,7086.0,0.83401,2,3
0.1,6400,16,6482.0,0.97853,1,2
0.1,6400,16,6105.0,0.88688,1,2
0.1,6400,16,5130.0,0.22069,1,2
0.1,6400,16,-1.0,0.99474,0,0
0.1,6400,16,-1.0,0.99853,0,0
0.1,6400,16,-1.0,0.98337,0,0
0.1,6400,16,-1.0,0.83401,0,0
0.1,6400,16,-1.0,0.01352,0,0
0.1,6400,16,-1.0,0.99941,0,0
0.1,6400,16,-1.0,0.99815,0,0
0.1,6400,16,-1.0,0.99334,0,0
0.1,6400,16,-1.0,0.11501,0,0
0.1,6400,16,-1.0,0.97609,0,0
0.1,6400,16,-1.0,0.96912,0,0
0.1,6400,16,-1.0,0.85683,0,0
0.1,6400,16,-1.0,0.78992,0,0
0.1,6400,16,-1.0,0.76127,0,0
0.1,6400,16,-1.0,0.3342,0,0
0.1,6400,19,6830.0,0.99228,2,3
0.1,6400,19,7506.0,1.0,1,2
0.1,6400,19,6867.0,0.99984,1,2
0.1,6400,19,5610.0,0.99191,2,3
0.1,6400,19,-1.0,1.0,0,0
0.1,6400,19,6106.0,0.75642,1,2
0.1,6400,19,7366.0,0.26387,1,2
0.1,6400,19,6470.0,0.96413,1,2
0.1,6400,19,-1.0,0.99811,0,0
0.1,6400,19,-1.0,0.99316,0,0
0.1,6400,19,-1.0,0.98327,0,0
0.1,6400,19,-1.0,0.96838,0,0
0.1,6400,19,-1.0,0.64257,0,0
0.1,6400,19,-1.0,0.87146,0,0
0.1,6400,19,-1.0,0.40385,0,0
0.1,6400,19,-1.0,1.0,0,0
0.1,6400,19,-1.0,0.99761,0,0
0.1,6400,19,-1.0,0.99017,0,0
0.1,6400,19,-1.0,0.9889,0,0
0.1,6400,19,-1.0,0.9888,0,0
0.1,6400,19,-1.0,0.97574,0,0
0.1,6400,19,-1.0,0.95999,0,0
0.1,6400,19,-1.0,0.95466,0,0
0.1,6400,19,-1.0,0.83731,0,0
0.1,6400,19,-1.0,0.64968,0,0
0.1,6400,19,-1.0,0.48594,0,0
0.1,6400,19,-1.0,0.24552,0,0
0.1,6400,19,-1.0,0.0,0,0
0.1,6400,18,7122.0,1.0,1,2
0.1,6400,18,6982.0,0.0,1,2
0.1,6400,18,6805.0,0.0,1,2
0.1,6400,18,6829.0,0.9403,2,3
0.1,6400,18,4898.0,0.99912,1,2
0.1,6400,18,5701.0,0.99785,1,2
0.1,6400,18,6403.0,0.0,1,2
0.1,6400,18,-1.0,1.0,0,0
0.1,6400,18,-1.0,0.92291,0,0
0.1,6400,18,-1.0,0.94747,0,0
0.1,6400,18,-1.0,0.78565,0,0
0.1,6400,18,-1.0,0.0,0,0
0.1,6400,18,-1.0,0.0,0,0
0.1,6400,18,-1.0,0.99874,0,0
0.1,6400,18,-1.0,0.99728,0,0
0.1,6400,18,-1.0,0.92445,0,0
0.1,6400,18,-1.0,0.91414,0,0
0.1,6400,18,-1.0,0.90244,0,0
0.1,6400,18,-1.0,0.72871,0,0
0.1,6400,18,-1.0,0.0,0,0
0.1,6400,17,6702.0,0.0,1,2
0.1,6400,17,5977.0,0.0,2,3
0.1,6400,17,6180.0,0.9964,2,3
0.1,6400,17,6076.0,0.98337,2,3
0.1,6400,17,5879.0,0.99785,1,2
0.1,6400,17,6633.0,0.93215,1,2
0.1,6400,17,-1.0,0.90043,0,0
0.1,6400,17,-1.0,0.98713,0,0
0.1,6400,17,-1.0,0.834,0,0
0.1,6400,17,-1.0,0.75642,0,0
0.1,6400,17,-1.0,0.99691,0,0
0.1,6400,17,-1.0,0.99482,0,0
0.1,6400,17,-1.0,0.98148,0,0
0.1,6400,17,-1.0,0.97609,0,0
0.1,6400,17,-1.0,0.91413,0,0
0.1,6400,17,-1.0,0.874,0,0
0.1,6400,17,-1.0,0.7899,0,0
0.1,6400,17,-1.0,0.69172,0,0
0.1,6400,20,7180.0,0.0,2,3
0.1,6400,20,6797.0,1.0,1,2
0.1,6400,20,6256.0,0.0,2,3
0.1,6400,20,5029.0,0.99932,2,3
0.1,6400,20,5977.0,0.0,2,3
0.1,6400,20,6241.0,0.0,2,3
0.1,6400,20,5836.0,0.99981,1,2
0.1,6400,20,5366.0,0.9999,1,2
0.1,6400,20,-1.0,0.9642,0,0
0.1,6400,20,-1.0,0.98867,0,0
0.1,6400,20,-1.0,0.59383,0,0
0.1,6400,20,-1.0,1.0,0,0
0.1,6400,20,-1.0,0.99986,0,0
0.1,6400,20,-1.0,0.99976,0,0
0.1,6400,20,-1.0,0.99902,0,0
0.1,6400,20,-1.0,0.98371,0,0
0.1,6400,20,-1.0,0.95469,0,0
0.1,6400,20,-1.0,0.0,0,0
0.1,6400,20,-1.0,0.0,0,0
0.1,6400,20,-1.0,0.41584,0,0
0.1,6400,20,-1.0,0.0,0,0
0.1,6400,20,-1.0,0.0,0,0
0.1,6400,22,6071.0,0.93216,2,3
0.1,6400,22,8113.0,1.0,1,2
0.1,6400,22,6428.0,0.88688,2,3
0.1,6400,22,6484.0,0.9685,1,2
0.1,6400,22,6646.0,0.47551,1,2
0.1,6400,22,6161.0,0.97853,1,2
0.1,6400,22,-1.0,0.97228,0,0
0.1,6400,22,-1.0,0.99853,0,0
0.1,6400,22,-1.0,0.95932,0,0
0.1,6400,22,-1.0,0.98713,0,0
0.1,6400,22,-1.0,0.97853,0,0
0.1,6400,22,-1.0,1.0,0,0
0.1,6400,22,-1.0,0.99815,0,0
0.1,6400,22,-1.0,0.98371,0,0
0.1,6400,22,-1.0,0.97283,0,0
0.1,6400,22,-1.0,0.96912,0,0
0.1,6400,22,-1.0,0.96013,0,0
0.1,6400,22,-1.0,0.95469,0,0
0.1,6400,22,-1.0,0.94851,0,0
0.1,6400,22,-1.0,0.90244,0,0
0.1,6400,22,-1.0,0.83731,0,0
0.1,6400,22,-1.0,0.24566,0,0
0.1,6400,21,6933.0,0.0,2,3
0.1,6400,21,7673.0,1.0,1,2
0.1,6400,21,7170.0,0.0,1,2
0.1,6400,21,6074.0,0.0,1,2
0.1,6400,21,7492.0,0.0,1,2
0.1,6400,21,6443.0,0.0,2,3
0.1,6400,21,6508.0,0.0,2,3
0.1,6400,21,6985.0,0.0,1,2
0.1,6400,21,6028.0,0.0,2,3
0.1,6400,21,7540.0,0.0,1,2
0.1,6400,21,6268.0,0.0,1,2
0.1,6400,21,6491.0,0.68546,1,2
0.1,6400,21,-1.0,0.85393,0,0
0.1,6400,21,-1.0,0.0,0,0
0.1,6400,21,-1.0,0.0,0,0
0.1,6400,21,-1.0,0.0,0,0
0.1,6400,21,-1.0,0.0,0,0
0.1,6400,21,-1.0,1.0,0,0
0.1,6400,21,-1.0,0.0,0,0
0.1,6400,21,-1.0,0.0,0,0
0.1,6400,21,-1.0,0.81513,0,0
0.1,6400,21,-1.0,0.0,0,0
0.1,6400,21,-1.0,0.54763,0,0
0.1,6400,21,-1.0,0.0,0,0
0.1,6400,21,-1.0,0.0,0,0
0.1,6400,23,5680.0,0.98861,2,3
0.1,6400,23,7488.0,0.264,2,3
0.1,6400,23,6569.0,0.03676,2,3
0.1,6400,23,6320.0,0.85393,2,3
0.1,6400,23,6019.0,0.72318,2,3
0.1,6400,23,-1.0,1.0,0,0
0.1,6400,23,6751.0,0.94747,1,2
0.1,6400,23,6410.0,0.88685,1,2
0.1,6400,23,-1.0,0.99995,0,0
0.1,6400,23,-1.0,0.2984,0,0
0.1,6400,23,-1.0,0.99003,0,0
0.1,6400,23,-1.0,0.64257,0,0
0.1,6400,23,-1.0,0.72318,0,0
0.1,6400,23,-1.0,0.99996,0,0
0.1,6400,23,-1.0,0.9403,0,0
0.1,6400,23,-1.0,0.1989,0,0
0.1,6400,23,-1.0,1.0,0,0
0.1,6400,23,-1.0,0.99995,0,0
0.1,6400,23,-1.0,0.64255,0,0
0.1,6400,23,-1.0,0.10704,0,0
0.1,6400,23,-1.0,0.98738,0,0
0.1,6400,23,-1.0,0.98365,0,0
0.1,6400,23,-1.0,0.92445,0,0
0.1,6400,23,-1.0,0.91414,0,0
0.1,6400,23,-1.0,0.83727,0,0
0.1,6400,23,-1.0,0.78992,0,0
0.1,6400,23,-1.0,0.64965,0,0
0.1,6400,23,-1.0,0.60189,0,0
0.1,6400,23,-1.0,0.54761,0,0
0.1,6400,23,-1.0,0.54763,0,0
0.1,6400,23,-1.0,0.0,0,0
0.1,6400,23,-1.0,0.0,0,0
0.1,6400,23,-1.0,0.0,0,0
0.1,6400,24,6136.0,0.98337,2,3
0.1,6400,24,6046.0,0.0,2,3
0.1,6400,24,6975.0,0.0,1,2
0.1,6400,24,6214.0,1.0,1,2
0.1,6400,24,5633.0,0.0,2,3
0.1,6400,24,5768.0,0.99637,2,3
0.1,6400,24,6109.0,0.98863,1,2
0.1,6400,24,6177.0,0.81137,1,2
0.1,6400,24,6352.0,0.47551,1,2
0.1,6400,24,-1.0,0.0,0,0
0.1,6400,24,-1.0,0.47549,0,0
0.1,6400,24,-1.0,0.99996,0,0
0.1,6400,24,-1.0,0.23232,0,0
0.1,6400,24,-1.0,0.97228,0,0
0.1,6400,24,-1.0,0.32271,0,0
0.1,6400,24,-1.0,0.32271,0,0
0.1,6400,24,-1.0,0.0,0,0
0.1,6400,24,-1.0,0.9948,0,0
0.1,6400,24,-1.0,0.98367,0,0
0.1,6400,24,-1.0,0.97609,0,0
0.1,6400,24,-1.0,0.96491,0,0
0.1,6400,24,-1.0,0.72871,0,0
0.1,6400,24,-1.0,0.33617,0,0
0.1,6400,24,-1.0,0.24566,0,0
0.1,6400,24,-1.0,0.1428,0,0
0.1,6400,24,-1.0,0.0,0,0
0.1,6400,24,-1.0,0.0,0,0
0.15,3200,5,3996.0,0.0,4,5
0.15,3200,5,3892.0,0.0,5,6
0.15,3200,5,4045.0,0.0,4,5
0.15,3200,5,2710.0,0.0,5,6
0.15,3200,5,3425.0,0.0,3,4
0.15,3200,5,2673.0,0.0,2,3
0.15,3200,5,3371.0,0.0,1,2
0.15,3200,5,-1.0,0.0,0,0
0.15,3200,5,3312.0,0.0,1,2
0.15,3200,5,3057.0,0.0,1,2
0.15,3200,5,-1.0,0.0,0,0
0.15,3200,5,-1.0,0.0,0,0
0.15,3200,5,-1.0,0.0,0,0
0.15,3200,5,-1.0,0.0,0,0
0.15,3200,5,-1.0,0.0,0,0
0.15,3200,5,-1.0,0.0,0,0
0.15,3200,5,-1.0,0.0,0,0
0.15,3200,5,-1.0,0.0,0,0
0.15,3200,5,-1.0,0.0,0,0
0.15,3200,5,-1.0,0.0,0,0
0.15,3200,5,-1.0,0.0,0,0
0.15,3200,5,-1.0,0.0,0,0
0.15,3200,3,3314.0,0.99994,4,5
0.15,3200,3,3308.0,0.99997,3,4
0.15,3200,3,2767.0,0.9994,3,4
0.15,3200,3,3206.0,0.99785,3,4
0.15,3200,3,3227.0,0.9756,2,3
0.15,3200,3,3523.0,0.99995,1,2
0.15,3200,3,2630.0,0.90045,2,3
0.15,3200,3,3569.0,0.95932,2,3
0.15,3200,3,2934.0,0.99996,1,2
0.15,3200,3,2932.0,0.99537,1,2
0.15,3200,3,3332.0,0.99641,1,2
0.15,3200,3,2721.0,0.95932,1,2
0.15,3200,3,3026.0,0.7232,1,2
0.15,3200,3,2902.0,0.92291,1,2
0.15,3200,3,-1.0,0.99985,0,0
0.15,3200,3,-1.0,0.99964,0,0
0.15,3200,3,-1.0,0.99991,0,0
0.15,3200,3,-1.0,0.99003,0,0
0.15,3200,3,-1.0,0.99853,0,0
0.15,3200,3,-1.0,0.99954,0,0
0.15,3200,3,-1.0,0.9642,0,0
0.15,3200,3,-1.0,0.94747,0,0
0.15,3200,3,-1.0,0.99641,0,0
0.15,3200,3,-1.0,0.64257,0,0
0.15,3200,3,-1.0,0.264,0,0
0.15,3200,3,-1.0,0.85392,0,0
0.15,3200,3,-1.0,0.99997,0,0
0.15,3200,3,-1.0,0.59382,0,0
0.15,3200,3,-1.0,0.99992,0,0
0.15,3200,3,-1.0,0.99991,0,0
0.15,3200,3,-1.0,0.53841,0,0
0.15,3200,3,-1.0,0.99979,0,0
0.15,3200,3,-1.0,0.99955,0,0
0.15,3200,3,-1.0,0.99933,0,0
0.15,3200,3,-1.0,0.99914,0,0
0.15,3200,3,-1.0,0.41584,0,0
0.15,3200,3,-1.0,0.0,0,0
0.15,3200,0,3981.0,0.99999,4,5
0.15,3200,0,3196.0,0.9685,5,6
0.15,3200,0,4044.0,0.81126,5,6
0.15,3200,0,2794.0,0.7232,5,6
0.15,3200,0,4295.0,0.81122,4,5
0.15,3200,0,3422.0,0.99811,4,5
0.15,3200,0,2942.0,0.9642,4,5
0.15,3200,0,2939.0,0.99228,4,5
0.15,3200,0,3186.0,0.99972,2,3
0.15,3200,0,3699.0,0.78565,3,4
0.15,3200,0,3341.0,0.96396,3,4
0.15,3200,0,2893.0,0.93216,3,4
0.15,3200,0,3087.0,0.99003,3,4
0.15,3200,0,3374.0,0.75642,3,4
0.15,3200,0,2550.0,0.94746,3,4
0.15,3200,0,3150.0,0.99995,2,3
0.15,3200,0,2677.0,0.68545,3,4
0.15,3200,0,3867.0,0.97535,2,3
0.15,3200,0,3618.0,0.81137,2,3
0.15,3200,0,2157.0,0.99811,2,3
0.15,3200,0,3395.0,0.93195,2,3
0.15,3200,0,3547.0,0.92291,2,3
0.15,3200,0,3558.0,0.64243,2,3
0.15,3200,0,3047.0,0.29998,2,3
0.15,3200,0,3380.0,0.98111,2,3
0.15,3200,0,2843.0,0.98867,2,3
0.15,3200,0,2808.0,0.99887,2,3
0.15,3200,0,2590.0,0.99228,2,3
0.15,3200,0,2852.0,0.26442,2,3
0.15,3200,0,3017.0,0.88688,2,3
0.15,3200,0,3528.0,0.32271,2,3
0.15,3200,0,4081.0,0.26392,2,3
0.15,3200,0,2033.0,0.99992,1,2
0.15,3200,0,2264.0,0.99998,1,2
0.15,3200,0,-1.0,0.1428,0,0
0.15,3200,0,-1.0,0.0,0,0
0.15,3200,0,-1.0,0.0,0,0
0.15,3200,0,-1.0,0.0,0,0
0.15,3200,11,3939.0,0.64257,5,6
0.15,3200,11,3784.0,0.99987,3,4
0.15,3200,11,3393.0,0.98337,3,4
0.15,3200,11,2733.0,0.99995,2,3
0.15,3200,11,3156.0,0.98111,2,3
0.15,3200,11,3752.0,0.40398,2,3
0.15,3200,11,3242.0,0.26399,2,3
0.15,3200,11,3490.0,0.99932,1,2
0.15,3200,11,3125.0,0.99785,1,2
0.15,3200,11,2562.0,0.87145,1,2
0.15,3200,11,3052.0,0.97853,1,2
0.15,3200,11,2613.0,0.99811,1,2
0.15,3200,11,2635.0,0.99537,1,2
0.15,3200,11,3033.0,0.81137,1,2
0.15,3200,11,-1.0,0.99912,0,0
0.15,3200,11,2753.0,0.7232,1,2
0.15,3200,11,-1.0,0.99228,0,0
0.15,3200,11,-1.0,0.90046,0,0
0.15,3200,11,-1.0,0.99756,0,0
0.15,3200,11,-1.0,0.9756,0,0
0.15,3200,11,-1.0,0.99968,0,0
0.15,3200,11,-1.0,0.93216,0,0
0.15,3200,11,-1.0,0.87146,0,0
0.15,3200,11,-1.0,0.98337,0,0
0.15,3200,11,-1.0,0.9811,0,0
0.15,3200,11,-1.0,0.29999,0,0
0.15,3200,11,-1.0,0.64256,0,0
0.15,3200,11,-1.0,0.53843,0,0
0.15,3200,11,-1.0,0.99992,0,0
0.15,3200,11,-1.0,0.26439,0,0
0.15,3200,11,-1.0,0.99955,0,0
0.15,3200,11,-1.0,0.99914,0,0
0.15,3200,11,-1.0,0.99889,0,0
0.15,3200,11,-1.0,0.41584,0,0
0.15,3200,11,-1.0,0.1428,0,0
0.15,3200,11,-1.0,0.06,0,0
0.15,3200,11,-1.0,0.0,0,0
0.15,3200,11,-1.0,0.0,0,0
0.15,3200,1,3414.0,0.99923,5,6
0.15,3200,1,3578.0,0.99811,4,5
0.15,3200,1,2811.0,0.97068,5,6
0.15,3200,1,3520.0,0.99998,4,5
0.15,3200,1,3446.0,0.98337,5,6
0.15,3200,1,3141.0,0.99833,5,6
0.15,3200,1,2925.0,0.81137,4,5
0.15,3200,1,3016.0,0.99123,4,5
0.15,3200,1,3134.0,0.99972,3,4
0.15,3200,1,2812.0,0.67315,4,5
0.15,3200,1,3630.0,0.97853,3,4
0.15,3200,1,2637.0,0.99999,3,4
0.15,3200,1,3681.0,0.9685,3,4
0.15,3200,1,3790.0,0.64257,3,4
0.15,3200,1,2816.0,0.834,3,4
0.15,3200,1,3899.0,0.99992,2,3
0.15,3200,1,2924.0,0.40397,3,4
0.15,3200,1,4082.0,0.97718,2,3
0.15,3200,1,2584.0,0.99923,3,4
0.15,3200,1,3092.0,0.99972,2,3
0.15,3200,1,3196.0,0.9124,3,4
0.15,3200,1,3241.0,0.96038,2,3
0.15,3200,1,3648.0,0.72321,2,3
0.15,3200,1,3170.0,0.99474,2,3
0.15,3200,1,3949.0,0.95932,2,3
0.15,3200,1,3243.0,0.9994,2,3
0.15,3200,1,3580.0,0.99999,1,2
0.15,3200,1,3089.0,0.98537,2,3
0.15,3200,1,3080.0,0.99923,2,3
0.15,3200,1,3496.0,0.23232,2,3
0.15,3200,1,2863.0,0.96064,2,3
0.15,3200,1,3161.0,0.3227,2,3
0.15,3200,1,2809.0,0.99968,2,3
0.15,3200,1,2597.0,0.99003,2,3
0.15,3200,1,-1.0,0.1428,0,0
0.15,3200,1,-1.0,0.06,0,0
0.15,3200,1,-1.0,0.0,0,0
0.15,3200,10,3074.0,0.68546,5,6
0.15,3200,10,3003.0,0.99123,5,6
0.15,3200,10,2574.0,0.834,4,5
0.15,3200,10,4107.0,0.99983,3,4
0.15,3200,10,2711.0,0.26395,4,5
0.15,3200,10,3985.0,0.99985,2,3
0.15,3200,10,3110.0,0.99722,2,3
0.15,3200,10,4212.0,0.264,3,4
0.15,3200,10,3121.0,0.99722,2,3
0.15,3200,10,3393.0,0.999,2,3
0.15,3200,10,3179.0,0.99641,2,3
0.15,3200,10,3367.0,0.93216,2,3
0.15,3200,10,3466.0,0.99985,1,2
0.15,3200,10,3080.0,0.88688,2,3
0.15,3200,10,2618.0,0.85392,2,3
0.15,3200,10,2962.0,0.40397,2,3
0.15,3200,10,3553.0,0.99641,1,2
0.15,3200,10,3217.0,0.99722,1,2
0.15,3200,10,2979.0,0.99932,1,2
0.15,3200,10,3837.0,0.78565,1,2
0.15,3200,10,3902.0,0.83401,1,2
0.15,3200,10,3907.0,0.81137,1,2
0.15,3200,10,3280.0,0.98867,1,2
0.15,3200,10,2610.0,0.9124,1,2
0.15,3200,10,3070.0,0.93216,1,2
0.15,3200,10,1979.0,0.99959,1,2
0.15,3200,10,3116.0,0.26399,1,2
0.15,3200,10,-1.0,0.9994,0,0
0.15,3200,10,-1.0,0.99985,0,0
0.15,3200,10,-1.0,0.99991,0,0
0.15,3200,10,3263.0,0.53844,1,2
0.15,3200,10,-1.0,0.99983,0,0
0.15,3200,10,-1.0,0.99887,0,0
0.15,3200,10,-1.0,0.99785,0,0
0.15,3200,10,-1.0,0.33618,0,0
0.15,3200,10,-1.0,0.24566,0,0
0.15,3200,10,-1.0,0.0,0,0
0.15,3200,10,-1.0,0.0,0,0
0.15,3200,10,-1.0,0.0,0,0
0.15,3200,8,3851.0,0.99992,4,5
0.15,3200,8,2769.0,0.99923,5,6
0.15,3200,8,2546.0,0.90045,4,5
0.15,3200,8,3641.0,0.99983,3,4
0.15,3200,8,3491.0,0.99756,3,4
0.15,3200,8,4304.0,0.264,3,4
0.15,3200,8,3202.0,0.99811,3,4
0.15,3200,8,3727.0,0.99954,2,3
0.15,3200,8,3244.0,0.99402,2,3
0.15,3200,8,3635.0,0.99968,2,3
0.15,3200,8,3475.0,0.93216,2,3
0.15,3200,8,3955.0,0.26444,2,3
0.15,3200,8,2766.0,0.98712,2,3
0.15,3200,8,3638.0,0.83401,2,3
0.15,3200,8,3752.0,0.99992,1,2
0.15,3200,8,2450.0,0.98537,2,3
0.15,3200,8,2653.0,0.92291,2,3
0.15,3200,8,2744.0,0.9685,2,3
0.15,3200,8,2535.0,0.99402,2,3
0.15,3200,8,3477.0,0.98337,1,2
0.15,3200,8,3129.0,0.99722,1,2
0.15,3200,8,3468.0,0.75642,1,2
0.15,3200,8,2761.0,0.98111,1,2
0.15,3200,8,2238.0,0.99756,1,2
0.15,3200,8,2796.0,0.99871,1,2
0.15,3200,8,2921.0,0.9403,1,2
0.15,3200,8,2238.0,0.99923,1,2
0.15,3200,8,2645.0,0.9756,1,2
0.15,3200,8,-1.0,0.99992,0,0
0.15,3200,8,3556.0,0.87146,1,2
0.15,3200,8,3452.0,0.64257,1,2
0.15,3200,8,-1.0,0.99641,0,0
0.15,3200,8,-1.0,0.99981,0,0
0.15,3200,8,-1.0,0.99997,0,0
0.15,3200,8,-1.0,0.99991,0,0
0.15,3200,8,-1.0,0.0,0,0
0.15,3200,8,-1.0,0.0,0,0
0.15,3200,4,3699.0,0.59371,5,6
0.15,3200,4,2448.0,0.53839,6,7
0.15,3200,4,4611.0,0.99003,5,6
0.15,3200,4,3090.0,0.99571,4,5
0.15,3200,4,3574.0,0.53844,4,5
0.15,3200,4,3146.0,0.26399,4,5
0.15,3200,4,2653.0,0.99951,3,4
0.15,3200,4,3298.0,0.99537,3,4
0.15,3200,4,2837.0,0.99981,3,4
0.15,3200,4,4117.0,0.97553,3,4
0.15,3200,4,4186.0,0.72294,3,4
0.15,3200,4,4019.0,0.99998,2,3
0.15,3200,4,3639.0,0.99593,2,3
0.15,3200,4,2731.0,0.99987,2,3
0.15,3200,4,2817.0,0.99833,2,3
0.15,3200,4,3025.0,0.88688,2,3
0.15,3200,4,2879.0,0.99811,2,3
0.15,3200,4,2840.0,0.94007,2,3
0.15,3200,4,3756.0,0.99978,1,2
0.15,3200,4,2405.0,0.96828,2,3
0.15,3200,4,3826.0,0.99959,1,2
0.15,3200,4,3497.0,0.99985,1,2
0.15,3200,4,2586.0,0.23226,2,3
0.15,3200,4,3495.0,0.99996,1,2
0.15,3200,4,3509.0,0.99871,1,2
0.15,3200,4,3496.0,0.98516,1,2
0.15,3200,4,2517.0,0.99833,1,2
0.15,3200,4,3242.0,0.99912,1,2
0.15,3200,4,3576.0,0.9831,1,2
0.15,3200,4,2838.0,0.999,1,2
0.15,3200,4,3337.0,0.78545,1,2
0.15,3200,4,3702.0,0.26444,1,2
0.15,3200,4,2737.0,0.98111,1,2
0.15,3200,4,-1.0,0.99999,0,0
0.15,3200,4,-1.0,0.33618,0,0
0.15,3200,4,-1.0,0.06,0,0
0.15,3200,4,-1.0,0.0,0,0
0.15,3200,4,-1.0,0.0,0,0
0.15,3200,2,3600.0,0.90046,5,6
0.15,3200,2,3030.0,0.99871,5,6
0.15,3200,2,3656.0,0.99973,4,5
0.15,3200,2,2568.0,0.99117,5,6
0.15,3200,2,4183.0,0.99998,4,5
0.15,3200,2,2803.0,0.99954,4,5
0.15,3200,2,2918.0,0.99474,4,5
0.15,3200,2,3247.0,0.75642,4,5
0.15,3200,2,3568.0,0.99927,3,4
0.15,3200,2,3259.0,0.97218,4,5
0.15,3200,2,2395.0,0.99887,3,4
0.15,3200,2,4046.0,0.59383,3,4
0.15,3200,2,3012.0,0.99123,3,4
0.15,3200,2,3041.0,0.94747,3,4
0.15,3200,2,3001.0,0.99833,3,4
0.15,3200,2,2275.0,0.92279,3,4
0.15,3200,2,3277.0,0.75642,3,4
0.15,3200,2,2979.0,0.9997,3,4
0.15,3200,2,2398.0,0.53824,3,4
0.15,3200,2,3685.0,0.99991,2,3
0.15,3200,2,3394.0,0.99003,2,3
0.15,3200,2,2949.0,0.99985,2,3
0.15,3200,2,3053.0,0.9403,2,3
0.15,3200,2,2942.0,0.99954,2,3
0.15,3200,2,3298.0,0.99923,2,3
0.15,3200,2,3742.0,0.97853,2,3
0.15,3200,2,3573.0,0.99845,2,3
0.15,3200,2,3426.0,0.99102,2,3
0.15,3200,2,3749.0,0.32269,2,3
0.15,3200,2,3004.0,0.99228,2,3
0.15,3200,2,3000.0,0.83401,2,3
0.15,3200,2,3447.0,0.53844,2,3
0.15,3200,2,3482.0,0.72321,2,3
0.15,3200,2,2841.0,0.9994,2,3
0.15,3200,2,4303.0,0.99961,1,2
0.15,3200,2,-1.0,0.06,0,0
0.15,3200,9,3824.0,0.87146,5,6
0.15,3200,9,3126.0,0.99992,4,5
0.15,3200,9,4580.0,0.99987,4,5
0.15,3200,9,3447.0,0.99833,3,4
0.15,3200,9,3199.0,0.90045,4,5
0.15,3200,9,3207.0,0.75642,4,5
0.15,3200,9,2974.0,0.68546,3,4
0.15,3200,9,2892.0,0.94747,3,4
0.15,3200,9,2727.0,0.99995,2,3
0.15,3200,9,2907.0,0.99996,2,3
0.15,3200,9,2890.0,0.99954,2,3
0.15,3200,9,3456.0,0.99972,2,3
0.15,3200,9,3427.0,0.64257,2,3
0.15,3200,9,1855.0,0.47507,3,4
0.15,3200,9,3285.0,0.99994,1,2
0.15,3200,9,2423.0,0.88687,2,3
0.15,3200,9,3096.0,0.99756,2,3
0.15,3200,9,3185.0,0.9124,2,3
0.15,3200,9,2575.0,0.9642,2,3
0.15,3200,9,3144.0,0.88688,2,3
0.15,3200,9,3564.0,0.99991,1,2
0.15,3200,9,3357.0,0.99756,1,2
0.15,3200,9,3557.0,0.99954,1,2
0.15,3200,9,3026.0,0.99853,1,2
0.15,3200,9,2863.0,0.98337,1,2
0.15,3200,9,3014.0,0.99756,1,2
0.15,3200,9,3338.0,0.78565,1,2
0.15,3200,9,3162.0,0.53844,1,2
0.15,3200,9,2911.0,0.9685,1,2
0.15,3200,9,2777.0,0.93216,1,2
0.15,3200,9,2736.0,0.99474,1,2
0.15,3200,9,3047.0,0.95932,1,2
0.15,3200,9,2727.0,0.90045,1,2
0.15,3200,9,-1.0,0.99976,0,0
0.15,3200,9,-1.0,0.41584,0,0
0.15,3200,9,-1.0,0.24566,0,0
0.15,3200,7,2985.0,0.2323,5,6
0.15,3200,7,2541.0,0.53839,5,6
0.15,3200,7,2943.0,0.59382,5,6
0.15,3200,7,3601.0,0.99964,4,5
0.15,3200,7,3547.0,0.264,4,5
0.15,3200,7,4059.0,0.32271,4,5
0.15,3200,7,2800.0,0.99996,3,4
0.15,3200,7,2825.0,0.90045,4,5
0.15,3200,7,2238.0,0.26426,4,5
0.15,3200,7,2909.0,0.75642,3,4
0.15,3200,7,2345.0,0.99923,3,4
0.15,3200,7,3225.0,0.99785,2,3
0.15,3200,7,2696.0,1.0,2,3
0.15,3200,7,3036.0,0.72319,3,4
0.15,3200,7,2996.0,0.99994,2,3
0.15,3200,7,3570.0,0.99964,2,3
0.15,3200,7,2676.0,0.99684,2,3
0.15,3200,7,3056.0,0.99947,2,3
0.15,3200,7,3233.0,0.59383,2,3
0.15,3200,7,3084.0,0.94744,2,3
0.15,3200,7,2884.0,0.99402,2,3
0.15,3200,7,2755.0,0.68545,2,3
0.15,3200,7,3798.0,0.99964,1,2
0.15,3200,7,2928.0,0.99756,2,3
0.15,3200,7,3835.0,0.99997,1,2
0.15,3200,7,3438.0,0.23232,2,3
0.15,3200,7,3348.0,0.99995,1,2
0.15,3200,7,3606.0,0.9993,1,2
0.15,3200,7,3007.0,0.59382,2,3
0.15,3200,7,2697.0,0.23227,2,3
0.15,3200,7,2535.0,0.99003,2,3
0.15,3200,7,2835.0,0.99991,1,2
0.15,3200,7,3661.0,0.9756,1,2
0.15,3200,7,3135.0,0.99402,1,2
0.15,3200,7,-1.0,0.1428,0,0
0.15,3200,7,-1.0,0.06,0,0
0.15,3200,7,-1.0,0.0,0,0
0.15,3200,7,-1.0,0.0,0,0
0.15,3200,7,-1.0,0.0,0,0
0.15,3200,7,-1.0,0.0,0,0
0.15,3200,6,3472.0,0.75642,5,6
0.15,3200,6,4205.0,0.99684,5,6
0.15,3200,6,3365.0,0.97843,5,6
0.15,3200,6,3234.0,0.99396,4,5
0.15,3200,6,2859.0,0.95923,4,5
0.15,3200,6,2766.0,0.81137,4,5
0.15,3200,6,2656.0,0.26394,4,5
0.15,3200,6,3478.0,0.78565,4,5
0.15,3200,6,3773.0,0.99308,3,4
0.15,3200,6,3252.0,0.99853,3,4
0.15,3200,6,3247.0,0.92285,3,4
0.15,3200,6,2889.0,0.99887,3,4
0.15,3200,6,3427.0,0.99999,2,3
0.15,3200,6,3584.0,0.53843,3,4
0.15,3200,6,2885.0,0.85392,3,4
0.15,3200,6,3175.0,0.99923,2,3
0.15,3200,6,3536.0,0.99887,2,3
0.15,3200,6,2987.0,0.99879,2,3
0.15,3200,6,3139.0,0.99117,2,3
0.15,3200,6,3647.0,0.9403,2,3
0.15,3200,6,3850.0,0.95371,2,3
0.15,3200,6,3970.0,0.99998,1,2
0.15,3200,6,3022.0,0.96414,2,3
0.15,3200,6,4490.0,0.99833,1,2
0.15,3200,6,3346.0,0.97228,2,3
0.15,3200,6,2966.0,0.87145,2,3
0.15,3200,6,3241.0,0.9685,2,3
0.15,3200,6,3087.0,0.75642,2,3
0.15,3200,6,3392.0,0.99993,1,2
0.15,3200,6,3034.0,0.99984,1,2
0.15,3200,6,3382.0,0.26399,2,3
0.15,3200,6,2731.0,0.75636,2,3
0.15,3200,6,3383.0,0.99983,1,2
0.15,3200,6,3224.0,0.98867,1,2
0.15,3200,6,-1.0,0.0,0,0
0.15,3200,6,-1.0,0.0,0,0
0.15,3200,13,3617.0,0.99999,4,5
0.15,3200,13,2441.0,0.32263,6,7
0.15,3200,13,2383.0,0.99989,5,6
0.15,3200,13,3098.0,0.99998,4,5
0.15,3200,13,2948.0,0.99887,4,5
0.15,3200,13,3235.0,0.9403,4,5
0.15,3200,13,2890.0,0.98111,4,5
0.15,3200,13,2335.0,0.91239,4,5
0.15,3200,13,4508.0,0.32271,3,4
0.15,3200,13,2761.0,0.99756,3,4
0.15,3200,13,3534.0,0.9403,3,4
0.15,3200,13,3005.0,0.98111,3,4
0.15,3200,13,3591.0,0.64257,3,4
0.15,3200,13,3289.0,0.99968,2,3
0.15,3200,13,3400.0,0.94747,3,4
0.15,3200,13,4487.0,0.98111,2,3
0.15,3200,13,2175.0,0.64246,3,4
0.15,3200,13,3231.0,0.75642,2,3
0.15,3200,13,3088.0,0.99641,2,3
0.15,3200,13,3108.0,0.98713,2,3
0.15,3200,13,3014.0,0.99123,2,3
0.15,3200,13,3038.0,0.83401,2,3
0.15,3200,13,3257.0,0.99474,2,3
0.15,3200,13,2909.0,0.99228,2,3
0.15,3200,13,2669.0,0.88688,2,3
0.15,3200,13,2738.0,0.99593,2,3
0.15,3200,13,3193.0,0.99871,2,3
0.15,3200,13,2899.0,0.93216,2,3
0.15,3200,13,3554.0,0.26444,2,3
0.15,3200,13,3672.0,0.9994,1,2
0.15,3200,13,4145.0,0.99756,1,2
0.15,3200,13,3842.0,0.99684,1,2
0.15,3200,13,3404.0,0.99474,1,2
0.15,3200,13,3143.0,0.99402,1,2
0.15,3200,13,-1.0,0.1428,0,0
0.15,3200,13,-1.0,0.06,0,0
0.15,3200,13,-1.0,0.0,0,0
0.15,3200,12,3321.0,0.9124,5,6
0.15,3200,12,3152.0,0.88059,5,6
0.15,3200,12,3416.0,0.99999,4,5
0.15,3200,12,2745.0,0.98937,4,5
0.15,3200,12,3039.0,0.99981,5,6
0.15,3200,12,2794.0,0.32266,6,7
0.15,3200,12,3702.0,0.78565,4,5
0.15,3200,12,2715.0,0.26439,4,5
0.15,3200,12,3570.0,0.99146,3,4
0.15,3200,12,4074.0,0.98452,3,4
0.15,3200,12,3189.0,0.99923,3,4
0.15,3200,12,2964.0,0.99981,3,4
0.15,3200,12,3007.0,0.99849,3,4
0.15,3200,12,3253.0,0.98337,3,4
0.15,3200,12,2879.0,0.67829,4,5
0.15,3200,12,3052.0,0.99999,2,3
0.15,3200,12,2621.0,0.81136,3,4
0.15,3200,12,2349.0,0.90038,3,4
0.15,3200,12,4393.0,0.81137,3,4
0.15,3200,12,3128.0,0.99168,2,3
0.15,3200,12,3973.0,0.892,3,4
0.15,3200,12,3197.0,0.99999,2,3
0.15,3200,12,3810.0,0.98648,2,3
0.15,3200,12,3318.0,0.99123,2,3
0.15,3200,12,3293.0,0.99716,2,3
0.15,3200,12,4095.0,0.23232,2,3
0.15,3200,12,3658.0,0.98803,2,3
0.15,3200,12,3317.0,0.9947,2,3
0.15,3200,12,2826.0,0.98777,2,3
0.15,3200,12,3002.0,0.68546,2,3
0.15,3200,12,3401.0,0.63752,2,3
0.15,3200,12,3352.0,0.95932,2,3
0.15,3200,12,3798.0,0.23232,2,3
0.15,3200,12,3259.0,0.98867,2,3
0.15,3200,12,-1.0,0.06,0,0
0.15,3200,12,-1.0,0.06,0,0
0.15,3200,12,-1.0,0.0,0,0
0.15,3200,12,-1.0,0.0,0,0
0.15,3200,15,2875.0,0.99853,4,5
0.15,3200,15,3083.0,0.99932,3,4
0.15,3200,15,3017.0,0.64257,3,4
0.15,3200,15,3476.0,0.99474,2,3
0.15,3200,15,2778.0,0.97853,2,3
0.15,3200,15,2687.0,0.99983,1,2
0.15,3200,15,4097.0,0.53844,1,2
0.15,3200,15,2678.0,0.99641,1,2
0.15,3200,15,2817.0,0.78564,1,2
0.15,3200,15,2431.0,0.83399,1,2
0.15,3200,15,-1.0,0.99964,0,0
0.15,3200,15,-1.0,0.99871,0,0
0.15,3200,15,-1.0,0.9994,0,0
0.15,3200,15,-1.0,0.99871,0,0
0.15,3200,15,-1.0,0.99537,0,0
0.15,3200,15,-1.0,0.93216,0,0
0.15,3200,15,-1.0,0.75642,0,0
0.15,3200,15,-1.0,0.93215,0,0
0.15,3200,15,-1.0,0.23231,0,0
0.15,3200,15,-1.0,0.81134,0,0
0.15,3200,15,-1.0,0.99979,0,0
0.15,3200,15,-1.0,0.99948,0,0
0.15,3200,15,-1.0,0.99924,0,0
0.15,3200,15,-1.0,0.99914,0,0
0.15,3200,15,-1.0,0.99815,0,0
0.15,3200,15,-1.0,0.99815,0,0
0.15,3200,15,-1.0,0.99789,0,0
0.15,3200,15,-1.0,0.99546,0,0
0.15,3200,15,-1.0,0.99414,0,0
0.15,3200,15,-1.0,0.99243,0,0
0.15,3200,15,-1.0,0.97283,0,0
0.15,3200,15,-1.0,0.91414,0,0
0.15,3200,15,-1.0,0.91414,0,0
0.15,3200,15,-1.0,0.41584,0,0
0.15,3200,15,-1.0,0.0,0,0
0.15,3200,14,3370.0,0.95932,5,6
0.15,3200,14,3179.0,0.23231,5,6
0.15,3200,14,2883.0,0.99959,4,5
0.15,3200,14,3051.0,0.98713,4,5
0.15,3200,14,3603.0,0.99123,4,5
0.15,3200,14,3413.0,0.97228,3,4
0.15,3200,14,3973.0,0.97228,3,4
0.15,3200,14,3318.0,0.98111,3,4
0.15,3200,14,2896.0,0.834,3,4
0.15,3200,14,3140.0,0.99887,3,4
0.15,3200,14,3878.0,0.98713,2,3
0.15,3200,14,3319.0,0.93216,2,3
0.15,3200,14,2264.0,0.99474,2,3
0.15,3200,14,2836.0,0.99968,2,3
0.15,3200,14,2964.0,0.99722,2,3
0.15,3200,14,3583.0,0.99756,2,3
0.15,3200,14,4175.0,0.99785,1,2
0.15,3200,14,3511.0,0.99123,2,3
0.15,3200,14,3075.0,0.99853,1,2
0.15,3200,14,3978.0,0.53844,1,2
0.15,3200,14,4081.0,0.99402,1,2
0.15,3200,14,3045.0,0.99833,1,2
0.15,3200,14,2977.0,0.99954,1,2
0.15,3200,14,3231.0,0.98713,1,2
0.15,3200,14,3330.0,0.99003,1,2
0.15,3200,14,3004.0,0.99537,1,2
0.15,3200,14,2488.0,0.99003,1,2
0.15,3200,14,2309.0,0.99871,1,2
0.15,3200,14,2347.0,0.98337,1,2
0.15,3200,14,3039.0,0.99402,1,2
0.15,3200,14,3698.0,0.75642,1,2
0.15,3200,14,3008.0,0.99593,1,2
0.15,3200,14,2846.0,0.98337,1,2
0.15,3200,14,2731.0,0.40395,1,2
0.15,3200,14,-1.0,0.41584,0,0
0.15,3200,14,-1.0,0.1428,0,0
0.15,3200,14,-1.0,0.0,0,0
0.15,6400,0,5912.0,1.0,1,2
0.15,6400,0,7611.0,1.0,1,2
0.15,6400,0,5881.0,0.99973,2,3
0.15,6400,0,6495.0,1.0,1,2
0.15,6400,0,6386.0,0.99959,1,2
0.15,6400,0,5935.0,0.40398,1,2
0.15,6400,0,5840.0,0.264,1,2
0.15,6400,0,6133.0,0.68546,1,2
0.15,6400,0,-1.0,0.99978,0,0
0.15,6400,0,-1.0,0.97206,0,0
0.15,6400,0,-1.0,0.23232,0,0
0.15,6400,0,-1.0,0.99123,0,0
0.15,6400,0,-1.0,0.85393,0,0
0.15,6400,0,-1.0,1.0,0,0
0.15,6400,0,-1.0,1.0,0,0
0.15,6400,0,-1.0,1.0,0,0
0.15,6400,0,-1.0,0.99976,0,0
0.15,6400,0,-1.0,0.99963,0,0
0.15,6400,0,-1.0,0.99967,0,0
0.15,6400,0,-1.0,0.98738,0,0
0.15,6400,0,-1.0,0.9601,0,0
0.15,6400,0,-1.0,0.81513,0,0
0.15,6400,0,-1.0,0.54763,0,0
0.15,6400,0,-1.0,0.24566,0,0
0.15,6400,0,-1.0,0.0,0,0
0.15,6400,0,-1.0,0.0,0,0
0.15,3200,17,3320.0,0.93214,5,6
0.15,3200,17,2675.0,0.32267,5,6
0.15,3200,17,2923.0,0.99756,4,5
0.15,3200,17,2632.0,0.97851,4,5
0.15,3200,17,2894.0,0.99591,3,4
0.15,3200,17,2857.0,0.99887,3,4
0.15,3200,17,3241.0,0.87145,3,4
0.15,3200,17,3897.0,0.4755,3,4
0.15,3200,17,3367.0,0.99887,2,3
0.15,3200,17,3141.0,0.90045,2,3
0.15,3200,17,3316.0,0.92278,2,3
0.15,3200,17,2480.0,0.98537,2,3
0.15,3200,17,3113.0,0.99992,1,2
0.15,3200,17,3908.0,0.99962,1,2
0.15,3200,17,2635.0,0.90045,2,3
0.15,3200,17,2967.0,0.99997,1,2
0.15,3200,17,3571.0,0.99684,1,2
0.15,3200,17,3169.0,0.99537,1,2
0.15,3200,17,2910.0,0.75642,2,3
0.15,3200,17,3485.0,0.97852,1,2
0.15,3200,17,3235.0,0.26398,1,2
0.15,3200,17,-1.0,0.99993,0,0
0.15,3200,17,2804.0,0.59382,1,2
0.15,3200,17,2949.0,0.26442,1,2
0.15,3200,17,3324.0,0.83389,1,2
0.15,3200,17,3184.0,0.68546,1,2
0.15,3200,17,3115.0,0.85393,1,2
0.15,3200,17,2978.0,0.81136,1,2
0.15,3200,17,-1.0,0.99976,0,0
0.15,3200,17,2506.0,0.97559,1,2
0.15,3200,17,-1.0,0.99993,0,0
0.15,3200,17,3276.0,0.26443,1,2
0.15,3200,17,-1.0,0.99474,0,0
0.15,3200,17,-1.0,0.99402,0,0
0.15,3200,17,-1.0,0.99228,0,0
0.15,3200,17,-1.0,0.33618,0,0
0.15,3200,17,-1.0,0.06,0,0
0.15,3200,17,-1.0,0.06,0,0
0.15,3200,17,-1.0,0.0,0,0
0.15,3200,17,-1.0,0.0,0,0
0.15,3200,16,4052.0,1.0,4,5
0.15,3200,16,3014.0,0.999,5,6
0.15,3200,16,3163.0,0.9642,4,5
0.15,3200,16,3983.0,0.99912,3,4
0.15,3200,16,2727.0,0.95932,3,4
0.15,3200,16,3167.0,0.99853,3,4
0.15,3200,16,3153.0,0.68546,3,4
0.15,3200,16,3057.0,0.9994,3,4
0.15,3200,16,3448.0,0.78565,3,4
0.15,3200,16,3539.0,0.99993,2,3
0.15,3200,16,2679.0,0.26394,3,4
0.15,3200,16,3299.0,0.53844,3,4
0.15,3200,16,2948.0,0.53843,3,4
0.15,3200,16,2392.0,0.99684,2,3
0.15,3200,16,3169.0,0.98337,2,3
0.15,3200,16,3185.0,0.99003,2,3
0.15,3200,16,3615.0,0.99993,1,2
0.15,3200,16,2493.0,0.83399,2,3
0.15,3200,16,3464.0,0.99989,1,2
0.15,3200,16,3902.0,0.99947,1,2
0.15,3200,16,2550.0,0.7564,2,3
0.15,3200,16,3314.0,0.23231,2,3
0.15,3200,16,2804.0,0.68545,2,3
0.15,3200,16,3616.0,0.99833,1,2
0.15,3200,16,3765.0,0.97853,1,2
0.15,3200,16,3607.0,0.99537,1,2
0.15,3200,16,2976.0,0.98337,1,2
0.15,3200,16,-1.0,1.0,0,0
0.15,3200,16,3039.0,0.99474,1,2
0.15,3200,16,2715.0,0.99947,1,2
0.15,3200,16,3632.0,0.99474,1,2
0.15,3200,16,2676.0,0.99959,1,2
0.15,3200,16,2916.0,0.99402,1,2
0.15,3200,16,-1.0,0.99994,0,0
0.15,3200,16,-1.0,0.41584,0,0
0.15,3200,16,-1.0,0.33618,0,0
0.15,3200,16,-1.0,0.0,0,0
0.15,3200,16,-1.0,0.0,0,0
0.15,6400,1,8060.0,1.0,1,2
0.15,6400,1,7647.0,0.99999,1,2
0.15,6400,1,7615.0,0.97753,1,2
0.15,6400,1,6652.0,1.0,1,2
0.15,6400,1,5111.0,0.93216,2,3
0.15,6400,1,5175.0,0.9756,2,3
0.15,6400,1,5750.0,0.85393,1,2
0.15,6400,1,-1.0,1.0,0,0
0.15,6400,1,5511.0,0.99947,1,2
0.15,6400,1,6072.0,0.264,1,2
0.15,6400,1,5181.0,0.81137,1,2
0.15,6400,1,-1.0,0.99684,0,0
0.15,6400,1,-1.0,0.9642,0,0
0.15,6400,1,-1.0,0.59383,0,0
0.15,6400,1,-1.0,1.0,0,0
0.15,6400,1,-1.0,1.0,0,0
0.15,6400,1,-1.0,0.99811,0,0
0.15,6400,1,-1.0,1.0,0,0
0.15,6400,1,-1.0,1.0,0,0
0.15,6400,1,-1.0,1.0,0,0
0.15,6400,1,-1.0,0.85912,0,0
0.15,6400,1,-1.0,0.99999,0,0
0.15,6400,1,-1.0,0.99924,0,0
0.15,6400,1,-1.0,0.99761,0,0
0.15,6400,1,-1.0,0.99601,0,0
0.15,6400,1,-1.0,0.96491,0,0
0.15,6400,1,-1.0,0.95469,0,0
0.15,6400,1,-1.0,0.90244,0,0
0.15,6400,1,-1.0,0.81513,0,0
0.15,6400,1,-1.0,0.76127,0,0
0.15,6400,1,-1.0,0.41584,0,0
0.15,6400,1,-1.0,0.0,0,0
0.15,3200,21,3341.0,0.78565,5,6
0.15,3200,21,3232.0,0.97228,4,5
0.15,3200,21,2981.0,0.99402,3,4
0.15,3200,21,1873.0,0.98712,3,4
0.15,3200,21,3594.0,0.99994,1,2
0.15,3200,21,3062.0,0.99992,1,2
0.15,3200,21,3432.0,0.59383,2,3
0.15,3200,21,3250.0,0.90045,2,3
0.15,3200,21,2851.0,0.97228,1,2
0.15,3200,21,2975.0,0.98712,1,2
0.15,3200,21,2361.0,0.99003,1,2
0.15,3200,21,3540.0,0.99003,1,2
0.15,3200,21,2892.0,0.97853,1,2
0.15,3200,21,-1.0,0.99997,0,0
0.15,3200,21,3033.0,0.90045,1,2
0.15,3200,21,-1.0,0.99981,0,0
0.15,3200,21,-1.0,0.99853,0,0
0.15,3200,21,-1.0,0.99722,0,0
0.15,3200,21,-1.0,0.95377,0,0
0.15,3200,21,-1.0,0.53844,0,0
0.15,3200,21,-1.0,1.0,0,0
0.15,3200,21,-1.0,0.90045,0,0
0.15,3200,21,-1.0,0.75642,0,0
0.15,3200,21,-1.0,0.99999,0,0
0.15,3200,21,-1.0,0.99684,0,0
0.15,3200,21,-1.0,0.4755,0,0
0.15,3200,21,-1.0,0.68546,0,0
0.15,3200,21,-1.0,0.99995,0,0
0.15,3200,21,-1.0,0.59382,0,0
0.15,3200,21,-1.0,0.99992,0,0
0.15,3200,21,-1.0,0.9999,0,0
0.15,3200,21,-1.0,0.99976,0,0
0.15,3200,21,-1.0,0.99789,0,0
0.15,3200,21,-1.0,0.99649,0,0
0.15,3200,21,-1.0,0.33618,0,0
0.15,3200,21,-1.0,0.24566,0,0
0.15,3200,18,3225.0,0.3227,5,6
0.15,3200,18,3251.0,0.90045,5,6
0.15,3200,18,3057.0,0.99976,4,5
0.15,3200,18,3553.0,0.59383,4,5
0.15,3200,18,2995.0,0.99811,3,4
0.15,3200,18,3252.0,0.98867,3,4
0.15,3200,18,2872.0,0.98337,3,4
0.15,3200,18,2481.0,0.97853,3,4
0.15,3200,18,2906.0,0.99912,2,3
0.15,3200,18,3389.0,0.9642,2,3
0.15,3200,18,2619.0,0.99641,2,3
0.15,3200,18,3141.0,0.78565,2,3
0.15,3200,18,3825.0,0.64257,2,3
0.15,3200,18,3322.0,0.99981,1,2
0.15,3200,18,3709.0,0.99998,1,2
0.15,3200,18,3874.0,0.99641,1,2
0.15,3200,18,1861.0,0.99983,1,2
0.15,3200,18,3504.0,0.999,1,2
0.15,3200,18,2505.0,0.99985,1,2
0.15,3200,18,2976.0,0.99474,1,2
0.15,3200,18,3819.0,0.32271,1,2
0.15,3200,18,2269.0,0.99785,1,2
0.15,3200,18,2564.0,0.99722,1,2
0.15,3200,18,2827.0,0.59382,1,2
0.15,3200,18,-1.0,0.99995,0,0
0.15,3200,18,2980.0,0.9756,1,2
0.15,3200,18,2403.0,0.99474,1,2
0.15,3200,18,-1.0,0.99991,0,0
0.15,3200,18,-1.0,1.0,0,0
0.15,3200,18,2632.0,0.98537,1,2
0.15,3200,18,-1.0,0.99994,0,0
0.15,3200,18,-1.0,0.99964,0,0
0.15,3200,18,-1.0,0.99992,0,0
0.15,3200,18,-1.0,0.99994,0,0
0.15,3200,18,-1.0,0.1428,0,0
0.15,3200,18,-1.0,0.06,0,0
0.15,6400,2,6407.0,0.99228,2,3
0.15,6400,2,5888.0,0.64257,2,3
0.15,6400,2,5019.0,0.98505,2,3
0.15,6400,2,5200.0,0.99976,2,3
0.15,6400,2,6947.0,0.99995,1,2
0.15,6400,2,6791.0,1.0,1,2
0.15,6400,2,7296.0,0.99228,1,2
0.15,6400,2,6743.0,0.32271,1,2
0.15,6400,2,5203.0,0.97228,1,2
0.15,6400,2,5766.0,0.94747,1,2
0.15,6400,2,-1.0,0.99981,0,0
0.15,6400,2,5782.0,0.99943,1,2
0.15,6400,2,-1.0,0.68546,0,0
0.15,6400,2,-1.0,0.9537,0,0
0.15,6400,2,-1.0,0.99978,0,0
0.15,6400,2,-1.0,0.99756,0,0
0.15,6400,2,-1.0,0.88688,0,0
0.15,6400,2,-1.0,0.47551,0,0
0.15,6400,2,-1.0,0.264,0,0
0.15,6400,2,-1.0,0.93187,0,0
0.15,6400,2,-1.0,0.68546,0,0
0.15,6400,2,-1.0,0.68543,0,0
0.15,6400,2,-1.0,1.0,0,0
0.15,6400,2,-1.0,0.99995,0,0
0.15,6400,2,-1.0,0.99973,0,0
0.15,6400,2,-1.0,0.99965,0,0
0.15,6400,2,-1.0,0.9992,0,0
0.15,6400,2,-1.0,0.99691,0,0
0.15,6400,2,-1.0,0.9889,0,0
0.15,6400,2,-1.0,0.9889,0,0
0.15,6400,2,-1.0,0.97877,0,0
0.15,6400,2,-1.0,0.96013,0,0
0.15,6400,2,-1.0,0.94145,0,0
0.15,6400,2,-1.0,0.93351,0,0
0.15,6400,2,-1.0,0.91406,0,0
0.15,6400,2,-1.0,0.33618,0,0
0.15,6400,2,-1.0,0.06,0,0
0.15,6400,2,-1.0,0.0,0,0
0.15,3200,20,3293.0,0.99985,4,5
0.15,3200,20,3483.0,0.98111,5,6
0.15,3200,20,3048.0,0.88688,4,5
0.15,3200,20,3405.0,0.99987,3,4
0.15,3200,20,3805.0,0.99999,2,3
0.15,3200,20,2906.0,0.99987,3,4
0.15,3200,20,3964.0,0.99994,2,3
0.15,3200,20,3337.0,0.99981,2,3
0.15,3200,20,3886.0,0.98713,2,3
0.15,3200,20,2918.0,0.834,2,3
0.15,3200,20,4012.0,0.99991,1,2
0.15,3200,20,3697.0,0.99954,1,2
0.15,3200,20,3633.0,0.99995,1,2
0.15,3200,20,3717.0,0.93216,2,3
0.15,3200,20,2607.0,0.32266,2,3
0.15,3200,20,3135.0,0.68546,2,3
0.15,3200,20,3608.0,0.87146,1,2
0.15,3200,20,4048.0,0.98537,1,2
0.15,3200,20,2938.0,0.94747,1,2
0.15,3200,20,3163.0,0.90045,1,2
0.15,3200,20,3164.0,0.64257,1,2
0.15,3200,20,-1.0,0.99999,0,0
0.15,3200,20,2876.0,0.99003,1,2
0.15,3200,20,2871.0,0.94747,1,2
0.15,3200,20,3547.0,0.32271,1,2
0.15,3200,20,3208.0,0.68546,1,2
0.15,3200,20,2763.0,0.53842,1,2
0.15,3200,20,2740.0,0.26396,1,2
0.15,3200,20,3197.0,0.23231,1,2
0.15,3200,20,-1.0,0.99968,0,0
0.15,3200,20,-1.0,0.99887,0,0
0.15,3200,20,2808.0,0.68545,1,2
0.15,3200,20,-1.0,0.99912,0,0
0.15,3200,20,-1.0,0.99887,0,0
0.15,3200,20,-1.0,0.99912,0,0
0.15,3200,20,-1.0,0.1428,0,0
0.15,3200,20,-1.0,0.06,0,0
0.15,3200,20,-1.0,0.0,0,0
0.15,3200,20,-1.0,0.0,0,0
0.15,6400,3,7164.0,0.0,1,2
0.15,6400,3,4976.0,0.99987,2,3
0.15,6400,3,6689.0,0.0,2,3
0.15,6400,3,6905.0,0.0,1,2
0.15,6400,3,6225.0,0.0,2,3
0.15,6400,3,6812.0,0.0,2,3
0.15,6400,3,6415.0,0.0,2,3
0.15,6400,3,6836.0,0.0,1,2
0.15,6400,3,8178.0,0.87146,1,2
0.15,6400,3,-1.0,0.99999,0,0
0.15,6400,3,-1.0,1.0,0,0
0.15,6400,3,-1.0,0.99999,0,0
0.15,6400,3,-1.0,0.99981,0,0
0.15,6400,3,-1.0,0.0,0,0
0.15,6400,3,-1.0,0.0,0,0
0.15,6400,3,-1.0,0.0,0,0
0.15,6400,3,-1.0,0.83731,0,0
0.15,6400,3,-1.0,0.0,0,0
0.15,6400,4,6595.0,0.98317,2,3
0.15,6400,4,6633.0,0.65314,1,2
0.15,6400,4,5192.0,0.98867,2,3
0.15,6400,4,6756.0,0.48305,1,2
0.15,6400,4,6589.0,0.85393,2,3
0.15,6400,4,6271.0,0.99844,1,2
0.15,6400,4,6233.0,0.44028,1,2
0.15,6400,4,-1.0,1.0,0,0
0.15,6400,4,-1.0,1.0,0,0
0.15,6400,4,-1.0,0.99845,0,0
0.15,6400,4,-1.0,0.94699,0,0
0.15,6400,4,-1.0,0.9756,0,0
0.15,6400,4,-1.0,0.55067,0,0
0.15,6400,4,-1.0,1.0,0,0
0.15,6400,4,-1.0,0.94545,0,0
0.15,6400,4,-1.0,1.0,0,0
0.15,6400,4,-1.0,1.0,0,0
0.15,6400,4,-1.0,0.49854,0,0
0.15,6400,4,-1.0,0.99819,0,0
0.15,6400,4,-1.0,0.99812,0,0
0.15,6400,4,-1.0,0.62533,0,0
0.15,6400,4,-1.0,0.98371,0,0
0.15,6400,4,-1.0,0.97585,0,0
0.15,6400,4,-1.0,0.96491,0,0
0.15,6400,4,-1.0,0.92432,0,0
0.15,6400,4,-1.0,0.14076,0,0
0.15,6400,4,-1.0,0.78992,0,0
0.15,3200,19,3106.0,0.98867,5,6
0.15,3200,19,2846.0,0.99923,5,6
0.15,3200,19,2903.0,0.99794,5,6
0.15,3200,19,2910.0,0.72313,5,6
0.15,3200,19,2487.0,0.99853,4,5
0.15,3200,19,3961.0,0.98111,4,5
0.15,3200,19,2160.0,0.99905,4,5
0.15,3200,19,2857.0,0.99839,4,5
0.15,3200,19,3431.0,0.98713,3,4
0.15,3200,19,3428.0,0.99887,3,4
0.15,3200,19,3476.0,0.75642,3,4
0.15,3200,19,3389.0,0.99949,3,4
0.15,3200,19,2718.0,0.99673,3,4
0.15,3200,19,2985.0,0.85392,4,5
0.15,3200,19,3081.0,0.98991,3,4
0.15,3200,19,3009.0,0.97221,3,4
0.15,3200,19,3249.0,0.99987,2,3
0.15,3200,19,2798.0,0.99871,2,3
0.15,3200,19,2496.0,0.99833,2,3
0.15,3200,19,2545.0,0.99402,2,3
0.15,3200,19,2453.0,0.99996,2,3
0.15,3200,19,2976.0,0.99631,2,3
0.15,3200,19,4112.0,0.932,2,3
0.15,3200,19,2884.0,0.99629,2,3
0.15,3200,19,2374.0,0.98537,2,3
0.15,3200,19,2875.0,0.99767,2,3
0.15,3200,19,3329.0,0.94747,2,3
0.15,3200,19,4012.0,0.32271,2,3
0.15,3200,19,3571.0,0.99976,1,2
0.15,3200,19,3396.0,0.53841,2,3
0.15,3200,19,2280.0,0.99935,2,3
0.15,3200,19,3285.0,0.93198,2,3
0.15,3200,19,3156.0,0.59383,2,3
0.15,3200,19,3575.0,0.26438,1,2
0.15,3200,19,3017.0,0.68546,1,2
0.15,3200,19,-1.0,0.1428,0,0
0.15,3200,19,-1.0,0.0,0,0
0.15,6400,5,5980.0,0.0,2,3
0.15,6400,5,6307.0,0.0,2,3
0.15,6400,5,6424.0,0.0,2,3
0.15,6400,5,5983.0,0.0,1,2
0.15,6400,5,6516.0,0.0,1,2
0.15,6400,5,5252.0,0.99998,1,2
0.15,6400,5,-1.0,0.99994,0,0
0.15,6400,5,-1.0,0.0,0,0
0.15,6400,5,-1.0,0.0,0,0
0.15,6400,5,-1.0,0.0,0,0
0.15,6400,5,-1.0,0.99998,0,0
0.15,6400,5,-1.0,0.99991,0,0
0.15,6400,5,-1.0,0.0,0,0
0.15,6400,5,-1.0,0.0,0,0
0.15,6400,5,-1.0,0.0,0,0
0.15,6400,5,-1.0,0.0,0,0
0.15,6400,5,-1.0,0.0,0,0
0.15,6400,5,-1.0,0.0,0,0
0.15,6400,5,-1.0,0.0,0,0
0.15,3200,22,3000.0,0.999,5,6
0.15,3200,22,3453.0,0.78565,5,6
0.15,3200,22,3897.0,0.99972,4,5
0.15,3200,22,2449.0,0.7564,4,5
0.15,3200,22,3595.0,0.95377,4,5
0.15,3200,22,3638.0,0.99995,3,4
0.15,3200,22,2914.0,0.99985,3,4
0.15,3200,22,2930.0,0.99871,3,4
0.15,3200,22,3686.0,1.0,2,3
0.15,3200,22,3615.0,0.99985,2,3
0.15,3200,22,3141.0,0.99972,2,3
0.15,3200,22,2895.0,0.9124,3,4
0.15,3200,22,3266.0,0.99912,2,3
0.15,3200,22,2974.0,0.99537,2,3
0.15,3200,22,2758.0,0.98111,3,4
0.15,3200,22,3385.0,0.83401,2,3
0.15,3200,22,3414.0,0.72321,2,3
0.15,3200,22,3335.0,0.9124,2,3
0.15,3200,22,2771.0,0.99871,2,3
0.15,3200,22,3386.0,0.99987,1,2
0.15,3200,22,2891.0,0.99995,1,2
0.15,3200,22,3521.0,0.99995,1,2
0.15,3200,22,3385.0,0.99954,1,2
0.15,3200,22,3420.0,0.99989,1,2
0.15,3200,22,4146.0,0.90046,1,2
0.15,3200,22,3147.0,0.999,1,2
0.15,3200,22,3493.0,0.99321,1,2
0.15,3200,22,2410.0,0.99947,1,2
0.15,3200,22,2876.0,0.98537,1,2
0.15,3200,22,2803.0,0.99811,1,2
0.15,3200,22,2810.0,0.98867,1,2
0.15,3200,22,2704.0,0.99537,1,2
0.15,3200,22,2864.0,0.99785,1,2
0.15,3200,22,2833.0,0.99123,1,2
0.15,3200,22,-1.0,0.99996,0,0
0.15,3200,24,3927.0,0.93216,5,6
0.15,3200,24,2565.0,0.99912,5,6
0.15,3200,24,3546.0,0.99994,4,5
0.15,3200,24,2281.0,0.99119,4,5
0.15,3200,24,3503.0,0.99684,4,5
0.15,3200,24,3539.0,0.99987,3,4
0.15,3200,24,3030.0,0.40397,4,5
0.15,3200,24,3016.0,0.85387,3,4
0.15,3200,24,3700.0,0.23232,3,4
0.15,3200,24,3268.0,0.99993,2,3
0.15,3200,24,2845.0,0.88688,3,4
0.15,3200,24,3498.0,0.99684,2,3
0.15,3200,24,4297.0,0.99981,2,3
0.15,3200,24,3471.0,0.40398,3,4
0.15,3200,24,2991.0,0.98867,2,3
0.15,3200,24,3317.0,0.9947,2,3
0.15,3200,24,2656.0,0.98705,2,3
0.15,3200,24,3679.0,0.99474,2,3
0.15,3200,24,2526.0,0.95931,2,3
0.15,3200,24,2992.0,0.97228,2,3
0.15,3200,24,3731.0,0.99978,1,2
0.15,3200,24,3689.0,0.99972,1,2
0.15,3200,24,3225.0,0.7232,2,3
0.15,3200,24,4303.0,0.99987,1,2
0.15,3200,24,3183.0,0.95928,2,3
0.15,3200,24,3826.0,0.99987,1,2
0.15,3200,24,3575.0,0.9994,1,2
0.15,3200,24,2760.0,0.85392,2,3
0.15,3200,24,2828.0,0.99833,1,2
0.15,3200,24,2159.0,0.99991,1,2
0.15,3200,24,2753.0,0.99943,1,2
0.15,3200,24,2963.0,0.68542,1,2
0.15,3200,24,3433.0,0.93212,1,2
0.15,3200,24,-1.0,0.99978,0,0
0.15,3200,24,-1.0,0.1428,0,0
0.15,3200,24,-1.0,0.1428,0,0
0.15,3200,24,-1.0,0.0,0,0
0.15,3200,23,2568.0,0.99316,5,6
0.15,3200,23,2138.0,0.999,5,6
0.15,3200,23,2809.0,0.99871,5,6
0.15,3200,23,3366.0,0.96416,5,6
0.15,3200,23,3240.0,0.93216,4,5
0.15,3200,23,3188.0,0.90045,4,5
0.15,3200,23,3206.0,0.40396,4,5
0.15,3200,23,2460.0,0.99927,4,5
0.15,3200,23,2510.0,0.99975,3,4
0.15,3200,23,3754.0,0.92288,3,4
0.15,3200,23,2951.0,0.99785,3,4
0.15,3200,23,2921.0,0.99912,3,4
0.15,3200,23,2602.0,0.99811,3,4
0.15,3200,23,2676.0,0.99887,3,4
0.15,3200,23,3274.0,0.95374,3,4
0.15,3200,23,3952.0,0.99973,2,3
0.15,3200,23,3767.0,0.95374,2,3
0.15,3200,23,2639.0,0.99954,2,3
0.15,3200,23,3387.0,0.99397,2,3
0.15,3200,23,3385.0,0.99994,1,2
0.15,3200,23,3800.0,0.90046,2,3
0.15,3200,23,2914.0,0.9642,2,3
0.15,3200,23,3292.0,0.9685,2,3
0.15,3200,23,3294.0,0.67482,2,3
0.15,3200,23,3107.0,0.98862,2,3
0.15,3200,23,2433.0,0.99592,2,3
0.15,3200,23,2795.0,0.98998,2,3
0.15,3200,23,2809.0,0.32269,2,3
0.15,3200,23,3490.0,0.97848,2,3
0.15,3200,23,2442.0,0.87144,2,3
0.15,3200,23,3417.0,0.90046,2,3
0.15,3200,23,3047.0,0.26442,2,3
0.15,3200,23,4306.0,0.99589,1,2
0.15,3200,23,-1.0,0.99896,0,0
0.15,3200,23,-1.0,0.14279,0,0
0.15,3200,23,-1.0,0.1428,0,0
0.15,3200,23,-1.0,0.06,0,0
0.15,6400,6,7289.0,0.68546,2,3
0.15,6400,6,7434.0,1.0,1,2
0.15,6400,6,6127.0,0.94023,2,3
0.15,6400,6,6191.0,0.99995,1,2
0.15,6400,6,-1.0,0.99993,0,0
0.15,6400,6,6415.0,0.97228,1,2
0.15,6400,6,-1.0,1.0,0,0
0.15,6400,6,-1.0,1.0,0,0
0.15,6400,6,-1.0,0.99833,0,0
0.15,6400,6,-1.0,0.99474,0,0
0.15,6400,6,-1.0,0.72318,0,0
0.15,6400,6,-1.0,0.9474,0,0
0.15,6400,6,-1.0,1.0,0,0
0.15,6400,6,-1.0,1.0,0,0
0.15,6400,6,-1.0,1.0,0,0
0.15,6400,6,-1.0,1.0,0,0
0.15,6400,6,-1.0,0.99761,0,0
0.15,6400,6,-1.0,0.99334,0,0
0.15,6400,6,-1.0,0.96491,0,0
0.15,6400,6,-1.0,0.92437,0,0
0.15,6400,6,-1.0,0.91407,0,0
0.15,6400,6,-1.0,0.60188,0,0
0.15,6400,6,-1.0,0.54763,0,0
0.15,6400,7,6292.0,1.0,1,2
0.15,6400,7,6847.0,0.99998,1,2
0.15,6400,7,5752.0,0.98713,2,3
0.15,6400,7,6446.0,0.9685,2,3
0.15,6400,7,5812.0,0.99978,1,2
0.15,6400,7,6588.0,0.83401,1,2
0.15,6400,7,-1.0,0.99998,0,0
0.15,6400,7,-1.0,1.0,0,0
0.15,6400,7,-1.0,0.99853,0,0
0.15,6400,7,-1.0,0.99123,0,0
0.15,6400,7,-1.0,0.99811,0,0
0.15,6400,7,-1.0,0.99983,0,0
0.15,6400,7,-1.0,1.0,0,0
0.15,6400,7,-1.0,0.99998,0,0
0.15,6400,7,-1.0,1.0,0,0
0.15,6400,7,-1.0,0.99998,0,0
0.15,6400,7,-1.0,0.99976,0,0
0.15,6400,7,-1.0,0.99969,0,0
0.15,6400,7,-1.0,0.99815,0,0
0.15,6400,7,-1.0,0.99761,0,0
0.15,6400,7,-1.0,0.98738,0,0
0.15,6400,7,-1.0,0.98148,0,0
0.15,6400,7,-1.0,0.95469,0,0
0.15,6400,7,-1.0,0.78992,0,0
0.15,6400,9,5827.0,0.0,1,2
0.15,6400,9,5236.0,1.0,1,2
0.15,6400,9,5469.0,1.0,1,2
0.15,6400,9,6063.0,1.0,1,2
0.15,6400,9,6375.0,0.9124,1,2
0.15,6400,9,5562.0,0.99123,1,2
0.15,6400,9,-1.0,1.0,0,0
0.15,6400,9,-1.0,0.87146,0,0
0.15,6400,9,-1.0,1.0,0,0
0.15,6400,9,-1.0,0.88688,0,0
0.15,6400,9,-1.0,0.32271,0,0
0.15,6400,9,-1.0,0.9642,0,0
0.15,6400,9,-1.0,0.0,0,0
0.15,6400,9,-1.0,1.0,0,0
0.15,6400,9,-1.0,0.98738,0,0
0.15,6400,9,-1.0,0.94851,0,0
0.15,6400,9,-1.0,0.87401,0,0
0.15,6400,9,-1.0,0.85683,0,0
0.15,6400,9,-1.0,0.83731,0,0
0.15,6400,9,-1.0,0.1428,0,0
0.15,6400,8,7064.0,0.90046,2,3
0.15,6400,8,5050.0,0.99993,2,3
0.15,6400,8,4488.0,0.0,2,3
0.15,6400,8,6246.0,0.0,2,3
0.15,6400,8,6132.0,0.0,1,2
0.15,6400,8,4665.0,0.9999,1,2
0.15,6400,8,5781.0,0.92291,1,2
0.15,6400,8,-1.0,1.0,0,0
0.15,6400,8,-1.0,0.3,0,0
0.15,6400,8,-1.0,0.59383,0,0
0.15,6400,8,-1.0,1.0,0,0
0.15,6400,8,-1.0,0.9999,0,0
0.15,6400,8,-1.0,0.99986,0,0
0.15,6400,8,-1.0,0.88913,0,0
0.15,6400,8,-1.0,0.85683,0,0
0.15,6400,8,-1.0,0.0,0,0
0.15,6400,8,-1.0,0.48594,0,0
0.15,6400,8,-1.0,0.0,0,0
0.15,6400,8,-1.0,0.0,0,0
0.15,6400,10,5208.0,0.99402,2,3
0.15,6400,10,5607.0,0.9403,2,3
0.15,6400,10,5308.0,0.0,2,3
0.15,6400,10,5251.0,0.9994,1,2
0.15,6400,10,6900.0,0.9124,1,2
0.15,6400,10,-1.0,0.98537,0,0
0.15,6400,10,-1.0,0.98713,0,0
0.15,6400,10,-1.0,0.9756,0,0
0.15,6400,10,-1.0,0.93216,0,0
0.15,6400,10,-1.0,0.99924,0,0
0.15,6400,10,-1.0,0.9914,0,0
0.15,6400,10,-1.0,0.98371,0,0
0.15,6400,10,-1.0,0.98148,0,0
0.15,6400,10,-1.0,0.96912,0,0
0.15,6400,10,-1.0,0.91414,0,0
0.15,6400,10,-1.0,0.90244,0,0
0.15,6400,10,-1.0,0.88913,0,0
0.15,6400,10,-1.0,0.0,0,0
0.15,6400,10,-1.0,0.0,0,0
0.15,6400,11,6643.0,0.0,2,3
0.15,6400,11,6120.0,0.0,2,3
0.15,6400,11,8076.0,0.0,1,2
0.15,6400,11,7579.0,0.0,1,2
0.15,6400,11,6262.0,0.0,2,3
0.15,6400,11,6397.0,1.0,1,2
0.15,6400,11,6248.0,0.0,1,2
0.15,6400,11,7766.0,0.0,1,2
0.15,6400,11,6605.0,0.0,2,3
0.15,6400,11,6594.0,0.0,1,2
0.15,6400,11,6644.0,0.72321,1,2
0.15,6400,11,-1.0,0.0,0,0
0.15,6400,11,-1.0,0.9685,0,0
0.15,6400,11,-1.0,0.72321,0,0
0.15,6400,11,-1.0,0.0,0,0
0.15,6400,11,-1.0,0.0,0,0
0.15,6400,11,-1.0,0.0,0,0
0.15,6400,11,-1.0,0.0,0,0
0.15,6400,11,-1.0,0.95469,0,0
0.15,6400,11,-1.0,0.0,0,0
0.15,6400,11,-1.0,0.64968,0,0
0.15,6400,11,-1.0,0.60191,0,0
0.15,6400,11,-1.0,0.0,0,0
0.15,6400,13,7053.0,1.0,1,2
0.15,6400,13,6143.0,0.99995,2,3
0.15,6400,13,7680.0,0.68546,2,3
0.15,6400,13,5364.0,0.99959,2,3
0.15,6400,13,6172.0,0.94747,1,2
0.15,6400,13,5061.0,0.99999,1,2
0.15,6400,13,5513.0,0.99474,1,2
0.15,6400,13,6896.0,0.40398,1,2
0.15,6400,13,-1.0,0.99976,0,0
0.15,6400,13,-1.0,0.99972,0,0
0.15,6400,13,-1.0,0.99756,0,0
0.15,6400,13,-1.0,0.59383,0,0
0.15,6400,13,-1.0,0.99964,0,0
0.15,6400,13,-1.0,0.83401,0,0
0.15,6400,13,-1.0,0.53844,0,0
0.15,6400,13,-1.0,0.264,0,0
0.15,6400,13,-1.0,0.99998,0,0
0.15,6400,13,-1.0,0.99992,0,0
0.15,6400,13,-1.0,0.99965,0,0
0.15,6400,13,-1.0,0.99965,0,0
0.15,6400,13,-1.0,0.99948,0,0
0.15,6400,13,-1.0,0.99941,0,0
0.15,6400,13,-1.0,0.99649,0,0
0.15,6400,13,-1.0,0.99334,0,0
0.15,6400,13,-1.0,0.93351,0,0
0.15,6400,13,-1.0,0.78992,0,0
0.15,6400,13,-1.0,0.54763,0,0
0.15,6400,13,-1.0,0.48594,0,0
0.15,6400,13,-1.0,0.41584,0,0
0.15,6400,13,-1.0,0.24566,0,0
0.15,6400,13,-1.0,0.0,0,0
0.15,6400,14,6935.0,1.0,1,2
0.15,6400,14,7896.0,1.0,1,2
0.15,6400,14,7012.0,0.87146,2,3
0.15,6400,14,7403.0,0.32271,1,2
0.15,6400,14,-1.0,1.0,0,0
0.15,6400,14,-1.0,1.0,0,0
0.15,6400,14,-1.0,0.99756,0,0
0.15,6400,14,-1.0,0.99228,0,0
0.15,6400,14,-1.0,0.99785,0,0
0.15,6400,14,-1.0,0.95932,0,0
0.15,6400,14,-1.0,0.40398,0,0
0.15,6400,14,-1.0,1.0,0,0
0.15,6400,14,-1.0,0.99728,0,0
0.15,6400,14,-1.0,0.99691,0,0
0.15,6400,14,-1.0,0.99023,0,0
0.15,6400,14,-1.0,0.94851,0,0
0.15,6400,14,-1.0,0.81513,0,0
0.15,6400,14,-1.0,0.14275,0,0
0.15,6400,14,-1.0,0.06,0,0
0.15,6400,12,6221.0,1.0,1,2
0.15,6400,12,8128.0,0.99027,1,2
0.15,6400,12,5262.0,0.9756,2,3
0.15,6400,12,6068.0,0.92339,2,3
0.15,6400,12,6288.0,0.23232,2,3
0.15,6400,12,4733.0,0.99995,2,3
0.15,6400,12,7081.0,0.99756,1,2
0.15,6400,12,-1.0,0.99991,0,0
0.15,6400,12,5616.0,0.97588,1,2
0.15,6400,12,-1.0,0.98969,0,0
0.15,6400,12,6034.0,0.90046,1,2
0.15,6400,12,-1.0,1.0,0,0
0.15,6400,12,-1.0,0.99964,0,0
0.15,6400,12,-1.0,0.9993,0,0
0.15,6400,12,-1.0,0.97343,0,0
0.15,6400,12,-1.0,0.87146,0,0
0.15,6400,12,-1.0,0.64257,0,0
0.15,6400,12,-1.0,1.0,0,0
0.15,6400,12,-1.0,1.0,0,0
0.15,6400,12,-1.0,0.99996,0,0
0.15,6400,12,-1.0,0.98808,0,0
0.15,6400,12,-1.0,1.0,0,0
0.15,6400,12,-1.0,0.99446,0,0
0.15,6400,12,-1.0,0.99994,0,0
0.15,6400,12,-1.0,0.99948,0,0
0.15,6400,12,-1.0,0.999,0,0
0.15,6400,12,-1.0,0.99691,0,0
0.15,6400,12,-1.0,0.97316,0,0
0.15,6400,12,-1.0,0.97315,0,0
0.15,6400,12,-1.0,0.96491,0,0
0.15,6400,12,-1.0,0.85683,0,0
0.15,6400,12,-1.0,0.83731,0,0
0.15,6400,12,-1.0,0.54763,0,0
0.15,6400,12,-1.0,0.0,0,0
0.15,6400,15,5604.0,0.0,2,3
0.15,6400,15,5588.0,0.0,2,3
0.15,6400,15,7420.0,0.0,1,2
0.15,6400,15,6993.0,0.0,2,3
0.15,6400,15,7392.0,0.0,1,2
0.15,6400,15,5426.0,0.0,2,3
0.15,6400,15,5201.0,0.0,2,3
0.15,6400,15,8041.0,0.0,2,3
0.15,6400,15,6035.0,0.0,1,2
0.15,6400,15,6567.0,0.0,1,2
0.15,6400,15,-1.0,0.0,0,0
0.15,6400,15,-1.0,0.0,0,0
0.15,6400,15,-1.0,0.0,0,0
0.15,6400,15,-1.0,0.0,0,0
0.15,6400,15,-1.0,0.0,0,0
0.15,6400,15,-1.0,0.0,0,0
0.15,6400,15,-1.0,0.0,0,0
0.15,6400,15,-1.0,0.0,0,0
0.15,6400,15,-1.0,0.0,0,0
0.15,6400,15,-1.0,0.0,0,0
0.15,6400,17,8006.0,0.0,1,2
0.15,6400,17,6173.0,0.0,1,2
0.15,6400,17,7024.0,0.99998,1,2
0.15,6400,17,6854.0,0.85393,2,3
0.15,6400,17,6561.0,0.99968,1,2
0.15,6400,17,5919.0,0.99473,1,2
0.15,6400,17,-1.0,0.0,0,0
0.15,6400,17,-1.0,0.99987,0,0
0.15,6400,17,-1.0,0.9871,0,0
0.15,6400,17,-1.0,0.99981,0,0
0.15,6400,17,-1.0,0.64256,0,0
0.15,6400,17,-1.0,0.99981,0,0
0.15,6400,17,-1.0,0.99976,0,0
0.15,6400,17,-1.0,0.0,0,0
0.15,6400,17,-1.0,0.9996,0,0
0.15,6400,17,-1.0,0.99242,0,0
0.15,6400,17,-1.0,0.98369,0,0
0.15,6400,17,-1.0,0.78992,0,0
0.15,6400,17,-1.0,0.54761,0,0
0.15,6400,16,4725.0,0.13336,2,3
0.15,6400,16,4742.0,0.59383,3,4
0.15,6400,16,5017.0,0.99954,2,3
0.15,6400,16,5857.0,0.99999,1,2
0.15,6400,16,6146.0,0.81137,1,2
0.15,6400,16,6469.0,0.0971,1,2
0.15,6400,16,-1.0,0.99972,0,0
0.15,6400,16,-1.0,0.99999,0,0
0.15,6400,16,-1.0,0.93216,0,0
0.15,6400,16,-1.0,0.00295,0,0
0.15,6400,16,-1.0,0.99003,0,0
0.15,6400,16,-1.0,0.06692,0,0
0.15,6400,16,-1.0,1.0,0,0
0.15,6400,16,-1.0,0.99999,0,0
0.15,6400,16,-1.0,0.99998,0,0
0.15,6400,16,-1.0,0.99965,0,0
0.15,6400,16,-1.0,0.99933,0,0
0.15,6400,16,-1.0,0.28737,0,0
0.15,6400,16,-1.0,0.98566,0,0
0.15,6400,16,-1.0,0.91414,0,0
0.15,6400,16,-1.0,0.17836,0,0
0.15,6400,16,-1.0,0.76127,0,0
0.15,6400,16,-1.0,0.41584,0,0
0.15,6400,19,7297.0,1.0,1,2
0.15,6400,19,5993.0,0.99123,2,3
0.15,6400,19,4657.0,0.9977,2,3
0.15,6400,19,5798.0,0.95358,2,3
0.15,6400,19,6135.0,0.999,1,2
0.15,6400,19,6144.0,0.90046,1,2
0.15,6400,19,-1.0,0.99988,0,0
0.15,6400,19,-1.0,0.99977,0,0
0.15,6400,19,-1.0,0.99321,0,0
0.15,6400,19,-1.0,0.9642,0,0
0.15,6400,19,-1.0,0.99398,0,0
0.15,6400,19,-1.0,0.47551,0,0
0.15,6400,19,-1.0,0.99208,0,0
0.15,6400,19,-1.0,0.99996,0,0
0.15,6400,19,-1.0,1.0,0,0
0.15,6400,19,-1.0,0.99303,0,0
0.15,6400,19,-1.0,0.99856,0,0
0.15,6400,19,-1.0,0.99678,0,0
0.15,6400,19,-1.0,0.99237,0,0
0.15,6400,19,-1.0,0.99023,0,0
0.15,6400,19,-1.0,0.99006,0,0
0.15,6400,19,-1.0,0.98877,0,0
0.15,6400,19,-1.0,0.98738,0,0
0.15,6400,19,-1.0,0.94851,0,0
0.15,6400,19,-1.0,0.93272,0,0
0.15,6400,19,-1.0,0.87401,0,0
0.15,6400,19,-1.0,0.24566,0,0
0.15,6400,18,6256.0,0.0,2,3
0.15,6400,18,6792.0,0.26444,2,3
0.15,6400,18,7896.0,0.0,1,2
0.15,6400,18,5174.0,0.0,2,3
0.15,6400,18,7963.0,1.0,1,2
0.15,6400,18,5909.0,0.0,2,3
0.15,6400,18,-1.0,1.0,0,0
0.15,6400,18,5771.0,0.99722,1,2
0.15,6400,18,-1.0,0.99123,0,0
0.15,6400,18,-1.0,0.81137,0,0
0.15,6400,18,-1.0,0.47551,0,0
0.15,6400,18,-1.0,1.0,0,0
0.15,6400,18,-1.0,0.99649,0,0
0.15,6400,18,-1.0,0.9889,0,0
0.15,6400,18,-1.0,0.76127,0,0
0.15,6400,18,-1.0,0.24566,0,0
0.15,6400,18,-1.0,0.0,0,0
0.15,6400,20,5956.0,1.0,1,2
0.15,6400,20,6058.0,0.99887,2,3
0.15,6400,20,5769.0,0.0,2,3
0.15,6400,20,6108.0,0.0,2,3
0.15,6400,20,5943.0,0.0,1,2
0.15,6400,20,6031.0,0.99987,1,2
0.15,6400,20,-1.0,0.0,0,0
0.15,6400,20,-1.0,1.0,0,0
0.15,6400,20,-1.0,0.99996,0,0
0.15,6400,20,-1.0,0.99811,0,0
0.15,6400,20,-1.0,1.0,0,0
0.15,6400,20,-1.0,0.0,0,0
0.15,6400,20,-1.0,1.0,0,0
0.15,6400,20,-1.0,0.99994,0,0
0.15,6400,20,-1.0,0.99981,0,0
0.15,6400,20,-1.0,0.99856,0,0
0.15,6400,20,-1.0,0.99728,0,0
0.15,6400,20,-1.0,0.0,0,0
0.15,6400,20,-1.0,0.0,0,0
0.15,6400,20,-1.0,0.0,0,0
0.15,6400,21,7833.0,1.0,1,2
0.15,6400,21,5630.0,0.0,2,3
0.15,6400,21,6442.0,0.0,1,2
0.15,6400,21,4661.0,0.0,2,3
0.15,6400,21,7718.0,0.0,1,2
0.15,6400,21,6722.0,0.0,1,2
0.15,6400,21,-1.0,0.0,0,0
0.15,6400,21,5465.0,0.99923,1,2
0.15,6400,21,-1.0,0.64257,0,0
0.15,6400,21,-1.0,1.0,0,0
0.15,6400,21,-1.0,0.99902,0,0
0.15,6400,21,-1.0,0.0,0,0
0.15,6400,21,-1.0,0.0,0,0
0.15,6400,21,-1.0,0.0,0,0
0.15,6400,21,-1.0,0.48594,0,0
0.15,6400,22,6979.0,1.0,1,2
0.15,6400,22,6850.0,0.90046,2,3
0.15,6400,22,7219.0,1.0,1,2
0.15,6400,22,6281.0,0.99684,1,2
0.15,6400,22,4847.0,0.99993,1,2
0.15,6400,22,5281.0,0.99756,1,2
0.15,6400,22,-1.0,0.99756,0,0
0.15,6400,22,-1.0,0.95932,0,0
0.15,6400,22,-1.0,0.9124,0,0
0.15,6400,22,-1.0,0.90046,0,0
0.15,6400,22,-1.0,0.32271,0,0
0.15,6400,22,-1.0,1.0,0,0
0.15,6400,22,-1.0,0.99991,0,0
0.15,6400,22,-1.0,0.99691,0,0
0.15,6400,22,-1.0,0.99649,0,0
0.15,6400,22,-1.0,0.99601,0,0
0.15,6400,22,-1.0,0.94851,0,0
0.15,6400,22,-1.0,0.87401,0,0
0.15,6400,22,-1.0,0.85683,0,0
0.15,6400,22,-1.0,0.85683,0,0
0.15,6400,22,-1.0,0.06,0,0
0.15,6400,24,5144.0,0.99947,2,3
0.15,6400,24,7430.0,0.75642,2,3
0.15,6400,24,5629.0,0.99223,2,3
0.15,6400,24,-1.0,0.99995,0,0
0.15,6400,24,4379.0,0.9999,1,2
0.15,6400,24,-1.0,1.0,0,0
0.15,6400,24,-1.0,0.98867,0,0
0.15,6400,24,-1.0,1.0,0,0
0.15,6400,24,-1.0,0.9124,0,0
0.15,6400,24,-1.0,0.72316,0,0
0.15,6400,24,-1.0,0.94026,0,0
0.15,6400,24,-1.0,1.0,0,0
0.15,6400,24,-1.0,0.99986,0,0
0.15,6400,24,-1.0,0.99924,0,0
0.15,6400,24,-1.0,0.98885,0,0
0.15,6400,24,-1.0,0.98566,0,0
0.15,6400,24,-1.0,0.92441,0,0
0.15,6400,24,-1.0,0.87401,0,0
0.15,6400,24,-1.0,0.64968,0,0
0.15,6400,24,-1.0,0.6019,0,0
0.15,6400,23,6481.0,0.26443,2,3
0.15,6400,23,4849.0,0.9403,2,3
0.15,6400,23,6522.0,0.41651,1,2
0.15,6400,23,7426.0,1.0,1,2
0.15,6400,23,5713.0,0.99995,1,2
0.15,6400,23,5306.0,0.99991,1,2
0.15,6400,23,6627.0,0.53844,1,2
0.15,6400,23,5556.0,0.99992,1,2
0.15,6400,23,4418.0,0.99992,1,2
0.15,6400,23,-1.0,1.0,0,0
0.15,6400,23,-1.0,0.9975,0,0
0.15,6400,23,-1.0,0.99998,0,0
0.15,6400,23,-1.0,0.99849,0,0
0.15,6400,23,-1.0,0.99996,0,0
0.15,6400,23,-1.0,0.99537,0,0
0.15,6400,23,-1.0,0.99996,0,0
0.15,6400,23,-1.0,0.93216,0,0
0.15,6400,23,-1.0,0.39975,0,0
0.15,6400,23,-1.0,1.0,0,0
0.15,6400,23,-1.0,1.0,0,0
0.15,6400,23,-1.0,0.99994,0,0
0.15,6400,23,-1.0,0.99998,0,0
0.15,6400,23,-1.0,0.99992,0,0
0.15,6400,23,-1.0,0.99991,0,0
0.15,6400,23,-1.0,0.99989,0,0
0.15,6400,23,-1.0,0.99783,0,0
0.15,6400,23,-1.0,0.99645,0,0
0.15,6400,23,-1.0,0.99414,0,0
0.15,6400,23,-1.0,0.91414,0,0
0.15,6400,23,-1.0,0.90244,0,0
0.15,6400,23,-1.0,0.41584,0,0
0.15,6400,23,-1.0,0.0,0,0
0.2,3200,5,3217.0,0.18536,3,4
0.2,3200,5,3334.0,0.01843,3,4
0.2,3200,5,3588.0,0.03132,2,3
0.2,3200,5,2716.0,0.02442,1,2
0.2,3200,5,2575.0,0.08871,1,2
0.2,3200,5,-1.0,0.14494,0,0
0.2,3200,5,2645.0,0.97853,1,2
0.2,3200,5,2728.0,0.19051,1,2
0.2,3200,5,-1.0,0.03875,0,0
0.2,3200,5,-1.0,0.10063,0,0
0.2,3200,5,-1.0,0.98537,0,0
0.2,3200,5,-1.0,0.11548,0,0
0.2,3200,5,-1.0,0.9124,0,0
0.2,3200,5,-1.0,0.0066,0,0
0.2,3200,5,-1.0,0.49067,0,0
0.2,3200,5,-1.0,0.05173,0,0
0.2,3200,5,-1.0,0.31275,0,0
0.2,3200,5,-1.0,0.97896,0,0
0.2,3200,5,-1.0,0.96912,0,0
0.2,3200,5,-1.0,0.87401,0,0
0.2,3200,5,-1.0,0.02615,0,0
0.2,3200,5,-1.0,0.0,0,0
0.2,3200,3,3299.0,0.99995,4,5
0.2,3200,3,3224.0,0.99983,4,5
0.2,3200,3,4361.0,0.98713,3,4
0.2,3200,3,2974.0,0.99321,3,4
0.2,3200,3,2523.0,0.98867,2,3
0.2,3200,3,3271.0,0.99959,2,3
0.2,3200,3,2817.0,0.9124,2,3
0.2,3200,3,4411.0,0.99992,1,2
0.2,3200,3,3186.0,0.99887,1,2
0.2,3200,3,3376.0,0.99321,1,2
0.2,3200,3,2979.0,0.75642,2,3
0.2,3200,3,2913.0,0.99871,1,2
0.2,3200,3,3200.0,0.26399,1,2
0.2,3200,3,2335.0,0.99122,1,2
0.2,3200,3,3802.0,0.98111,1,2
0.2,3200,3,2234.0,0.47538,1,2
0.2,3200,3,-1.0,0.99999,0,0
0.2,3200,3,2755.0,0.2644,1,2
0.2,3200,3,2659.0,0.32266,1,2
0.2,3200,3,-1.0,0.98867,0,0
0.2,3200,3,-1.0,0.99912,0,0
0.2,3200,3,-1.0,0.99976,0,0
0.2,3200,3,-1.0,0.99228,0,0
0.2,3200,3,-1.0,0.94747,0,0
0.2,3200,3,-1.0,0.99722,0,0
0.2,3200,3,-1.0,0.64257,0,0
0.2,3200,3,-1.0,0.9756,0,0
0.2,3200,3,-1.0,0.26444,0,0
0.2,3200,3,-1.0,0.9403,0,0
0.2,3200,3,-1.0,0.99002,0,0
0.2,3200,3,-1.0,0.94029,0,0
0.2,3200,3,-1.0,0.64255,0,0
0.2,3200,3,-1.0,0.68543,0,0
0.2,3200,3,-1.0,0.24566,0,0
0.2,3200,3,-1.0,0.1428,0,0
0.2,3200,3,-1.0,0.06,0,0
0.2,3200,3,-1.0,0.0,0,0
0.2,3200,3,-1.0,0.0,0,0
0.2,3200,0,3960.0,0.99999,4,5
0.2,3200,0,2797.0,0.26441,5,6
0.2,3200,0,2292.0,0.4753,5,6
0.2,3200,0,2996.0,0.99999,4,5
0.2,3200,0,3705.0,0.99974,3,4
0.2,3200,0,3995.0,0.99987,3,4
0.2,3200,0,3082.0,0.99999,3,4
0.2,3200,0,3380.0,0.94747,4,5
0.2,3200,0,3913.0,0.99099,3,4
0.2,3200,0,3144.0,0.97834,3,4
0.2,3200,0,2827.0,0.99968,3,4
0.2,3200,0,3341.0,0.99785,2,3
0.2,3200,0,3021.0,0.93216,3,4
0.2,3200,0,3448.0,0.9642,3,4
0.2,3200,0,3292.0,0.95377,3,4
0.2,3200,0,3424.0,0.99987,2,3
0.2,3200,0,2697.0,0.9988,2,3
0.2,3200,0,3815.0,0.99575,2,3
0.2,3200,0,2436.0,0.98519,2,3
0.2,3200,0,4244.0,0.32264,2,3
0.2,3200,0,2892.0,0.98537,2,3
0.2,3200,0,3717.0,0.9756,2,3
0.2,3200,0,3908.0,0.99997,1,2
0.2,3200,0,2944.0,0.64256,2,3
0.2,3200,0,2415.0,0.98867,2,3
0.2,3200,0,4006.0,0.68546,2,3
0.2,3200,0,3578.0,0.999,1,2
0.2,3200,0,4489.0,0.99871,1,2
0.2,3200,0,3308.0,0.99959,1,2
0.2,3200,0,2818.0,0.99593,2,3
0.2,3200,0,3211.0,0.90045,2,3
0.2,3200,0,3223.0,0.99955,1,2
0.2,3200,0,4079.0,0.9403,1,2
0.2,3200,0,3877.0,0.99705,1,2
0.2,3200,0,-1.0,0.24559,0,0
0.2,3200,0,-1.0,0.06,0,0
0.2,3200,0,-1.0,0.0,0,0
0.2,3200,11,2724.0,0.98712,5,6
0.2,3200,11,3622.0,0.99972,3,4
0.2,3200,11,3001.0,0.99995,3,4
0.2,3200,11,3265.0,0.99981,2,3
0.2,3200,11,2713.0,0.99537,2,3
0.2,3200,11,3097.0,1.0,1,2
0.2,3200,11,3916.0,0.99991,1,2
0.2,3200,11,3108.0,0.99987,1,2
0.2,3200,11,2668.0,0.95377,1,2
0.2,3200,11,3644.0,0.81137,1,2
0.2,3200,11,2633.0,0.23226,1,2
0.2,3200,11,3620.0,0.87146,1,2
0.2,3200,11,-1.0,0.99992,0,0
0.2,3200,11,-1.0,0.99983,0,0
0.2,3200,11,-1.0,0.99912,0,0
0.2,3200,11,-1.0,0.99998,0,0
0.2,3200,11,-1.0,0.99976,0,0
0.2,3200,11,-1.0,0.88688,0,0
0.2,3200,11,-1.0,0.98712,0,0
0.2,3200,11,-1.0,0.99474,0,0
0.2,3200,11,-1.0,0.99003,0,0
0.2,3200,11,-1.0,0.83401,0,0
0.2,3200,11,-1.0,0.81137,0,0
0.2,3200,11,-1.0,0.99997,0,0
0.2,3200,11,-1.0,0.59381,0,0
0.2,3200,11,-1.0,0.9999,0,0
0.2,3200,11,-1.0,0.99989,0,0
0.2,3200,11,-1.0,0.99981,0,0
0.2,3200,11,-1.0,0.47544,0,0
0.2,3200,11,-1.0,0.99976,0,0
0.2,3200,11,-1.0,0.99973,0,0
0.2,3200,11,-1.0,0.99965,0,0
0.2,3200,11,-1.0,0.99965,0,0
0.2,3200,11,-1.0,0.99889,0,0
0.2,3200,11,-1.0,0.41584,0,0
0.2,3200,11,-1.0,0.24566,0,0
0.2,3200,11,-1.0,0.0,0,0
0.2,3200,8,3250.0,0.99983,4,5
0.2,3200,8,2642.0,0.98712,5,6
0.2,3200,8,3668.0,0.98337,4,5
0.2,3200,8,3334.0,0.99999,3,4
0.2,3200,8,4176.0,0.92291,3,4
0.2,3200,8,3019.0,0.88688,3,4
0.2,3200,8,3907.0,0.95377,3,4
0.2,3200,8,2752.0,0.47548,3,4
0.2,3200,8,2382.0,0.99684,2,3
0.2,3200,8,2466.0,0.9932,2,3
0.2,3200,8,3588.0,0.59383,2,3
0.2,3200,8,3259.0,0.99995,1,2
0.2,3200,8,3724.0,0.92291,2,3
0.2,3200,8,3978.0,0.99985,1,2
0.2,3200,8,2879.0,0.90045,2,3
0.2,3200,8,2569.0,0.81136,2,3
0.2,3200,8,2997.0,0.99833,1,2
0.2,3200,8,-1.0,0.99999,0,0
0.2,3200,8,2424.0,0.97853,1,2
0.2,3200,8,2665.0,0.99954,1,2
0.2,3200,8,3483.0,0.72321,1,2
0.2,3200,8,2577.0,0.5938,1,2
0.2,3200,8,3629.0,0.88688,1,2
0.2,3200,8,3405.0,0.9124,1,2
0.2,3200,8,2529.0,0.9932,1,2
0.2,3200,8,3099.0,0.95377,1,2
0.2,3200,8,-1.0,0.99593,0,0
0.2,3200,8,2870.0,0.47549,1,2
0.2,3200,8,3107.0,0.78565,1,2
0.2,3200,8,-1.0,0.99833,0,0
0.2,3200,8,3285.0,0.40398,1,2
0.2,3200,8,-1.0,0.9994,0,0
0.2,3200,8,-1.0,0.99871,0,0
0.2,3200,8,-1.0,0.9685,0,0
0.2,3200,8,-1.0,0.33618,0,0
0.2,3200,8,-1.0,0.24566,0,0
0.2,3200,8,-1.0,0.24566,0,0
0.2,3200,1,3710.0,0.264,5,6
0.2,3200,1,2744.0,1.0,4,5
0.2,3200,1,4367.0,0.97871,4,5
0.2,3200,1,3305.0,0.99474,4,5
0.2,3200,1,3544.0,0.99321,5,6
0.2,3200,1,4498.0,0.99923,4,5
0.2,3200,1,3230.0,0.99003,4,5
0.2,3200,1,2798.0,1.0,3,4
0.2,3200,1,2721.0,0.75641,5,6
0.2,3200,1,2591.0,0.97751,4,5
0.2,3200,1,2732.0,0.99003,3,4
0.2,3200,1,2614.0,0.5938,4,5
0.2,3200,1,2642.0,1.0,3,4
0.2,3200,1,4531.0,0.32271,3,4
0.2,3200,1,3178.0,0.68546,4,5
0.2,3200,1,3626.0,0.999,3,4
0.2,3200,1,3594.0,0.98337,3,4
0.2,3200,1,2613.0,0.98292,3,4
0.2,3200,1,2344.0,0.99995,3,4
0.2,3200,1,2319.0,0.88104,3,4
0.2,3200,1,2904.0,0.99871,2,3
0.2,3200,1,1734.0,0.99998,2,3
0.2,3200,1,2813.0,0.40396,3,4
0.2,3200,1,3933.0,0.99641,2,3
0.2,3200,1,4204.0,0.93216,2,3
0.2,3200,1,4248.0,0.93216,2,3
0.2,3200,1,2805.0,0.99996,2,3
0.2,3200,1,3352.0,0.99402,2,3
0.2,3200,1,3269.0,0.97228,2,3
0.2,3200,1,2833.0,0.99923,2,3
0.2,3200,1,2631.0,0.75641,2,3
0.2,3200,1,2708.0,0.88688,2,3
0.2,3200,1,3533.0,0.99228,2,3
0.2,3200,1,3203.0,0.98138,1,2
0.2,3200,1,-1.0,0.1428,0,0
0.2,3200,1,-1.0,0.06,0,0
0.2,3200,1,-1.0,0.0,0,0
0.2,3200,10,3162.0,0.53844,5,6
0.2,3200,10,4013.0,0.93216,5,6
0.2,3200,10,3425.0,0.99785,3,4
0.2,3200,10,3905.0,0.78565,4,5
0.2,3200,10,4929.0,0.99999,2,3
0.2,3200,10,3126.0,0.9124,3,4
0.2,3200,10,3820.0,0.99537,2,3
0.2,3200,10,3317.0,0.99999,2,3
0.2,3200,10,2523.0,0.64254,3,4
0.2,3200,10,2930.0,0.99993,2,3
0.2,3200,10,2782.0,0.40396,3,4
0.2,3200,10,4068.0,0.99997,1,2
0.2,3200,10,2093.0,0.96419,2,3
0.2,3200,10,3305.0,0.98111,2,3
0.2,3200,10,2399.0,0.99122,2,3
0.2,3200,10,3495.0,0.99003,1,2
0.2,3200,10,4058.0,0.95932,1,2
0.2,3200,10,3265.0,0.99833,1,2
0.2,3200,10,3331.0,0.4755,2,3
0.2,3200,10,3477.0,0.98537,1,2
0.2,3200,10,3199.0,0.99987,1,2
0.2,3200,10,2760.0,0.99989,1,2
0.2,3200,10,3181.0,0.7232,1,2
0.2,3200,10,2995.0,0.99003,1,2
0.2,3200,10,2857.0,0.93216,1,2
0.2,3200,10,2060.0,0.99474,1,2
0.2,3200,10,3880.0,0.64257,1,2
0.2,3200,10,-1.0,0.99999,0,0
0.2,3200,10,3471.0,0.75642,1,2
0.2,3200,10,-1.0,0.9999,0,0
0.2,3200,10,-1.0,0.98111,0,0
0.2,3200,10,-1.0,0.88688,0,0
0.2,3200,10,-1.0,0.99978,0,0
0.2,3200,10,-1.0,0.99761,0,0
0.2,3200,10,-1.0,0.33618,0,0
0.2,3200,10,-1.0,0.33618,0,0
0.2,3200,10,-1.0,0.24566,0,0
0.2,3200,4,3202.0,0.64236,5,6
0.2,3200,4,2951.0,0.99999,4,5
0.2,3200,4,2525.0,0.93216,5,6
0.2,3200,4,2695.0,0.99197,4,5
0.2,3200,4,4024.0,0.99871,3,4
0.2,3200,4,2734.0,0.99474,3,4
0.2,3200,4,3087.0,0.99828,3,4
0.2,3200,4,4585.0,0.99452,3,4
0.2,3200,4,2704.0,0.64255,3,4
0.2,3200,4,2723.0,0.9642,3,4
0.2,3200,4,1915.0,0.97559,3,4
0.2,3200,4,3600.0,0.59383,2,3
0.2,3200,4,2393.0,0.9961,3,4
0.2,3200,4,3668.0,0.99449,2,3
0.2,3200,4,4619.0,0.96814,2,3
0.2,3200,4,2486.0,0.95931,2,3
0.2,3200,4,3643.0,0.9403,2,3
0.2,3200,4,4176.0,0.99957,1,2
0.2,3200,4,2907.0,0.99994,1,2
0.2,3200,4,2130.0,0.99977,2,3
0.2,3200,4,3347.0,0.93216,2,3
0.2,3200,4,4576.0,0.99212,1,2
0.2,3200,4,1752.0,0.68492,2,3
0.2,3200,4,2554.0,0.99833,1,2
0.2,3200,4,3964.0,0.75614,1,2
0.2,3200,4,4044.0,0.75634,1,2
0.2,3200,4,2888.0,0.99896,1,2
0.2,3200,4,3209.0,0.99964,1,2
0.2,3200,4,2355.0,0.9811,1,2
0.2,3200,4,3704.0,0.26443,1,2
0.2,3200,4,2650.0,0.94022,1,2
0.2,3200,4,3076.0,0.99537,1,2
0.2,3200,4,2415.0,0.91221,1,2
0.2,3200,4,-1.0,0.99949,0,0
0.2,3200,4,-1.0,0.0,0,0
0.2,3200,2,3480.0,0.98867,5,6
0.2,3200,2,3069.0,0.98713,5,6
0.2,3200,2,3013.0,0.992,5,6
0.2,3200,2,2896.0,0.93211,5,6
0.2,3200,2,2992.0,0.99474,5,6
0.2,3200,2,3206.0,0.99972,4,5
0.2,3200,2,3356.0,0.99932,4,5
0.2,3200,2,2094.0,0.99592,5,6
0.2,3200,2,3439.0,0.99841,4,5
0.2,3200,2,2829.0,0.83395,4,5
0.2,3200,2,3966.0,0.95377,4,5
0.2,3200,2,3600.0,0.99997,2,3
0.2,3200,2,2885.0,0.99981,3,4
0.2,3200,2,3120.0,0.9403,3,4
0.2,3200,2,3532.0,0.99474,3,4
0.2,3200,2,2614.0,0.99928,3,4
0.2,3200,2,3584.0,0.9999,2,3
0.2,3200,2,3183.0,0.88668,3,4
0.2,3200,2,3626.0,0.87146,3,4
0.2,3200,2,3039.0,0.99983,2,3
0.2,3200,2,2622.0,0.99968,2,3
0.2,3200,2,2656.0,0.99402,2,3
0.2,3200,2,2885.0,0.834,3,4
0.2,3200,2,2788.0,0.53843,3,4
0.2,3200,2,3435.0,1.0,1,2
0.2,3200,2,4241.0,0.99593,2,3
0.2,3200,2,2702.0,0.97853,2,3
0.2,3200,2,2842.0,0.99805,2,3
0.2,3200,2,3183.0,0.47539,2,3
0.2,3200,2,2682.0,0.99862,2,3
0.2,3200,2,2990.0,0.26398,3,4
0.2,3200,2,2264.0,0.99886,2,3
0.2,3200,2,4008.0,0.40385,2,3
0.2,3200,2,2075.0,0.99947,2,3
0.2,3200,2,-1.0,0.33618,0,0
0.2,3200,2,-1.0,0.24562,0,0
0.2,3200,2,-1.0,0.14279,0,0
0.2,3200,2,-1.0,0.0,0,0
0.2,3200,9,2284.0,0.99996,5,6
0.2,3200,9,3826.0,0.99981,4,5
0.2,3200,9,3260.0,0.9403,5,6
0.2,3200,9,3210.0,0.23231,4,5
0.2,3200,9,2972.0,0.99999,3,4
0.2,3200,9,4822.0,0.64257,3,4
0.2,3200,9,3837.0,0.99992,2,3
0.2,3200,9,2502.0,0.9229,3,4
0.2,3200,9,3892.0,0.99987,2,3
0.2,3200,9,2485.0,0.94746,3,4
0.2,3200,9,3148.0,0.99964,2,3
0.2,3200,9,2851.0,0.53843,3,4
0.2,3200,9,2782.0,0.99811,2,3
0.2,3200,9,3569.0,0.99474,2,3
0.2,3200,9,4650.0,0.99833,1,2
0.2,3200,9,3014.0,0.47549,2,3
0.2,3200,9,3906.0,0.99947,1,2
0.2,3200,9,3518.0,0.99995,1,2
0.2,3200,9,4421.0,0.99947,1,2
0.2,3200,9,3710.0,0.99983,1,2
0.2,3200,9,2595.0,0.91239,2,3
0.2,3200,9,2682.0,0.9403,2,3
0.2,3200,9,2427.0,0.99999,1,2
0.2,3200,9,2675.0,0.99959,1,2
0.2,3200,9,2799.0,0.99886,1,2
0.2,3200,9,2840.0,0.98537,1,2
0.2,3200,9,2146.0,0.99987,1,2
0.2,3200,9,2842.0,0.26397,1,2
0.2,3200,9,-1.0,0.99999,0,0
0.2,3200,9,3247.0,0.98712,1,2
0.2,3200,9,3064.0,0.90045,1,2
0.2,3200,9,2599.0,0.99402,1,2
0.2,3200,9,2745.0,0.98337,1,2
0.2,3200,9,-1.0,0.99996,0,0
0.2,3200,9,-1.0,0.33618,0,0
0.2,3200,9,-1.0,0.24566,0,0
0.2,3200,9,-1.0,0.0,0,0
0.2,3200,9,-1.0,0.0,0,0
0.2,3200,6,3934.0,0.99994,4,5
0.2,3200,6,3413.0,0.99998,4,5
0.2,3200,6,3999.0,0.99991,4,5
0.2,3200,6,3077.0,0.26442,5,6
0.2,3200,6,3732.0,0.64254,4,5
0.2,3200,6,3147.0,0.99968,3,4
0.2,3200,6,5148.0,0.81137,3,4
0.2,3200,6,4005.0,0.87146,3,4
0.2,3200,6,3168.0,0.9474,3,4
0.2,3200,6,2972.0,0.99677,3,4
0.2,3200,6,2618.0,0.26394,3,4
0.2,3200,6,2718.0,0.99474,3,4
0.2,3200,6,2859.0,0.99997,2,3
0.2,3200,6,3226.0,0.99983,2,3
0.2,3200,6,2716.0,0.93216,3,4
0.2,3200,6,3661.0,0.99593,2,3
0.2,3200,6,3168.0,0.75642,2,3
0.2,3200,6,2867.0,0.99314,2,3
0.2,3200,6,3196.0,0.97841,2,3
0.2,3200,6,3568.0,0.9004,2,3
0.2,3200,6,2837.0,0.83392,2,3
0.2,3200,6,2984.0,0.99978,1,2
0.2,3200,6,2498.0,0.26389,2,3
0.2,3200,6,3232.0,0.3227,2,3
0.2,3200,6,2696.0,0.99954,2,3
0.2,3200,6,3734.0,0.99978,1,2
0.2,3200,6,3716.0,0.99959,1,2
0.2,3200,6,3651.0,0.9642,1,2
0.2,3200,6,3089.0,0.99999,1,2
0.2,3200,6,3959.0,0.99954,1,2
0.2,3200,6,2831.0,0.99978,1,2
0.2,3200,6,3607.0,0.99932,1,2
0.2,3200,6,2820.0,0.99958,1,2
0.2,3200,6,3143.0,0.98337,1,2
0.2,3200,6,-1.0,0.1428,0,0
0.2,3200,6,-1.0,0.0,0,0
0.2,3200,6,-1.0,0.0,0,0
0.2,3200,6,-1.0,0.0,0,0
0.2,3200,7,3514.0,0.99722,4,5
0.2,3200,7,3134.0,0.99976,4,5
0.2,3200,7,3664.0,0.99981,4,5
0.2,3200,7,3162.0,0.40398,5,6
0.2,3200,7,3590.0,0.99999,3,4
0.2,3200,7,3783.0,0.98713,4,5
0.2,3200,7,2930.0,0.99957,3,4
0.2,3200,7,3734.0,0.93216,3,4
0.2,3200,7,2366.0,0.78562,4,5
0.2,3200,7,3185.0,0.99978,3,4
0.2,3200,7,3807.0,0.98111,2,3
0.2,3200,7,3134.0,0.99853,2,3
0.2,3200,7,3852.0,0.994,2,3
0.2,3200,7,3149.0,0.4755,3,4
0.2,3200,7,3269.0,0.99868,2,3
0.2,3200,7,3402.0,0.99912,2,3
0.2,3200,7,3904.0,0.99537,2,3
0.2,3200,7,2742.0,0.99983,2,3
0.2,3200,7,3828.0,0.75642,2,3
0.2,3200,7,2820.0,0.26442,3,4
0.2,3200,7,2821.0,0.95932,2,3
0.2,3200,7,3944.0,0.99398,1,2
0.2,3200,7,3199.0,0.85391,2,3
0.2,3200,7,3059.0,0.9999,1,2
0.2,3200,7,4326.0,0.99722,1,2
0.2,3200,7,2838.0,0.99887,1,2
0.2,3200,7,5544.0,0.98537,1,2
0.2,3200,7,3277.0,0.99641,1,2
0.2,3200,7,3878.0,0.99833,1,2
0.2,3200,7,2620.0,0.72319,2,3
0.2,3200,7,3540.0,0.99932,1,2
0.2,3200,7,3331.0,0.75642,2,3
0.2,3200,7,2403.0,0.99996,1,2
0.2,3200,7,3018.0,0.97853,1,2
0.2,3200,7,-1.0,1.0,0,0
0.2,3200,7,-1.0,0.33618,0,0
0.2,3200,7,-1.0,0.1428,0,0
0.2,3200,7,-1.0,0.0,0,0
0.2,3200,12,4435.0,0.9642,4,5
0.2,3200,12,3499.0,0.98965,5,6
0.2,3200,12,2390.0,0.78562,5,6
0.2,3200,12,3583.0,0.99227,4,5
0.2,3200,12,3656.0,0.99912,4,5
0.2,3200,12,2884.0,0.99718,5,6
0.2,3200,12,3606.0,0.99785,4,5
0.2,3200,12,3182.0,0.68542,4,5
0.2,3200,12,2844.0,0.9749,3,4
0.2,3200,12,2056.0,0.94028,4,5
0.2,3200,12,2919.0,0.99228,3,4
0.2,3200,12,4001.0,0.98647,3,4
0.2,3200,12,3144.0,0.99537,3,4
0.2,3200,12,3350.0,0.99781,3,4
0.2,3200,12,4110.0,0.91234,3,4
0.2,3200,12,2995.0,0.97228,3,4
0.2,3200,12,3377.0,0.99972,2,3
0.2,3200,12,3725.0,0.87324,3,4
0.2,3200,12,4932.0,0.64257,3,4
0.2,3200,12,3058.0,0.98987,2,3
0.2,3200,12,2985.0,0.98564,3,4
0.2,3200,12,2893.0,0.98226,3,4
0.2,3200,12,3513.0,0.99977,2,3
0.2,3200,12,3848.0,0.78565,2,3
0.2,3200,12,2587.0,0.99917,2,3
0.2,3200,12,3780.0,0.99997,1,2
0.2,3200,12,3093.0,0.29997,2,3
0.2,3200,12,3620.0,0.99999,1,2
0.2,3200,12,2300.0,0.99972,2,3
0.2,3200,12,3460.0,0.99756,2,3
0.2,3200,12,3439.0,0.47548,2,3
0.2,3200,12,3824.0,0.81137,2,3
0.2,3200,12,2887.0,0.78558,2,3
0.2,3200,12,3619.0,0.23232,2,3
0.2,3200,12,-1.0,0.24565,0,0
0.2,3200,12,-1.0,0.0,0,0
0.2,3200,12,-1.0,0.0,0,0
0.2,3200,13,4210.0,0.32271,5,6
0.2,3200,13,2829.0,0.99228,5,6
0.2,3200,13,4243.0,0.99684,4,5
0.2,3200,13,3745.0,0.99997,4,5
0.2,3200,13,3839.0,0.999,4,5
0.2,3200,13,3445.0,0.99321,4,5
0.2,3200,13,4906.0,0.97853,3,4
0.2,3200,13,3431.0,0.99853,3,4
0.2,3200,13,3059.0,0.7232,4,5
0.2,3200,13,2756.0,0.64255,4,5
0.2,3200,13,2962.0,0.99992,3,4
0.2,3200,13,2830.0,0.98712,4,5
0.2,3200,13,3381.0,0.9994,3,4
0.2,3200,13,2994.0,0.99999,2,3
0.2,3200,13,1657.0,0.78531,4,5
0.2,3200,13,3065.0,0.99996,2,3
0.2,3200,13,3224.0,0.9685,3,4
0.2,3200,13,3320.0,0.98713,2,3
0.2,3200,13,3059.0,0.9642,2,3
0.2,3200,13,4033.0,0.99003,2,3
0.2,3200,13,3101.0,0.99637,2,3
0.2,3200,13,3238.0,0.9999,2,3
0.2,3200,13,3181.0,0.99833,2,3
0.2,3200,13,3016.0,0.99983,2,3
0.2,3200,13,3169.0,0.99593,2,3
0.2,3200,13,4158.0,0.95377,2,3
0.2,3200,13,2883.0,0.99995,2,3
0.2,3200,13,2046.0,0.99228,2,3
0.2,3200,13,3100.0,0.23231,2,3
0.2,3200,13,2988.0,0.99998,1,2
0.2,3200,13,4018.0,0.99932,1,2
0.2,3200,13,3274.0,0.81137,2,3
0.2,3200,13,3576.0,0.99972,1,2
0.2,3200,13,3448.0,0.32271,2,3
0.2,3200,13,-1.0,0.1428,0,0
0.2,3200,13,-1.0,0.06,0,0
0.2,3200,13,-1.0,0.0,0,0
0.2,3200,15,4577.0,0.0,4,5
0.2,3200,15,3740.0,0.0,4,5
0.2,3200,15,2994.0,0.0,5,6
0.2,3200,15,2909.0,0.0,3,4
0.2,3200,15,4316.0,0.0,2,3
0.2,3200,15,3187.0,0.0,1,2
0.2,3200,15,2893.0,0.0,1,2
0.2,3200,15,-1.0,0.0,0,0
0.2,3200,15,-1.0,0.0,0,0
0.2,3200,15,-1.0,0.0,0,0
0.2,3200,15,-1.0,0.0,0,0
0.2,3200,15,-1.0,0.0,0,0
0.2,3200,15,-1.0,0.0,0,0
0.2,3200,15,-1.0,0.0,0,0
0.2,3200,15,-1.0,0.0,0,0
0.2,3200,15,-1.0,0.0,0,0
0.2,3200,15,-1.0,0.0,0,0
0.2,3200,15,-1.0,0.0,0,0
0.2,3200,15,-1.0,0.0,0,0
0.2,3200,14,2880.0,0.99811,5,6
0.2,3200,14,3720.0,0.75642,5,6
0.2,3200,14,2255.0,0.68539,5,6
0.2,3200,14,4685.0,0.99912,3,4
0.2,3200,14,3179.0,0.98337,4,5
0.2,3200,14,3779.0,0.99964,3,4
0.2,3200,14,2523.0,0.99923,3,4
0.2,3200,14,3959.0,1.0,2,3
0.2,3200,14,4007.0,0.98867,3,4
0.2,3200,14,2861.0,0.99992,2,3
0.2,3200,14,3192.0,0.9994,2,3
0.2,3200,14,3244.0,0.99998,2,3
0.2,3200,14,2694.0,0.99756,3,4
0.2,3200,14,3755.0,0.9994,2,3
0.2,3200,14,2941.0,0.9994,2,3
0.2,3200,14,3176.0,0.68546,3,4
0.2,3200,14,3421.0,0.99228,2,3
0.2,3200,14,2931.0,0.26397,3,4
0.2,3200,14,3735.0,0.99981,1,2
0.2,3200,14,3246.0,0.81137,2,3
0.2,3200,14,3829.0,0.78565,2,3
0.2,3200,14,4138.0,0.53844,2,3
0.2,3200,14,2845.0,0.99999,1,2
0.2,3200,14,3455.0,0.99641,1,2
0.2,3200,14,4560.0,0.95932,1,2
0.2,3200,14,2826.0,0.88688,2,3
0.2,3200,14,2522.0,0.99999,1,2
0.2,3200,14,2963.0,0.834,2,3
0.2,3200,14,2352.0,0.99912,1,2
0.2,3200,14,4457.0,0.9994,1,2
0.2,3200,14,2176.0,0.99989,1,2
0.2,3200,14,4411.0,0.23232,1,2
0.2,3200,14,3041.0,0.99684,1,2
0.2,3200,14,3709.0,0.99684,1,2
0.2,3200,14,-1.0,0.0,0,0
0.2,3200,14,-1.0,0.0,0,0
0.2,3200,16,2832.0,0.95932,5,6
0.2,3200,16,2856.0,0.47549,6,7
0.2,3200,16,2898.0,0.95377,4,5
0.2,3200,16,3882.0,0.9642,4,5
0.2,3200,16,3318.0,0.9685,4,5
0.2,3200,16,3494.0,0.99887,2,3
0.2,3200,16,3392.0,0.23231,3,4
0.2,3200,16,3596.0,0.98867,2,3
0.2,3200,16,4362.0,0.98811,2,3
0.2,3200,16,2641.0,0.999,2,3
0.2,3200,16,2315.0,0.96419,2,3
0.2,3200,16,5290.0,0.79718,2,3
0.2,3200,16,3778.0,0.85393,2,3
0.2,3200,16,2551.0,0.23225,3,4
0.2,3200,16,3499.0,0.81137,2,3
0.2,3200,16,3256.0,0.99989,1,2
0.2,3200,16,4845.0,0.83401,2,3
0.2,3200,16,3683.0,0.99989,1,2
0.2,3200,16,3076.0,0.98337,1,2
0.2,3200,16,3969.0,0.98537,1,2
0.2,3200,16,2352.0,0.84077,2,3
0.2,3200,16,3522.0,0.9847,1,2
0.2,3200,16,3145.0,0.99474,1,2
0.2,3200,16,3836.0,0.95377,1,2
0.2,3200,16,3525.0,0.78565,1,2
0.2,3200,16,3020.0,0.59382,1,2
0.2,3200,16,-1.0,1.0,0,0
0.2,3200,16,-1.0,1.0,0,0
0.2,3200,16,2443.0,0.99684,1,2
0.2,3200,16,3293.0,0.99321,1,2
0.2,3200,16,-1.0,0.99997,0,0
0.2,3200,16,3121.0,0.7232,1,2
0.2,3200,16,2904.0,0.78565,1,2
0.2,3200,16,-1.0,0.99978,0,0
0.2,3200,16,-1.0,0.24566,0,0
0.2,3200,16,-1.0,0.0,0,0
0.2,3200,16,-1.0,0.0,0,0
0.2,6400,0,6462.0,1.0,1,2
0.2,6400,0,6807.0,1.0,1,2
0.2,6400,0,6071.0,0.99983,2,3
0.2,6400,0,6726.0,0.95932,2,3
0.2,6400,0,5733.0,0.99976,1,2
0.2,6400,0,-1.0,1.0,0,0
0.2,6400,0,5835.0,0.53844,1,2
0.2,6400,0,-1.0,1.0,0,0
0.2,6400,0,-1.0,0.99978,0,0
0.2,6400,0,-1.0,0.99975,0,0
0.2,6400,0,-1.0,0.97853,0,0
0.2,6400,0,-1.0,1.0,0,0
0.2,6400,0,-1.0,1.0,0,0
0.2,6400,0,-1.0,0.53844,0,0
0.2,6400,0,-1.0,1.0,0,0
0.2,6400,0,-1.0,1.0,0,0
0.2,6400,0,-1.0,0.26439,0,0
0.2,6400,0,-1.0,0.99996,0,0
0.2,6400,0,-1.0,0.99974,0,0
0.2,6400,0,-1.0,0.99981,0,0
0.2,6400,0,-1.0,0.96912,0,0
0.2,6400,0,-1.0,0.94851,0,0
0.2,6400,0,-1.0,0.41584,0,0
0.2,6400,0,-1.0,0.33618,0,0
0.2,6400,0,-1.0,0.0,0,0
0.2,3200,17,2786.0,0.96419,5,6
0.2,3200,17,3383.0,0.26399,5,6
0.2,3200,17,3036.0,0.99981,3,4
0.2,3200,17,2983.0,0.99591,4,5
0.2,3200,17,2487.0,0.32263,4,5
0.2,3200,17,2418.0,0.99754,3,4
0.2,3200,17,2975.0,0.98867,3,4
0.2,3200,17,3279.0,0.99947,2,3
0.2,3200,17,2207.0,0.81131,3,4
0.2,3200,17,4541.0,0.91239,2,3
0.2,3200,17,3538.0,0.99963,2,3
0.2,3200,17,3705.0,0.98537,2,3
0.2,3200,17,2607.0,0.99871,2,3
0.2,3200,17,4055.0,0.99995,1,2
0.2,3200,17,2663.0,0.99998,1,2
0.2,3200,17,3555.0,0.99992,1,2
0.2,3200,17,2228.0,0.99959,2,3
0.2,3200,17,3042.0,0.78563,2,3
0.2,3200,17,3119.0,0.9959,1,2
0.2,3200,17,2702.0,0.9964,1,2
0.2,3200,17,3092.0,0.99899,1,2
0.2,3200,17,3728.0,0.99321,1,2
0.2,3200,17,3163.0,0.68546,1,2
0.2,3200,17,2657.0,0.994,1,2
0.2,3200,17,2669.0,0.99871,1,2
0.2,3200,17,2539.0,0.99591,1,2
0.2,3200,17,-1.0,0.99994,0,0
0.2,3200,17,3239.0,0.75642,1,2
0.2,3200,17,-1.0,1.0,0,0
0.2,3200,17,3003.0,0.26442,1,2
0.2,3200,17,2555.0,0.96418,1,2
0.2,3200,17,-1.0,0.75641,0,0
0.2,3200,17,-1.0,0.99226,0,0
0.2,3200,17,-1.0,0.06,0,0
0.2,3200,17,-1.0,0.06,0,0
0.2,3200,17,-1.0,0.0,0,0
0.2,3200,18,3486.0,0.4755,5,6
0.2,3200,18,3827.0,0.9403,5,6
0.2,3200,18,3823.0,0.99978,3,4
0.2,3200,18,4037.0,0.99722,4,5
0.2,3200,18,2955.0,0.9124,4,5
0.2,3200,18,3866.0,0.99999,2,3
0.2,3200,18,3399.0,0.99474,3,4
0.2,3200,18,2517.0,0.99983,3,4
0.2,3200,18,3200.0,0.99756,2,3
0.2,3200,18,3035.0,0.68546,3,4
0.2,3200,18,2920.0,0.98111,2,3
0.2,3200,18,4450.0,0.99871,1,2
0.2,3200,18,2794.0,0.98111,2,3
0.2,3200,18,2533.0,0.90045,3,4
0.2,3200,18,3471.0,0.99996,1,2
0.2,3200,18,3556.0,0.9994,1,2
0.2,3200,18,2611.0,0.26438,2,3
0.2,3200,18,2726.0,0.98537,2,3
0.2,3200,18,2956.0,0.9994,1,2
0.2,3200,18,3890.0,0.99537,1,2
0.2,3200,18,3932.0,0.9685,1,2
0.2,3200,18,-1.0,1.0,0,0
0.2,3200,18,3781.0,0.83401,1,2
0.2,3200,18,3554.0,0.88688,1,2
0.2,3200,18,3925.0,0.75642,1,2
0.2,3200,18,2113.0,0.99995,1,2
0.2,3200,18,3446.0,0.9685,1,2
0.2,3200,18,3006.0,0.59382,1,2
0.2,3200,18,-1.0,1.0,0,0
0.2,3200,18,-1.0,0.99998,0,0
0.2,3200,18,-1.0,0.99989,0,0
0.2,3200,18,-1.0,0.9994,0,0
0.2,3200,18,-1.0,0.99978,0,0
0.2,3200,18,-1.0,0.99871,0,0
0.2,3200,18,-1.0,0.24566,0,0
0.2,3200,18,-1.0,0.0,0,0
0.2,6400,1,6733.0,0.95377,2,3
0.2,6400,1,5462.0,1.0,1,2
0.2,6400,1,5636.0,0.95605,1,2
0.2,6400,1,5287.0,1.0,1,2
0.2,6400,1,6949.0,0.9685,2,3
0.2,6400,1,5635.0,0.99228,2,3
0.2,6400,1,8082.0,0.87146,1,2
0.2,6400,1,-1.0,1.0,0,0
0.2,6400,1,5639.0,0.9403,1,2
0.2,6400,1,5993.0,0.83921,1,2
0.2,6400,1,-1.0,0.99996,0,0
0.2,6400,1,-1.0,1.0,0,0
0.2,6400,1,-1.0,0.99923,0,0
0.2,6400,1,-1.0,0.99999,0,0
0.2,6400,1,-1.0,0.9403,0,0
0.2,6400,1,-1.0,0.75642,0,0
0.2,6400,1,-1.0,1.0,0,0
0.2,6400,1,-1.0,0.97574,0,0
0.2,6400,1,-1.0,0.98337,0,0
0.2,6400,1,-1.0,0.95368,0,0
0.2,6400,1,-1.0,1.0,0,0
0.2,6400,1,-1.0,1.0,0,0
0.2,6400,1,-1.0,0.99999,0,0
0.2,6400,1,-1.0,0.99995,0,0
0.2,6400,1,-1.0,0.91852,0,0
0.2,6400,1,-1.0,0.99902,0,0
0.2,6400,1,-1.0,0.9889,0,0
0.2,6400,1,-1.0,0.97896,0,0
0.2,6400,1,-1.0,0.95469,0,0
0.2,6400,1,-1.0,0.94142,0,0
0.2,6400,1,-1.0,0.93351,0,0
0.2,6400,1,-1.0,0.91414,0,0
0.2,6400,1,-1.0,0.91414,0,0
0.2,6400,1,-1.0,0.81513,0,0
0.2,6400,1,-1.0,0.8066,0,0
0.2,3200,21,2414.0,0.9756,5,6
0.2,3200,21,3170.0,0.99811,4,5
0.2,3200,21,2567.0,0.99871,3,4
0.2,3200,21,3132.0,0.78565,3,4
0.2,3200,21,2422.0,0.99968,2,3
0.2,3200,21,4061.0,0.85393,2,3
0.2,3200,21,2202.0,0.99954,2,3
0.2,3200,21,2996.0,0.75642,2,3
0.2,3200,21,2567.0,0.99321,1,2
0.2,3200,21,2945.0,0.32269,2,3
0.2,3200,21,3092.0,0.9994,1,2
0.2,3200,21,3952.0,0.99003,1,2
0.2,3200,21,2810.0,0.59382,1,2
0.2,3200,21,3061.0,0.99593,1,2
0.2,3200,21,3839.0,0.40398,1,2
0.2,3200,21,-1.0,0.99976,0,0
0.2,3200,21,-1.0,0.99996,0,0
0.2,3200,21,-1.0,0.99887,0,0
0.2,3200,21,-1.0,0.99853,0,0
0.2,3200,21,-1.0,0.99992,0,0
0.2,3200,21,-1.0,0.99474,0,0
0.2,3200,21,-1.0,0.97853,0,0
0.2,3200,21,-1.0,0.9403,0,0
0.2,3200,21,-1.0,0.72321,0,0
0.2,3200,21,-1.0,0.99923,0,0
0.2,3200,21,-1.0,0.99912,0,0
0.2,3200,21,-1.0,0.88688,0,0
0.2,3200,21,-1.0,0.9403,0,0
0.2,3200,21,-1.0,0.90045,0,0
0.2,3200,21,-1.0,0.23231,0,0
0.2,3200,21,-1.0,0.98109,0,0
0.2,3200,21,-1.0,0.72319,0,0
0.2,3200,21,-1.0,0.47548,0,0
0.2,3200,21,-1.0,0.9999,0,0
0.2,3200,21,-1.0,0.33618,0,0
0.2,3200,21,-1.0,0.24566,0,0
0.2,3200,21,-1.0,0.06,0,0
0.2,3200,21,-1.0,0.0,0,0
0.2,6400,2,5463.0,0.99641,2,3
0.2,6400,2,4708.0,0.99959,2,3
0.2,6400,2,7455.0,0.99973,1,2
0.2,6400,2,4201.0,0.99999,2,3
0.2,6400,2,5862.0,0.99993,1,2
0.2,6400,2,7128.0,0.26444,2,3
0.2,6400,2,6249.0,0.264,1,2
0.2,6400,2,6401.0,0.92291,1,2
0.2,6400,2,5458.0,0.72321,1,2
0.2,6400,2,6271.0,0.99756,1,2
0.2,6400,2,-1.0,0.99973,0,0
0.2,6400,2,-1.0,0.99994,0,0
0.2,6400,2,-1.0,0.99999,0,0
0.2,6400,2,-1.0,0.99228,0,0
0.2,6400,2,-1.0,0.93216,0,0
0.2,6400,2,-1.0,0.47551,0,0
0.2,6400,2,-1.0,1.0,0,0
0.2,6400,2,-1.0,1.0,0,0
0.2,6400,2,-1.0,0.99996,0,0
0.2,6400,2,-1.0,0.26444,0,0
0.2,6400,2,-1.0,1.0,0,0
0.2,6400,2,-1.0,0.83389,0,0
0.2,6400,2,-1.0,0.99996,0,0
0.2,6400,2,-1.0,0.99969,0,0
0.2,6400,2,-1.0,0.99999,0,0
0.2,6400,2,-1.0,0.99998,0,0
0.2,6400,2,-1.0,0.99941,0,0
0.2,6400,2,-1.0,0.99691,0,0
0.2,6400,2,-1.0,0.99484,0,0
0.2,6400,2,-1.0,0.99023,0,0
0.2,6400,2,-1.0,0.90244,0,0
0.2,6400,2,-1.0,0.90244,0,0
0.2,6400,2,-1.0,0.76111,0,0
0.2,6400,2,-1.0,0.60191,0,0
0.2,6400,2,-1.0,0.24566,0,0
0.2,6400,2,-1.0,0.06,0,0
0.2,6400,2,-1.0,0.0,0,0
0.2,6400,2,-1.0,0.0,0,0
0.2,3200,20,3233.0,0.99853,5,6
0.2,3200,20,2789.0,0.98712,6,7
0.2,3200,20,2341.0,0.99995,4,5
0.2,3200,20,3229.0,0.87146,4,5
0.2,3200,20,2361.0,0.99811,3,4
0.2,3200,20,2348.0,0.999,3,4
0.2,3200,20,4438.0,0.99964,2,3
0.2,3200,20,3340.0,0.99785,3,4
0.2,3200,20,2193.0,0.99994,2,3
0.2,3200,20,3663.0,0.9124,2,3
0.2,3200,20,3005.0,0.68546,2,3
0.2,3200,20,3392.0,0.26399,2,3
0.2,3200,20,3405.0,0.97228,2,3
0.2,3200,20,3284.0,0.99871,2,3
0.2,3200,20,3159.0,0.64257,2,3
0.2,3200,20,2691.0,0.99968,1,2
0.2,3200,20,3140.0,0.99954,1,2
0.2,3200,20,3303.0,0.999,1,2
0.2,3200,20,3169.0,0.99932,1,2
0.2,3200,20,2735.0,0.98867,1,2
0.2,3200,20,4009.0,0.85393,1,2
0.2,3200,20,3007.0,0.98712,1,2
0.2,3200,20,3601.0,0.9685,1,2
0.2,3200,20,3346.0,0.99947,1,2
0.2,3200,20,2872.0,0.99811,1,2
0.2,3200,20,-1.0,0.99999,0,0
0.2,3200,20,4280.0,0.68546,1,2
0.2,3200,20,3106.0,0.90045,1,2
0.2,3200,20,-1.0,0.99999,0,0
0.2,3200,20,3177.0,0.4755,1,2
0.2,3200,20,2991.0,0.87145,1,2
0.2,3200,20,-1.0,0.999,0,0
0.2,3200,20,-1.0,0.99402,0,0
0.2,3200,20,-1.0,0.81135,0,0
0.2,3200,20,-1.0,0.33618,0,0
0.2,3200,20,-1.0,0.0,0,0
0.2,6400,3,5037.0,0.99991,2,3
0.2,6400,3,7763.0,0.0,1,2
0.2,6400,3,8335.0,0.0,1,2
0.2,6400,3,7374.0,0.0,2,3
0.2,6400,3,7738.0,0.0,1,2
0.2,6400,3,9231.0,0.0,2,3
0.2,6400,3,6123.0,0.0,2,3
0.2,6400,3,9371.0,0.0,1,2
0.2,6400,3,6271.0,0.99123,1,2
0.2,6400,3,4340.0,0.0,1,2
0.2,6400,3,-1.0,0.0,0,0
0.2,6400,3,-1.0,0.0,0,0
0.2,6400,3,-1.0,1.0,0,0
0.2,6400,3,-1.0,0.98537,0,0
0.2,6400,3,-1.0,0.99989,0,0
0.2,6400,3,-1.0,0.0,0,0
0.2,6400,3,-1.0,0.98738,0,0
0.2,6400,3,-1.0,0.0,0,0
0.2,6400,3,-1.0,0.97896,0,0
0.2,6400,3,-1.0,0.0,0,0
0.2,6400,3,-1.0,0.0,0,0
0.2,3200,19,3267.0,0.99999,4,5
0.2,3200,19,4639.0,0.53844,5,6
0.2,3200,19,2367.0,0.99301,5,6
0.2,3200,19,3846.0,0.6853,5,6
0.2,3200,19,4141.0,0.99976,3,4
0.2,3200,19,2678.0,1.0,3,4
0.2,3200,19,3935.0,0.98708,4,5
0.2,3200,19,2483.0,0.96847,4,5
0.2,3200,19,3979.0,0.98319,3,4
0.2,3200,19,3437.0,0.9962,3,4
0.2,3200,19,2206.0,0.7856,4,5
0.2,3200,19,3331.0,0.99756,3,4
0.2,3200,19,3480.0,0.64254,3,4
0.2,3200,19,3393.0,0.9124,3,4
0.2,3200,19,3324.0,0.9994,3,4
0.2,3200,19,2066.0,0.97557,3,4
0.2,3200,19,3616.0,0.95918,2,3
0.2,3200,19,2777.0,0.99968,2,3
0.2,3200,19,3591.0,0.99871,2,3
0.2,3200,19,2764.0,0.81134,3,4
0.2,3200,19,4404.0,0.83401,2,3
0.2,3200,19,3498.0,0.99998,1,2
0.2,3200,19,4396.0,0.99785,1,2
0.2,3200,19,3582.0,0.99969,1,2
0.2,3200,19,2972.0,0.99993,1,2
0.2,3200,19,2676.0,0.99954,2,3
0.2,3200,19,2721.0,0.99402,2,3
0.2,3200,19,2678.0,0.99972,2,3
0.2,3200,19,2315.0,0.99756,2,3
0.2,3200,19,2708.0,0.99996,1,2
0.2,3200,19,3019.0,0.98337,2,3
0.2,3200,19,2810.0,0.92275,2,3
0.2,3200,19,3273.0,0.99208,2,3
0.2,3200,19,2787.0,0.9124,2,3
0.2,3200,19,-1.0,0.33618,0,0
0.2,6400,4,4787.0,0.99979,2,3
0.2,6400,4,6257.0,0.43559,1,2
0.2,6400,4,5008.0,0.99999,2,3
0.2,6400,4,6231.0,0.56015,1,2
0.2,6400,4,5442.0,0.99402,2,3
0.2,6400,4,4754.0,0.99989,1,2
0.2,6400,4,4306.0,0.53508,1,2
0.2,6400,4,-1.0,1.0,0,0
0.2,6400,4,-1.0,1.0,0,0
0.2,6400,4,-1.0,0.32686,0,0
0.2,6400,4,-1.0,0.99992,0,0
0.2,6400,4,-1.0,0.99963,0,0
0.2,6400,4,-1.0,1.0,0,0
0.2,6400,4,-1.0,0.51314,0,0
0.2,6400,4,-1.0,0.99123,0,0
0.2,6400,4,-1.0,0.36983,0,0
0.2,6400,4,-1.0,0.99985,0,0
0.2,6400,4,-1.0,1.0,0,0
0.2,6400,4,-1.0,0.99978,0,0
0.2,6400,4,-1.0,0.47739,0,0
0.2,6400,4,-1.0,1.0,0,0
0.2,6400,4,-1.0,0.48572,0,0
0.2,6400,4,-1.0,1.0,0,0
0.2,6400,4,-1.0,0.99992,0,0
0.2,6400,4,-1.0,0.99999,0,0
0.2,6400,4,-1.0,0.99968,0,0
0.2,6400,4,-1.0,0.9914,0,0
0.2,6400,4,-1.0,0.98738,0,0
0.2,6400,4,-1.0,0.30805,0,0
0.2,6400,5,6661.0,0.0,1,2
0.2,6400,5,4721.0,0.0,2,3
0.2,6400,5,6546.0,0.0,1,2
0.2,6400,5,5964.0,0.0,2,3
0.2,6400,5,8443.0,0.0,1,2
0.2,6400,5,6772.0,0.0,1,2
0.2,6400,5,6009.0,0.0,2,3
0.2,6400,5,5615.0,0.0,2,3
0.2,6400,5,5486.0,0.0,2,3
0.2,6400,5,6737.0,0.0,1,2
0.2,6400,5,-1.0,1.0,0,0
0.2,6400,5,-1.0,0.0,0,0
0.2,6400,5,-1.0,0.0,0,0
0.2,6400,5,-1.0,0.0,0,0
0.2,6400,5,-1.0,1.0,0,0
0.2,6400,5,-1.0,0.99933,0,0
0.2,6400,5,-1.0,0.0,0,0
0.2,6400,5,-1.0,0.0,0,0
0.2,6400,5,-1.0,0.0,0,0
0.2,6400,5,-1.0,0.0,0,0
0.2,3200,24,4423.0,0.99981,4,5
0.2,3200,24,3960.0,0.98111,4,5
0.2,3200,24,3126.0,0.99943,5,6
0.2,3200,24,2640.0,0.98333,4,5
0.2,3200,24,3225.0,0.9994,4,5
0.2,3200,24,2390.0,0.99987,4,5
0.2,3200,24,2550.0,0.9756,4,5
0.2,3200,24,2463.0,0.96416,3,4
0.2,3200,24,3882.0,0.99968,2,3
0.2,3200,24,3707.0,0.99959,2,3
0.2,3200,24,3635.0,0.99402,3,4
0.2,3200,24,3352.0,0.99828,2,3
0.2,3200,24,3381.0,0.99785,2,3
0.2,3200,24,3866.0,0.99751,2,3
0.2,3200,24,3852.0,0.99593,2,3
0.2,3200,24,3575.0,0.88688,2,3
0.2,3200,24,3661.0,0.95377,2,3
0.2,3200,24,2466.0,0.99995,1,2
0.2,3200,24,2422.0,0.91235,2,3
0.2,3200,24,3070.0,0.99923,1,2
0.2,3200,24,4136.0,0.99811,1,2
0.2,3200,24,3315.0,0.94747,2,3
0.2,3200,24,3400.0,0.99932,1,2
0.2,3200,24,3931.0,0.97853,1,2
0.2,3200,24,2460.0,0.99894,1,2
0.2,3200,24,3202.0,0.99402,1,2
0.2,3200,24,3243.0,0.99936,1,2
0.2,3200,24,2649.0,0.47548,2,3
0.2,3200,24,1996.0,0.99853,1,2
0.2,3200,24,3661.0,0.99123,1,2
0.2,3200,24,2417.0,0.99756,1,2
0.2,3200,24,3545.0,0.26443,1,2
0.2,3200,24,2059.0,0.99994,1,2
0.2,3200,24,-1.0,0.99977,0,0
0.2,3200,24,-1.0,0.33618,0,0
0.2,3200,24,-1.0,0.06,0,0
0.2,3200,22,2715.0,0.99996,4,5
0.2,3200,22,2637.0,0.9124,5,6
0.2,3200,22,2992.0,0.99987,5,6
0.2,3200,22,3472.0,0.87146,4,5
0.2,3200,22,2778.0,0.95932,4,5
0.2,3200,22,3256.0,0.97228,4,5
0.2,3200,22,3312.0,0.99228,3,4
0.2,3200,22,2458.0,0.99985,3,4
0.2,3200,22,2705.0,0.85392,4,5
0.2,3200,22,2992.0,0.95377,4,5
0.2,3200,22,3978.0,0.85393,3,4
0.2,3200,22,2697.0,0.32267,3,4
0.2,3200,22,3776.0,0.99684,2,3
0.2,3200,22,1858.0,0.99641,3,4
0.2,3200,22,2903.0,0.99887,2,3
0.2,3200,22,2878.0,0.99833,2,3
0.2,3200,22,2442.0,0.75639,2,3
0.2,3200,22,1769.0,0.99401,3,4
0.2,3200,22,1955.0,0.68528,3,4
0.2,3200,22,2666.0,0.99228,2,3
0.2,3200,22,2593.0,0.90045,2,3
0.2,3200,22,3478.0,0.999,1,2
0.2,3200,22,2493.0,0.90045,2,3
0.2,3200,22,3855.0,0.99003,1,2
0.2,3200,22,2630.0,0.99833,1,2
0.2,3200,22,3722.0,0.99722,1,2
0.2,3200,22,3949.0,0.98713,1,2
0.2,3200,22,-1.0,0.99998,0,0
0.2,3200,22,2927.0,0.99887,1,2
0.2,3200,22,2993.0,0.9994,1,2
0.2,3200,22,2748.0,0.94747,1,2
0.2,3200,22,3821.0,0.99853,1,2
0.2,3200,22,-1.0,1.0,0,0
0.2,3200,22,3109.0,0.59383,1,2
0.2,3200,22,2655.0,0.9994,1,2
0.2,3200,22,-1.0,0.1428,0,0
0.2,3200,23,4441.0,0.99882,4,5
0.2,3200,23,3807.0,0.99985,4,5
0.2,3200,23,3086.0,0.9994,4,5
0.2,3200,23,2804.0,0.2644,6,7
0.2,3200,23,2627.0,0.99321,4,5
0.2,3200,23,3749.0,0.40398,4,5
0.2,3200,23,2597.0,0.98332,4,5
0.2,3200,23,2095.0,0.99224,4,5
0.2,3200,23,2853.0,0.99932,3,4
0.2,3200,23,4472.0,0.83401,3,4
0.2,3200,23,2456.0,0.99992,3,4
0.2,3200,23,3094.0,0.99756,3,4
0.2,3200,23,3739.0,0.94027,3,4
0.2,3200,23,3564.0,0.97556,3,4
0.2,3200,23,3179.0,0.96845,3,4
0.2,3200,23,2709.0,0.99756,2,3
0.2,3200,23,1933.0,0.81125,3,4
0.2,3200,23,3518.0,0.99923,2,3
0.2,3200,23,3057.0,0.99781,2,3
0.2,3200,23,2875.0,0.99399,2,3
0.2,3200,23,2412.0,0.99892,2,3
0.2,3200,23,3577.0,0.99003,2,3
0.2,3200,23,4283.0,0.94743,2,3
0.2,3200,23,4214.0,0.99897,1,2
0.2,3200,23,3939.0,0.99722,1,2
0.2,3200,23,3922.0,0.99532,1,2
0.2,3200,23,3771.0,0.78565,2,3
0.2,3200,23,2887.0,0.72316,2,3
0.2,3200,23,2422.0,0.96845,2,3
0.2,3200,23,3412.0,0.75642,2,3
0.2,3200,23,3349.0,0.99923,1,2
0.2,3200,23,2803.0,0.99998,1,2
0.2,3200,23,3798.0,0.99912,1,2
0.2,3200,23,-1.0,0.24566,0,0
0.2,3200,23,-1.0,0.0,0,0
0.2,6400,6,7625.0,0.78565,2,3
0.2,6400,6,6984.0,1.0,1,2
0.2,6400,6,8147.0,0.85385,2,3
0.2,6400,6,6362.0,0.99995,1,2
0.2,6400,6,-1.0,0.99992,0,0
0.2,6400,6,8964.0,0.98111,1,2
0.2,6400,6,-1.0,1.0,0,0
0.2,6400,6,-1.0,0.99987,0,0
0.2,6400,6,-1.0,0.99954,0,0
0.2,6400,6,-1.0,0.99973,0,0
0.2,6400,6,-1.0,0.99972,0,0
0.2,6400,6,-1.0,0.99991,0,0
0.2,6400,6,-1.0,1.0,0,0
0.2,6400,6,-1.0,0.99994,0,0
0.2,6400,6,-1.0,1.0,0,0
0.2,6400,6,-1.0,0.99984,0,0
0.2,6400,6,-1.0,0.99961,0,0
0.2,6400,6,-1.0,0.99965,0,0
0.2,6400,6,-1.0,0.99933,0,0
0.2,6400,6,-1.0,0.97609,0,0
0.2,6400,6,-1.0,0.78984,0,0
0.2,6400,6,-1.0,0.69172,0,0
0.2,6400,7,6024.0,0.81137,2,3
0.2,6400,7,4526.0,0.99682,2,3
0.2,6400,7,6819.0,1.0,1,2
0.2,6400,7,7160.0,1.0,1,2
0.2,6400,7,5529.0,0.99785,1,2
0.2,6400,7,5121.0,0.99474,1,2
0.2,6400,7,-1.0,0.99997,0,0
0.2,6400,7,-1.0,1.0,0,0
0.2,6400,7,-1.0,0.99811,0,0
0.2,6400,7,-1.0,0.99003,0,0
0.2,6400,7,-1.0,0.99923,0,0
0.2,6400,7,-1.0,0.99998,0,0
0.2,6400,7,-1.0,0.99402,0,0
0.2,6400,7,-1.0,1.0,0,0
0.2,6400,7,-1.0,1.0,0,0
0.2,6400,7,-1.0,0.99997,0,0
0.2,6400,7,-1.0,0.99902,0,0
0.2,6400,7,-1.0,0.99761,0,0
0.2,6400,7,-1.0,0.99728,0,0
0.2,6400,7,-1.0,0.99545,0,0
0.2,6400,7,-1.0,0.99243,0,0
0.2,6400,7,-1.0,0.9914,0,0
0.2,6400,7,-1.0,0.98738,0,0
0.2,6400,7,-1.0,0.72871,0,0
0.2,6400,8,5094.0,0.264,2,3
0.2,6400,8,6902.0,0.0,1,2
0.2,6400,8,6114.0,1.0,2,3
0.2,6400,8,6656.0,0.0,1,2
0.2,6400,8,7458.0,0.98111,1,2
0.2,6400,8,-1.0,1.0,0,0
0.2,6400,8,-1.0,0.0,0,0
0.2,6400,8,-1.0,1.0,0,0
0.2,6400,8,-1.0,0.99993,0,0
0.2,6400,8,-1.0,0.95377,0,0
0.2,6400,8,-1.0,1.0,0,0
0.2,6400,8,-1.0,1.0,0,0
0.2,6400,8,-1.0,1.0,0,0
0.2,6400,8,-1.0,0.9999,0,0
0.2,6400,8,-1.0,0.97609,0,0
0.2,6400,8,-1.0,0.94149,0,0
0.2,6400,8,-1.0,0.0,0,0
0.2,6400,9,6997.0,0.0,1,2
0.2,6400,9,5939.0,0.0,2,3
0.2,6400,9,5167.0,0.92291,2,3
0.2,6400,9,8941.0,0.0,1,2
0.2,6400,9,6583.0,1.0,1,2
0.2,6400,9,5528.0,0.99402,2,3
0.2,6400,9,5149.0,0.32271,1,2
0.2,6400,9,-1.0,1.0,0,0
0.2,6400,9,-1.0,1.0,0,0
0.2,6400,9,-1.0,1.0,0,0
0.2,6400,9,-1.0,1.0,0,0
0.2,6400,9,-1.0,1.0,0,0
0.2,6400,9,-1.0,1.0,0,0
0.2,6400,9,-1.0,1.0,0,0
0.2,6400,9,-1.0,1.0,0,0
0.2,6400,9,-1.0,0.0,0,0
0.2,6400,9,-1.0,0.0,0,0
0.2,6400,9,-1.0,0.9914,0,0
0.2,6400,9,-1.0,0.88913,0,0
0.2,6400,9,-1.0,0.1428,0,0
0.2,6400,10,7951.0,0.0,2,3
0.2,6400,10,6054.0,0.0,2,3
0.2,6400,10,7167.0,1.0,1,2
0.2,6400,10,6488.0,1.0,1,2
0.2,6400,10,5208.0,0.0,1,2
0.2,6400,10,7816.0,0.0,2,3
0.2,6400,10,-1.0,1.0,0,0
0.2,6400,10,-1.0,1.0,0,0
0.2,6400,10,-1.0,0.0,0,0
0.2,6400,10,-1.0,0.90046,0,0
0.2,6400,10,-1.0,1.0,0,0
0.2,6400,10,-1.0,1.0,0,0
0.2,6400,10,-1.0,1.0,0,0
0.2,6400,10,-1.0,0.0,0,0
0.2,6400,10,-1.0,0.0,0,0
0.2,6400,10,-1.0,0.0,0,0
0.2,6400,10,-1.0,0.0,0,0
0.2,6400,10,-1.0,0.87401,0,0
0.2,6400,10,-1.0,0.0,0,0
0.2,6400,11,5114.0,0.0,2,3
0.2,6400,11,6016.0,0.0,2,3
0.2,6400,11,5980.0,0.0,1,2
0.2,6400,11,8226.0,0.0,1,2
0.2,6400,11,6631.0,0.0,2,3
0.2,6400,11,5502.0,0.0,2,3
0.2,6400,11,5416.0,0.97853,2,3
0.2,6400,11,7159.0,0.0,1,2
0.2,6400,11,9012.0,0.0,2,3
0.2,6400,11,-1.0,1.0,0,0
0.2,6400,11,-1.0,0.94747,0,0
0.2,6400,11,-1.0,1.0,0,0
0.2,6400,11,-1.0,0.0,0,0
0.2,6400,11,-1.0,0.96912,0,0
0.2,6400,11,-1.0,0.92445,0,0
0.2,6400,11,-1.0,0.0,0,0
0.2,6400,11,-1.0,0.0,0,0
0.2,6400,13,7999.0,1.0,1,2
0.2,6400,13,5821.0,0.99992,2,3
0.2,6400,13,7713.0,0.87146,2,3
0.2,6400,13,5711.0,1.0,1,2
0.2,6400,13,7635.0,0.99853,1,2
0.2,6400,13,6794.0,0.99983,1,2
0.2,6400,13,-1.0,1.0,0,0
0.2,6400,13,-1.0,1.0,0,0
0.2,6400,13,-1.0,0.99968,0,0
0.2,6400,13,-1.0,0.99993,0,0
0.2,6400,13,-1.0,0.99641,0,0
0.2,6400,13,-1.0,0.99981,0,0
0.2,6400,13,-1.0,0.92291,0,0
0.2,6400,13,-1.0,1.0,0,0
0.2,6400,13,-1.0,0.59383,0,0
0.2,6400,13,-1.0,0.99474,0,0
0.2,6400,13,-1.0,0.9999,0,0
0.2,6400,13,-1.0,0.99989,0,0
0.2,6400,13,-1.0,0.99979,0,0
0.2,6400,13,-1.0,0.99976,0,0
0.2,6400,13,-1.0,0.9996,0,0
0.2,6400,13,-1.0,0.99789,0,0
0.2,6400,13,-1.0,0.99484,0,0
0.2,6400,13,-1.0,0.99243,0,0
0.2,6400,13,-1.0,0.90244,0,0
0.2,6400,13,-1.0,0.81513,0,0
0.2,6400,13,-1.0,0.41584,0,0
0.2,6400,12,7495.0,0.99999,1,2
0.2,6400,12,5723.0,0.92202,2,3
0.2,6400,12,6999.0,0.99983,2,3
0.2,6400,12,5723.0,0.63574,2,3
0.2,6400,12,7972.0,0.99999,1,2
0.2,6400,12,4107.0,0.99994,2,3
0.2,6400,12,-1.0,1.0,0,0
0.2,6400,12,6275.0,0.99223,1,2
0.2,6400,12,5960.0,0.77925,1,2
0.2,6400,12,-1.0,0.99053,0,0
0.2,6400,12,-1.0,1.0,0,0
0.2,6400,12,5622.0,0.75642,1,2
0.2,6400,12,-1.0,0.99999,0,0
0.2,6400,12,-1.0,0.99995,0,0
0.2,6400,12,-1.0,0.98332,0,0
0.2,6400,12,-1.0,0.96417,0,0
0.2,6400,12,-1.0,0.97461,0,0
0.2,6400,12,-1.0,0.47124,0,0
0.2,6400,12,-1.0,1.0,0,0
0.2,6400,12,-1.0,0.98745,0,0
0.2,6400,12,-1.0,0.99095,0,0
0.2,6400,12,-1.0,0.99995,0,0
0.2,6400,12,-1.0,1.0,0,0
0.2,6400,12,-1.0,0.99999,0,0
0.2,6400,12,-1.0,0.99999,0,0
0.2,6400,12,-1.0,0.99999,0,0
0.2,6400,12,-1.0,0.99993,0,0
0.2,6400,12,-1.0,0.99976,0,0
0.2,6400,12,-1.0,0.99019,0,0
0.2,6400,12,-1.0,0.97073,0,0
0.2,6400,12,-1.0,0.97603,0,0
0.2,6400,12,-1.0,0.95466,0,0
0.2,6400,12,-1.0,0.72037,0,0
0.2,6400,12,-1.0,0.64968,0,0
0.2,6400,12,-1.0,0.3328,0,0
0.2,6400,14,7905.0,0.95932,2,3
0.2,6400,14,6907.0,0.99959,2,3
0.2,6400,14,6136.0,0.99228,2,3
0.2,6400,14,6454.0,0.99474,1,2
0.2,6400,14,6332.0,0.98537,1,2
0.2,6400,14,6724.0,0.32271,1,2
0.2,6400,14,-1.0,0.99994,0,0
0.2,6400,14,-1.0,0.99992,0,0
0.2,6400,14,-1.0,0.99981,0,0
0.2,6400,14,-1.0,0.99997,0,0
0.2,6400,14,-1.0,0.98537,0,0
0.2,6400,14,-1.0,0.92291,0,0
0.2,6400,14,-1.0,0.99996,0,0
0.2,6400,14,-1.0,0.99992,0,0
0.2,6400,14,-1.0,0.99989,0,0
0.2,6400,14,-1.0,0.99973,0,0
0.2,6400,14,-1.0,0.99941,0,0
0.2,6400,14,-1.0,0.99243,0,0
0.2,6400,14,-1.0,0.9889,0,0
0.2,6400,14,-1.0,0.98148,0,0
0.2,6400,14,-1.0,0.97896,0,0
0.2,6400,14,-1.0,0.94149,0,0
0.2,6400,14,-1.0,0.88913,0,0
0.2,6400,14,-1.0,0.1428,0,0
0.2,6400,15,6485.0,0.0,2,3
0.2,6400,15,7130.0,0.0,1,2
0.2,6400,15,8207.0,0.0,1,2
0.2,6400,15,5166.0,0.0,2,3
0.2,6400,15,4730.0,0.0,2,3
0.2,6400,15,5219.0,0.0,2,3
0.2,6400,15,5561.0,0.0,2,3
0.2,6400,15,6298.0,0.0,1,2
0.2,6400,15,4863.0,0.0,1,2
0.2,6400,15,-1.0,0.0,0,0
0.2,6400,15,-1.0,0.0,0,0
0.2,6400,15,-1.0,0.0,0,0
0.2,6400,15,-1.0,0.0,0,0
0.2,6400,15,-1.0,0.0,0,0
0.2,6400,15,-1.0,0.0,0,0
0.2,6400,15,-1.0,0.0,0,0
0.2,6400,15,-1.0,0.0,0,0
0.2,6400,15,-1.0,0.0,0,0
0.2,6400,15,-1.0,0.0,0,0
0.2,6400,15,-1.0,0.0,0,0
0.2,6400,15,-1.0,0.0,0,0
0.2,6400,16,5407.0,0.10076,1,2
0.2,6400,16,6770.0,0.99402,2,3
0.2,6400,16,4736.0,0.98867,2,3
0.2,6400,16,4930.0,0.99996,1,2
0.2,6400,16,5365.0,0.81137,1,2
0.2,6400,16,6725.0,0.02528,1,2
0.2,6400,16,-1.0,0.99999,0,0
0.2,6400,16,-1.0,0.99959,0,0
0.2,6400,16,-1.0,0.68546,0,0
0.2,6400,16,-1.0,0.07388,0,0
0.2,6400,16,-1.0,0.9124,0,0
0.2,6400,16,-1.0,0.99811,0,0
0.2,6400,16,-1.0,0.99999,0,0
0.2,6400,16,-1.0,0.99995,0,0
0.2,6400,16,-1.0,0.99941,0,0
0.2,6400,16,-1.0,0.99761,0,0
0.2,6400,16,-1.0,0.9914,0,0
0.2,6400,16,-1.0,0.14897,0,0
0.2,6400,16,-1.0,0.98371,0,0
0.2,6400,16,-1.0,0.88913,0,0
0.2,6400,16,-1.0,0.76127,0,0
0.2,6400,16,-1.0,0.60191,0,0
0.2,6400,16,-1.0,0.0,0,0
0.2,6400,17,5374.0,0.0,2,3
0.2,6400,17,5999.0,0.0,1,2
0.2,6400,17,5213.0,0.99967,2,3
0.2,6400,17,8132.0,0.0,2,3
0.2,6400,17,7173.0,0.98337,2,3
0.2,6400,17,6288.0,0.0,1,2
0.2,6400,17,-1.0,1.0,0,0
0.2,6400,17,5759.0,0.96418,1,2
0.2,6400,17,-1.0,1.0,0,0
0.2,6400,17,-1.0,0.0,0,0
0.2,6400,17,-1.0,0.99998,0,0
0.2,6400,17,-1.0,0.75641,0,0
0.2,6400,17,-1.0,0.87146,0,0
0.2,6400,17,-1.0,0.0,0,0
0.2,6400,17,-1.0,0.99951,0,0
0.2,6400,17,-1.0,0.0,0,0
0.2,6400,17,-1.0,0.97609,0,0
0.2,6400,17,-1.0,0.0,0,0
0.2,6400,17,-1.0,0.95468,0,0
0.2,6400,17,-1.0,0.81513,0,0
0.2,6400,17,-1.0,0.69171,0,0
0.2,6400,18,9147.0,1.0,1,2
0.2,6400,18,5637.0,0.0,1,2
0.2,6400,18,7698.0,1.0,1,2
0.2,6400,18,6267.0,0.0,2,3
0.2,6400,18,6208.0,0.0,2,3
0.2,6400,18,6955.0,0.0,2,3
0.2,6400,18,6906.0,0.0,2,3
0.2,6400,18,3842.0,1.0,1,2
0.2,6400,18,-1.0,1.0,0,0
0.2,6400,18,-1.0,0.99998,0,0
0.2,6400,18,-1.0,0.9994,0,0
0.2,6400,18,-1.0,0.23232,0,0
0.2,6400,18,-1.0,1.0,0,0
0.2,6400,18,-1.0,1.0,0,0
0.2,6400,18,-1.0,0.99997,0,0
0.2,6400,18,-1.0,0.99914,0,0
0.2,6400,18,-1.0,0.0,0,0
0.2,6400,18,-1.0,0.0,0,0
0.2,6400,18,-1.0,0.0,0,0
0.2,6400,18,-1.0,0.0,0,0
0.2,6400,20,6921.0,0.90046,2,3
0.2,6400,20,5081.0,0.99811,2,3
0.2,6400,20,6285.0,0.99912,1,2
0.2,6400,20,-1.0,1.0,0,0
0.2,6400,20,-1.0,0.99993,0,0
0.2,6400,20,-1.0,0.40398,0,0
0.2,6400,20,-1.0,0.99593,0,0
0.2,6400,20,-1.0,1.0,0,0
0.2,6400,20,-1.0,0.9999,0,0
0.2,6400,20,-1.0,0.99889,0,0
0.2,6400,20,-1.0,0.99728,0,0
0.2,6400,20,-1.0,0.99414,0,0
0.2,6400,20,-1.0,0.85683,0,0
0.2,6400,20,-1.0,0.24566,0,0
0.2,6400,19,6608.0,0.72321,2,3
0.2,6400,19,6639.0,0.99756,2,3
0.2,6400,19,5350.0,0.98521,2,3
0.2,6400,19,4201.0,0.99991,2,3
0.2,6400,19,6213.0,0.99987,1,2
0.2,6400,19,6892.0,0.78565,1,2
0.2,6400,19,6309.0,0.98996,1,2
0.2,6400,19,6673.0,0.99699,1,2
0.2,6400,19,-1.0,0.99684,0,0
0.2,6400,19,-1.0,0.91227,0,0
0.2,6400,19,-1.0,0.99756,0,0
0.2,6400,19,-1.0,0.99988,0,0
0.2,6400,19,-1.0,0.9722,0,0
0.2,6400,19,-1.0,0.99993,0,0
0.2,6400,19,-1.0,1.0,0,0
0.2,6400,19,-1.0,0.99981,0,0
0.2,6400,19,-1.0,0.99982,0,0
0.2,6400,19,-1.0,0.99996,0,0
0.2,6400,19,-1.0,0.9999,0,0
0.2,6400,19,-1.0,0.99981,0,0
0.2,6400,19,-1.0,0.99691,0,0
0.2,6400,19,-1.0,0.99649,0,0
0.2,6400,19,-1.0,0.99646,0,0
0.2,6400,19,-1.0,0.99601,0,0
0.2,6400,19,-1.0,0.98727,0,0
0.2,6400,19,-1.0,0.97894,0,0
0.2,6400,19,-1.0,0.96003,0,0
0.2,6400,19,-1.0,0.87388,0,0
0.2,6400,19,-1.0,0.72871,0,0
0.2,6400,19,-1.0,0.60191,0,0
0.2,6400,21,5626.0,0.0,2,3
0.2,6400,21,7874.0,1.0,1,2
0.2,6400,21,7361.0,0.0,1,2
0.2,6400,21,6494.0,0.0,1,2
0.2,6400,21,7505.0,0.0,2,3
0.2,6400,21,7621.0,0.0,1,2
0.2,6400,21,4682.0,0.0,2,3
0.2,6400,21,-1.0,0.0,0,0
0.2,6400,21,5618.0,0.99756,1,2
0.2,6400,21,-1.0,0.99756,0,0
0.2,6400,21,-1.0,0.0,0,0
0.2,6400,21,-1.0,0.0,0,0
0.2,6400,21,-1.0,0.0,0,0
0.2,6400,21,-1.0,0.0,0,0
0.2,6400,21,-1.0,0.0,0,0
0.2,6400,21,-1.0,1.0,0,0
0.2,6400,21,-1.0,0.99691,0,0
0.2,6400,21,-1.0,0.99691,0,0
0.2,6400,21,-1.0,0.0,0,0
0.2,6400,21,-1.0,0.0,0,0
0.2,6400,21,-1.0,0.0,0,0
0.2,6400,22,6451.0,0.98713,2,3
0.2,6400,22,4879.0,0.99999,2,3
0.2,6400,22,4602.0,1.0,1,2
0.2,6400,22,-1.0,1.0,0,0
0.2,6400,22,5564.0,0.99756,1,2
0.2,6400,22,6143.0,0.64257,1,2
0.2,6400,22,-1.0,0.99998,0,0
0.2,6400,22,-1.0,0.99985,0,0
0.2,6400,22,-1.0,0.98867,0,0
0.2,6400,22,-1.0,0.99994,0,0
0.2,6400,22,-1.0,1.0,0,0
0.2,6400,22,-1.0,0.32271,0,0
0.2,6400,22,-1.0,0.99999,0,0
0.2,6400,22,-1.0,0.99997,0,0
0.2,6400,22,-1.0,0.99991,0,0
0.2,6400,22,-1.0,0.99981,0,0
0.2,6400,22,-1.0,0.99691,0,0
0.2,6400,22,-1.0,0.98566,0,0
0.2,6400,22,-1.0,0.98148,0,0
0.2,6400,22,-1.0,0.54763,0,0
0.2,6400,22,-1.0,0.06,0,0
0.2,6400,24,5339.0,0.95932,2,3
0.2,6400,24,7422.0,1.0,1,2
0.2,6400,24,5464.0,0.94743,2,3
0.2,6400,24,-1.0,0.99995,0,0
0.2,6400,24,6196.0,0.9685,1,2
0.2,6400,24,6819.0,0.99003,1,2
0.2,6400,24,-1.0,0.99228,0,0
0.2,6400,24,-1.0,0.99755,0,0
0.2,6400,24,-1.0,0.99995,0,0
0.2,6400,24,-1.0,0.99995,0,0
0.2,6400,24,-1.0,1.0,0,0
0.2,6400,24,-1.0,1.0,0,0
0.2,6400,24,-1.0,0.99649,0,0
0.2,6400,24,-1.0,0.99023,0,0
0.2,6400,24,-1.0,0.98566,0,0
0.2,6400,24,-1.0,0.95469,0,0
0.2,6400,24,-1.0,0.94149,0,0
0.2,6400,24,-1.0,0.92441,0,0
0.2,6400,23,6956.0,0.99996,1,2
0.2,6400,23,4685.0,1.0,2,3
0.2,6400,23,8143.0,0.28182,1,2
0.2,6400,23,7064.0,0.53844,2,3
0.2,6400,23,7506.0,0.99638,2,3
0.2,6400,23,6707.0,0.99999,1,2
0.2,6400,23,-1.0,1.0,0,0
0.2,6400,23,6009.0,0.99961,1,2
0.2,6400,23,-1.0,0.99996,0,0
0.2,6400,23,-1.0,0.37779,0,0
0.2,6400,23,4227.0,0.92291,1,2
0.2,6400,23,-1.0,0.99998,0,0
0.2,6400,23,-1.0,0.99993,0,0
0.2,6400,23,-1.0,0.99718,0,0
0.2,6400,23,-1.0,0.99997,0,0
0.2,6400,23,-1.0,1.0,0,0
0.2,6400,23,-1.0,0.95925,0,0
0.2,6400,23,-1.0,0.99993,0,0
0.2,6400,23,-1.0,1.0,0,0
0.2,6400,23,-1.0,1.0,0,0
0.2,6400,23,-1.0,0.38338,0,0
0.2,6400,23,-1.0,0.99998,0,0
0.2,6400,23,-1.0,0.99998,0,0
0.2,6400,23,-1.0,0.99995,0,0
0.2,6400,23,-1.0,0.99991,0,0
0.2,6400,23,-1.0,0.99944,0,0
0.2,6400,23,-1.0,0.99595,0,0
0.2,6400,23,-1.0,0.99481,0,0
0.2,6400,23,-1.0,0.94143,0,0
0.2,6400,23,-1.0,0.88913,0,0
0.2,6400,23,-1.0,0.33618,0,0
0.3,3200,5,3574.0,0.0,4,5
0.3,3200,5,3573.0,0.0,5,6
0.3,3200,5,3198.0,0.0,6,7
0.3,3200,5,4270.0,0.0,4,5
0.3,3200,5,3263.0,0.0,3,4
0.3,3200,5,2673.0,0.0,2,3
0.3,3200,5,-1.0,0.0,0,0
0.3,3200,5,-1.0,0.0,0,0
0.3,3200,5,-1.0,0.0,0,0
0.3,3200,5,-1.0,0.0,0,0
0.3,3200,5,-1.0,0.0,0,0
0.3,3200,5,-1.0,0.0,0,0
0.3,3200,5,-1.0,0.0,0,0
0.3,3200,5,-1.0,0.0,0,0
0.3,3200,5,-1.0,0.0,0,0
0.3,3200,5,-1.0,0.0,0,0
0.3,3200,5,-1.0,0.0,0,0
0.3,3200,3,3111.0,1.0,5,6
0.3,3200,3,2097.0,0.99756,3,4
0.3,3200,3,4611.0,0.94747,3,4
0.3,3200,3,4256.0,0.99968,2,3
0.3,3200,3,1636.0,0.99592,2,3
0.3,3200,3,4417.0,0.99321,2,3
0.3,3200,3,2258.0,0.59375,2,3
0.3,3200,3,2445.0,0.95377,2,3
0.3,3200,3,2184.0,0.99972,2,3
0.3,3200,3,3507.0,0.98867,1,2
0.3,3200,3,2601.0,0.79837,1,2
0.3,3200,3,3215.0,0.59383,2,3
0.3,3200,3,-1.0,0.99999,0,0
0.3,3200,3,-1.0,0.99402,0,0
0.3,3200,3,-1.0,0.99999,0,0
0.3,3200,3,2454.0,0.98537,1,2
0.3,3200,3,-1.0,0.98867,0,0
0.3,3200,3,-1.0,0.99983,0,0
0.3,3200,3,-1.0,0.99972,0,0
0.3,3200,3,-1.0,0.99985,0,0
0.3,3200,3,-1.0,0.99228,0,0
0.3,3200,3,-1.0,0.99003,0,0
0.3,3200,3,-1.0,0.9999,0,0
0.3,3200,3,-1.0,1.0,0,0
0.3,3200,3,-1.0,0.68546,0,0
0.3,3200,3,-1.0,0.264,0,0
0.3,3200,3,-1.0,0.9124,0,0
0.3,3200,3,-1.0,0.64257,0,0
0.3,3200,3,-1.0,0.64257,0,0
0.3,3200,3,-1.0,0.99998,0,0
0.3,3200,3,-1.0,0.26443,0,0
0.3,3200,3,-1.0,0.99986,0,0
0.3,3200,3,-1.0,0.99691,0,0
0.3,3200,3,-1.0,0.06,0,0
0.3,3200,3,-1.0,0.0,0,0
0.3,3200,0,2990.0,0.98111,5,6
0.3,3200,0,2241.0,0.26426,6,7
0.3,3200,0,4372.0,0.99833,6,7
0.3,3200,0,2037.0,0.99985,4,5
0.3,3200,0,2451.0,0.8112,6,7
0.3,3200,0,2012.0,0.99537,5,6
0.3,3200,0,2676.0,0.9999,3,4
0.3,3200,0,5319.0,0.72321,3,4
0.3,3200,0,2475.0,0.99974,3,4
0.3,3200,0,2205.0,0.99986,3,4
0.3,3200,0,2506.0,0.99887,3,4
0.3,3200,0,2628.0,0.26394,3,4
0.3,3200,0,3591.0,0.68534,4,5
0.3,3200,0,3396.0,0.88688,4,5
0.3,3200,0,2168.0,0.99991,2,3
0.3,3200,0,3038.0,0.90045,3,4
0.3,3200,0,3560.0,0.99926,3,4
0.3,3200,0,2734.0,0.92277,3,4
0.3,3200,0,2915.0,0.92291,2,3
0.3,3200,0,3548.0,0.26444,3,4
0.3,3200,0,3162.0,0.99955,2,3
0.3,3200,0,3269.0,1.0,1,2
0.3,3200,0,2857.0,0.99724,3,4
0.3,3200,0,2954.0,0.97228,2,3
0.3,3200,0,3562.0,0.99785,3,4
0.3,3200,0,2896.0,0.90023,2,3
0.3,3200,0,2968.0,0.40397,2,3
0.3,3200,0,2992.0,1.0,1,2
0.3,3200,0,3056.0,0.7232,2,3
0.3,3200,0,3803.0,0.99923,2,3
0.3,3200,0,2644.0,0.99811,2,3
0.3,3200,0,3142.0,0.99968,1,2
0.3,3200,0,1765.0,0.98089,2,3
0.3,3200,0,2680.0,0.99888,1,2
0.3,3200,0,-1.0,0.24566,0,0
0.3,3200,0,-1.0,0.0,0,0
0.3,3200,0,-1.0,0.0,0,0
0.3,3200,0,-1.0,0.0,0,0
0.3,3200,11,3940.0,0.97853,6,7
0.3,3200,11,2348.0,0.97853,4,5
0.3,3200,11,3058.0,0.99853,3,4
0.3,3200,11,2941.0,0.99003,3,4
0.3,3200,11,3199.0,0.97853,2,3
0.3,3200,11,2474.0,0.9642,2,3
0.3,3200,11,2339.0,0.97853,2,3
0.3,3200,11,2599.0,0.99998,1,2
0.3,3200,11,2166.0,0.94029,2,3
0.3,3200,11,2263.0,0.91238,2,3
0.3,3200,11,-1.0,1.0,0,0
0.3,3200,11,4957.0,0.94747,1,2
0.3,3200,11,1710.0,0.99473,1,2
0.3,3200,11,-1.0,0.99999,0,0
0.3,3200,11,-1.0,0.99871,0,0
0.3,3200,11,-1.0,0.99954,0,0
0.3,3200,11,2074.0,0.40375,1,2
0.3,3200,11,1675.0,0.64207,1,2
0.3,3200,11,-1.0,0.99641,0,0
0.3,3200,11,-1.0,0.40398,0,0
0.3,3200,11,-1.0,0.9642,0,0
0.3,3200,11,-1.0,0.9756,0,0
0.3,3200,11,-1.0,0.59383,0,0
0.3,3200,11,-1.0,0.26444,0,0
0.3,3200,11,-1.0,0.9124,0,0
0.3,3200,11,-1.0,0.98867,0,0
0.3,3200,11,-1.0,0.98712,0,0
0.3,3200,11,-1.0,0.9756,0,0
0.3,3200,11,-1.0,0.9932,0,0
0.3,3200,11,-1.0,0.29999,0,0
0.3,3200,11,-1.0,0.7232,0,0
0.3,3200,11,-1.0,0.95375,0,0
0.3,3200,11,-1.0,0.97851,0,0
0.3,3200,11,-1.0,0.99941,0,0
0.3,3200,11,-1.0,0.1428,0,0
0.3,3200,11,-1.0,0.1428,0,0
0.3,3200,11,-1.0,0.06,0,0
0.3,3200,11,-1.0,0.0,0,0
0.3,3200,1,4771.0,0.47551,5,6
0.3,3200,1,2529.0,0.88687,5,6
0.3,3200,1,2623.0,0.31704,5,6
0.3,3200,1,3059.0,0.99641,5,6
0.3,3200,1,2530.0,0.97853,5,6
0.3,3200,1,3868.0,0.99998,4,5
0.3,3200,1,6245.0,0.98537,3,4
0.3,3200,1,2751.0,1.0,4,5
0.3,3200,1,2841.0,0.9999,4,5
0.3,3200,1,2372.0,0.6791,3,4
0.3,3200,1,3434.0,0.98111,3,4
0.3,3200,1,2582.0,0.99999,2,3
0.3,3200,1,3934.0,0.4755,4,5
0.3,3200,1,3935.0,0.99684,3,4
0.3,3200,1,2998.0,0.99983,3,4
0.3,3200,1,1473.0,0.2624,4,5
0.3,3200,1,2426.0,0.78563,4,5
0.3,3200,1,3433.0,0.9812,2,3
0.3,3200,1,3607.0,0.95932,3,4
0.3,3200,1,4016.0,0.99959,2,3
0.3,3200,1,3622.0,0.99992,1,2
0.3,3200,1,3165.0,0.9403,3,4
0.3,3200,1,3785.0,0.99402,2,3
0.3,3200,1,3181.0,0.64257,3,4
0.3,3200,1,2977.0,0.53844,3,4
0.3,3200,1,2734.0,0.99998,1,2
0.3,3200,1,3150.0,0.99947,2,3
0.3,3200,1,2779.0,0.99811,2,3
0.3,3200,1,2944.0,0.99116,2,3
0.3,3200,1,2896.0,0.78565,3,4
0.3,3200,1,2797.0,0.81479,2,3
0.3,3200,1,3539.0,0.53844,2,3
0.3,3200,1,4723.0,0.97853,1,2
0.3,3200,1,4882.0,0.9994,1,2
0.3,3200,1,-1.0,0.24566,0,0
0.3,3200,1,-1.0,0.24566,0,0
0.3,3200,1,-1.0,0.0,0,0
0.3,3200,1,-1.0,0.06,0,0
0.3,3200,8,3311.0,0.99123,4,5
0.3,3200,8,4218.0,0.99964,4,5
0.3,3200,8,3481.0,0.99998,3,4
0.3,3200,8,3074.0,1.0,2,3
0.3,3200,8,4302.0,0.99641,2,3
0.3,3200,8,2727.0,0.99992,3,4
0.3,3200,8,4468.0,0.99968,2,3
0.3,3200,8,3784.0,0.83401,2,3
0.3,3200,8,4906.0,0.92291,2,3
0.3,3200,8,2880.0,0.9642,2,3
0.3,3200,8,4307.0,0.95377,2,3
0.3,3200,8,3602.0,0.4755,2,3
0.3,3200,8,2619.0,0.99228,2,3
0.3,3200,8,2728.0,0.99964,1,2
0.3,3200,8,3383.0,0.99985,1,2
0.3,3200,8,2850.0,0.90045,2,3
0.3,3200,8,3425.0,0.97853,1,2
0.3,3200,8,1931.0,0.99993,1,2
0.3,3200,8,2967.0,0.7232,2,3
0.3,3200,8,1588.0,0.98107,1,2
0.3,3200,8,-1.0,0.99999,0,0
0.3,3200,8,2267.0,0.99122,1,2
0.3,3200,8,3326.0,0.94747,1,2
0.3,3200,8,2236.0,0.96849,1,2
0.3,3200,8,-1.0,0.9642,0,0
0.3,3200,8,-1.0,0.99989,0,0
0.3,3200,8,-1.0,0.99321,0,0
0.3,3200,8,-1.0,0.99992,0,0
0.3,3200,8,1515.0,0.83362,1,2
0.3,3200,8,-1.0,0.99912,0,0
0.3,3200,8,-1.0,0.9403,0,0
0.3,3200,8,-1.0,0.99983,0,0
0.3,3200,8,-1.0,0.98537,0,0
0.3,3200,8,-1.0,0.99756,0,0
0.3,3200,8,-1.0,0.33618,0,0
0.3,3200,4,2228.0,0.99907,5,6
0.3,3200,4,2320.0,1.0,3,4
0.3,3200,4,2788.0,0.99003,6,7
0.3,3200,4,3424.0,0.99924,4,5
0.3,3200,4,2480.0,0.97853,4,5
0.3,3200,4,3283.0,0.64257,4,5
0.3,3200,4,3922.0,0.99964,2,3
0.3,3200,4,2676.0,0.92259,4,5
0.3,3200,4,2066.0,0.99122,3,4
0.3,3200,4,3532.0,0.85393,3,4
0.3,3200,4,3780.0,0.99995,3,4
0.3,3200,4,2297.0,0.40386,3,4
0.3,3200,4,3089.0,0.99916,3,4
0.3,3200,4,3627.0,0.99887,2,3
0.3,3200,4,2773.0,0.99997,2,3
0.3,3200,4,3392.0,0.26436,3,4
0.3,3200,4,3143.0,0.98526,3,4
0.3,3200,4,2757.0,0.99932,2,3
0.3,3200,4,2259.0,0.9998,2,3
0.3,3200,4,3792.0,0.64257,2,3
0.3,3200,4,2957.0,0.64246,3,4
0.3,3200,4,2589.0,0.9403,2,3
0.3,3200,4,3312.0,0.99925,1,2
0.3,3200,4,-1.0,1.0,0,0
0.3,3200,4,4178.0,0.99833,1,2
0.3,3200,4,1701.0,1.0,1,2
0.3,3200,4,4379.0,0.99593,1,2
0.3,3200,4,2435.0,0.23221,1,2
0.3,3200,4,1883.0,0.99722,2,3
0.3,3200,4,2339.0,0.9809,1,2
0.3,3200,4,-1.0,0.99983,0,0
0.3,3200,4,3305.0,0.99593,1,2
0.3,3200,4,3682.0,0.26392,1,2
0.3,3200,4,-1.0,0.91414,0,0
0.3,3200,4,-1.0,0.24566,0,0
0.3,3200,4,-1.0,0.0,0,0
0.3,3200,4,-1.0,0.0,0,0
0.3,3200,4,-1.0,0.0,0,0
0.3,3200,10,2165.0,0.99932,4,5
0.3,3200,10,3592.0,0.264,5,6
0.3,3200,10,3861.0,0.999,3,4
0.3,3200,10,3222.0,0.99978,3,4
0.3,3200,10,2000.0,0.99994,4,5
0.3,3200,10,2591.0,0.23226,3,4
0.3,3200,10,1497.0,0.96411,3,4
0.3,3200,10,2958.0,0.47549,3,4
0.3,3200,10,1828.0,0.23159,4,5
0.3,3200,10,2049.0,0.99976,3,4
0.3,3200,10,3264.0,0.99993,1,2
0.3,3200,10,1966.0,0.99756,2,3
0.3,3200,10,4322.0,0.99402,1,2
0.3,3200,10,2971.0,0.99474,2,3
0.3,3200,10,2823.0,0.99993,1,2
0.3,3200,10,2765.0,0.99853,1,2
0.3,3200,10,2784.0,0.99964,1,2
0.3,3200,10,3359.0,0.99983,1,2
0.3,3200,10,2548.0,0.99641,1,2
0.3,3200,10,3206.0,0.9756,1,2
0.3,3200,10,2580.0,0.95932,1,2
0.3,3200,10,2584.0,0.99123,1,2
0.3,3200,10,3774.0,0.98337,1,2
0.3,3200,10,2460.0,0.81135,2,3
0.3,3200,10,2371.0,0.99474,1,2
0.3,3200,10,-1.0,1.0,0,0
0.3,3200,10,2719.0,0.9642,1,2
0.3,3200,10,-1.0,0.99811,0,0
0.3,3200,10,-1.0,0.88688,0,0
0.3,3200,10,-1.0,0.98337,0,0
0.3,3200,10,3417.0,0.83401,1,2
0.3,3200,10,-1.0,0.99998,0,0
0.3,3200,10,2366.0,0.47542,1,2
0.3,3200,10,2195.0,0.88685,1,2
0.3,3200,10,-1.0,0.24566,0,0
0.3,3200,10,-1.0,0.24566,0,0
0.3,3200,10,-1.0,0.0,0,0
0.3,3200,10,-1.0,0.0,0,0
0.3,3200,10,-1.0,0.0,0,0
0.3,3200,9,2478.0,0.99981,5,6
0.3,3200,9,4185.0,0.999,4,5
0.3,3200,9,2564.0,0.81136,4,5
0.3,3200,9,2182.0,0.99987,3,4
0.3,3200,9,5431.0,0.99985,2,3
0.3,3200,9,4871.0,0.99954,2,3
0.3,3200,9,2688.0,0.9756,3,4
0.3,3200,9,1884.0,0.9994,2,3
0.3,3200,9,2911.0,0.93216,3,4
0.3,3200,9,6070.0,0.99976,1,2
0.3,3200,9,1854.0,0.99227,3,4
0.3,3200,9,2662.0,0.99923,1,2
0.3,3200,9,3360.0,1.0,1,2
0.3,3200,9,2988.0,0.99871,2,3
0.3,3200,9,2308.0,0.75638,2,3
0.3,3200,9,2930.0,0.99989,1,2
0.3,3200,9,2660.0,0.26394,2,3
0.3,3200,9,4189.0,0.99474,1,2
0.3,3200,9,2895.0,0.87145,1,2
0.3,3200,9,-1.0,1.0,0,0
0.3,3200,9,4557.0,0.92291,1,2
0.3,3200,9,2231.0,0.99989,1,2
0.3,3200,9,4019.0,0.9124,1,2
0.3,3200,9,3966.0,0.23232,1,2
0.3,3200,9,-1.0,0.99811,0,0
0.3,3200,9,2460.0,0.98111,1,2
0.3,3200,9,-1.0,0.99999,0,0
0.3,3200,9,2660.0,0.97853,1,2
0.3,3200,9,2799.0,0.93216,1,2
0.3,3200,9,1869.0,0.97559,1,2
0.3,3200,9,3359.0,0.40398,1,2
0.3,3200,9,3592.0,0.40398,1,2
0.3,3200,9,2713.0,0.59381,1,2
0.3,3200,9,-1.0,0.59383,0,0
0.3,3200,9,-1.0,0.24566,0,0
0.3,3200,9,-1.0,0.1428,0,0
0.3,3200,9,-1.0,0.0,0,0
0.3,3200,9,-1.0,0.0,0,0
0.3,3200,2,1780.0,0.99999,5,6
0.3,3200,2,5543.0,0.9403,6,7
0.3,3200,2,4274.0,0.68534,5,6
0.3,3200,2,3637.0,0.99997,4,5
0.3,3200,2,2361.0,0.53835,4,5
0.3,3200,2,3697.0,1.0,3,4
0.3,3200,2,5842.0,0.90046,4,5
0.3,3200,2,3466.0,0.99321,4,5
0.3,3200,2,3215.0,0.95932,4,5
0.3,3200,2,2086.0,0.91237,3,4
0.3,3200,2,1859.0,0.99782,4,5
0.3,3200,2,2768.0,0.98533,4,5
0.3,3200,2,3453.0,0.93216,3,4
0.3,3200,2,3419.0,0.99992,3,4
0.3,3200,2,2401.0,0.78562,4,5
0.3,3200,2,2051.0,0.8113,4,5
0.3,3200,2,4628.0,0.99811,3,4
0.3,3200,2,3521.0,0.53837,3,4
0.3,3200,2,2115.0,0.97554,4,5
0.3,3200,2,4893.0,0.99985,2,3
0.3,3200,2,3231.0,0.9999,2,3
0.3,3200,2,3104.0,0.99912,3,4
0.3,3200,2,2636.0,0.93193,3,4
0.3,3200,2,1895.0,0.8868,3,4
0.3,3200,2,4091.0,0.72317,2,3
0.3,3200,2,2213.0,0.29974,4,5
0.3,3200,2,2134.0,0.99912,2,3
0.3,3200,2,2840.0,0.99123,3,4
0.3,3200,2,3443.0,0.9642,2,3
0.3,3200,2,3128.0,0.99228,2,3
0.3,3200,2,4294.0,0.53842,2,3
0.3,3200,2,1887.0,0.99968,2,3
0.3,3200,2,3567.0,0.85393,2,3
0.3,3200,2,3954.0,0.40398,3,4
0.3,3200,2,-1.0,0.33616,0,0
0.3,3200,2,-1.0,0.33617,0,0
0.3,3200,2,-1.0,0.33616,0,0
0.3,3200,2,-1.0,0.24566,0,0
0.3,3200,2,-1.0,0.0,0,0
0.3,3200,6,3417.0,0.99985,5,6
0.3,3200,6,4145.0,0.26444,5,6
0.3,3200,6,2752.0,0.26439,6,7
0.3,3200,6,2505.0,0.99928,4,5
0.3,3200,6,3409.0,0.53839,3,4
0.3,3200,6,3533.0,0.88688,5,6
0.3,3200,6,3388.0,0.40398,4,5
0.3,3200,6,4572.0,0.99996,2,3
0.3,3200,6,3171.0,0.99722,4,5
0.3,3200,6,2468.0,0.99974,3,4
0.3,3200,6,1772.0,0.92278,4,5
0.3,3200,6,3486.0,0.99987,3,4
0.3,3200,6,1365.0,0.99947,3,4
0.3,3200,6,4287.0,0.99003,2,3
0.3,3200,6,3006.0,0.85392,3,4
0.3,3200,6,1982.0,0.98998,3,4
0.3,3200,6,2926.0,0.99957,2,3
0.3,3200,6,3753.0,0.99996,1,2
0.3,3200,6,2877.0,0.99978,2,3
0.3,3200,6,4094.0,0.98993,2,3
0.3,3200,6,2913.0,0.99989,2,3
0.3,3200,6,1807.0,0.94025,2,3
0.3,3200,6,3648.0,0.99811,1,2
0.3,3200,6,3314.0,0.59383,2,3
0.3,3200,6,4329.0,0.95372,2,3
0.3,3200,6,4305.0,0.97853,1,2
0.3,3200,6,-1.0,0.99987,0,0
0.3,3200,6,3174.0,0.95923,2,3
0.3,3200,6,2921.0,0.99932,2,3
0.3,3200,6,5139.0,0.99981,1,2
0.3,3200,6,4068.0,0.99677,1,2
0.3,3200,6,4181.0,0.23232,2,3
0.3,3200,6,4477.0,0.72321,2,3
0.3,3200,6,5114.0,0.97849,1,2
0.3,3200,6,-1.0,0.41581,0,0
0.3,3200,6,-1.0,0.1428,0,0
0.3,3200,6,-1.0,0.0,0,0
0.3,3200,6,-1.0,0.0,0,0
0.3,3200,6,-1.0,0.0,0,0
0.3,3200,7,5713.0,0.99871,4,5
0.3,3200,7,3656.0,0.99946,4,5
0.3,3200,7,3289.0,0.99684,5,6
0.3,3200,7,3382.0,0.99994,4,5
0.3,3200,7,1789.0,0.59344,4,5
0.3,3200,7,2158.0,0.99537,5,6
0.3,3200,7,2783.0,0.9871,4,5
0.3,3200,7,2982.0,0.98712,3,4
0.3,3200,7,1271.0,0.99983,3,4
0.3,3200,7,2582.0,0.26393,4,5
0.3,3200,7,4305.0,0.88688,3,4
0.3,3200,7,1834.0,0.94742,3,4
0.3,3200,7,1993.0,0.97555,4,5
0.3,3200,7,2908.0,0.99994,2,3
0.3,3200,7,2689.0,0.9999,2,3
0.3,3200,7,6475.0,0.99887,1,2
0.3,3200,7,3458.0,0.99123,2,3
0.3,3200,7,2026.0,0.81129,2,3
0.3,3200,7,2810.0,0.53843,2,3
0.3,3200,7,2436.0,0.99591,2,3
0.3,3200,7,3457.0,0.99871,2,3
0.3,3200,7,3914.0,0.99997,1,2
0.3,3200,7,3036.0,0.99684,1,2
0.3,3200,7,4256.0,0.81137,2,3
0.3,3200,7,2734.0,0.98709,2,3
0.3,3200,7,2612.0,0.78564,2,3
0.3,3200,7,3137.0,0.98337,1,2
0.3,3200,7,3859.0,0.9854,1,2
0.3,3200,7,2123.0,0.99474,1,2
0.3,3200,7,1958.0,0.99972,1,2
0.3,3200,7,3944.0,0.99978,1,2
0.3,3200,7,3772.0,0.99785,1,2
0.3,3200,7,2530.0,0.99756,1,2
0.3,3200,7,3948.0,0.99123,1,2
0.3,3200,7,-1.0,0.41584,0,0
0.3,3200,7,-1.0,0.41584,0,0
0.3,3200,7,-1.0,0.0,0,0
0.3,3200,12,3830.0,0.99123,4,5
0.3,3200,12,3304.0,0.9776,5,6
0.3,3200,12,3748.0,1.0,4,5
0.3,3200,12,2054.0,0.9892,4,5
0.3,3200,12,2690.0,0.85392,5,6
0.3,3200,12,3203.0,0.99895,5,6
0.3,3200,12,3555.0,0.99999,4,5
0.3,3200,12,3426.0,0.99991,4,5
0.3,3200,12,3648.0,0.87514,4,5
0.3,3200,12,3408.0,0.99785,3,4
0.3,3200,12,3511.0,0.9887,2,3
0.3,3200,12,3433.0,0.99864,2,3
0.3,3200,12,2344.0,0.99998,3,4
0.3,3200,12,3378.0,0.99993,4,5
0.3,3200,12,4094.0,0.99867,2,3
0.3,3200,12,4606.0,0.78565,2,3
0.3,3200,12,3303.0,0.98709,2,3
0.3,3200,12,2614.0,0.965,2,3
0.3,3200,12,2245.0,0.99995,2,3
0.3,3200,12,3545.0,0.99976,2,3
0.3,3200,12,4824.0,0.99998,1,2
0.3,3200,12,2613.0,0.99972,3,4
0.3,3200,12,1533.0,0.99968,2,3
0.3,3200,12,3411.0,1.0,2,3
0.3,3200,12,1940.0,0.93209,2,3
0.3,3200,12,1765.0,0.98866,3,4
0.3,3200,12,3500.0,0.9663,2,3
0.3,3200,12,5430.0,0.98503,1,2
0.3,3200,12,2215.0,0.98553,2,3
0.3,3200,12,1912.0,0.99002,2,3
0.3,3200,12,3481.0,0.99396,2,3
0.3,3200,12,4470.0,0.98857,1,2
0.3,3200,12,2662.0,0.9756,2,3
0.3,3200,12,2108.0,0.99912,1,2
0.3,3200,15,3587.0,0.0,4,5
0.3,3200,15,3508.0,0.0,5,6
0.3,3200,15,3212.0,0.0,7,8
0.3,3200,15,2083.0,0.0,4,5
0.3,3200,15,2912.0,0.0,3,4
0.3,3200,15,3867.0,0.0,3,4
0.3,3200,15,4049.0,0.0,1,2
0.3,3200,15,4307.0,0.0,2,3
0.3,3200,15,2126.0,0.0,1,2
0.3,3200,15,-1.0,0.0,0,0
0.3,3200,15,-1.0,0.0,0,0
0.3,3200,15,-1.0,0.0,0,0
0.3,3200,15,-1.0,0.0,0,0
0.3,3200,15,-1.0,0.0,0,0
0.3,3200,15,-1.0,0.0,0,0
0.3,3200,15,-1.0,0.0,0,0
0.3,3200,15,-1.0,0.0,0,0
0.3,3200,15,-1.0,0.0,0,0
0.3,3200,15,-1.0,0.0,0,0
0.3,3200,15,-1.0,0.0,0,0
0.3,3200,13,2641.0,0.99981,5,6
0.3,3200,13,1678.0,0.47477,7,8
0.3,3200,13,2649.0,0.99997,5,6
0.3,3200,13,3238.0,0.99887,4,5
0.3,3200,13,3800.0,0.59383,5,6
0.3,3200,13,4061.0,0.98537,5,6
0.3,3200,13,5055.0,0.32271,5,6
0.3,3200,13,2769.0,0.87145,3,4
0.3,3200,13,3301.0,0.99989,4,5
0.3,3200,13,3943.0,0.83401,3,4
0.3,3200,13,2957.0,0.99985,2,3
0.3,3200,13,2393.0,0.99474,3,4
0.3,3200,13,4042.0,0.9124,4,5
0.3,3200,13,2995.0,0.999,3,4
0.3,3200,13,2549.0,0.64254,3,4
0.3,3200,13,4071.0,0.68546,2,3
0.3,3200,13,2286.0,0.99993,2,3
0.3,3200,13,4939.0,0.87146,3,4
0.3,3200,13,2996.0,0.99992,2,3
0.3,3200,13,2713.0,0.99981,2,3
0.3,3200,13,3670.0,0.99959,2,3
0.3,3200,13,3716.0,0.9642,2,3
0.3,3200,13,4136.0,0.999,1,2
0.3,3200,13,4118.0,0.99228,2,3
0.3,3200,13,2492.0,0.91239,2,3
0.3,3200,13,2914.0,1.0,1,2
0.3,3200,13,3618.0,0.81137,3,4
0.3,3200,13,2508.0,0.99999,2,3
0.3,3200,13,4035.0,0.95377,2,3
0.3,3200,13,2833.0,0.7232,3,4
0.3,3200,13,2509.0,0.99912,1,2
0.3,3200,13,2687.0,0.72319,2,3
0.3,3200,13,1895.0,0.40354,3,4
0.3,3200,13,2601.0,0.99997,1,2
0.3,3200,13,-1.0,0.24566,0,0
0.3,3200,13,-1.0,0.24566,0,0
0.3,3200,13,-1.0,0.1428,0,0
0.3,3200,14,2602.0,0.85392,6,7
0.3,3200,14,3666.0,0.99999,4,5
0.3,3200,14,2196.0,0.26424,6,7
0.3,3200,14,2060.0,0.93214,4,5
0.3,3200,14,2141.0,0.99871,4,5
0.3,3200,14,2010.0,0.99474,4,5
0.3,3200,14,2503.0,0.99641,4,5
0.3,3200,14,4141.0,0.99972,2,3
0.3,3200,14,3115.0,0.99998,2,3
0.3,3200,14,4346.0,0.72321,4,5
0.3,3200,14,3467.0,0.99968,2,3
0.3,3200,14,4363.0,0.92291,3,4
0.3,3200,14,4173.0,0.99992,1,2
0.3,3200,14,4076.0,0.99402,2,3
0.3,3200,14,2109.0,0.26418,3,4
0.3,3200,14,1624.0,0.97223,2,3
0.3,3200,14,4175.0,0.3,2,3
0.3,3200,14,2810.0,0.99912,2,3
0.3,3200,14,2652.0,0.99959,2,3
0.3,3200,14,4098.0,0.98713,1,2
0.3,3200,14,-1.0,1.0,0,0
0.3,3200,14,3382.0,0.87146,2,3
0.3,3200,14,1849.0,0.9386,2,3
0.3,3200,14,2877.0,0.99871,1,2
0.3,3200,14,3326.0,0.99684,1,2
0.3,3200,14,4443.0,0.99785,1,2
0.3,3200,14,2596.0,0.53841,1,2
0.3,3200,14,2940.0,0.99684,1,2
0.3,3200,14,2985.0,0.99593,1,2
0.3,3200,14,2232.0,0.99641,1,2
0.3,3200,14,3645.0,0.99402,1,2
0.3,3200,14,-1.0,1.0,0,0
0.3,3200,14,-1.0,0.99996,0,0
0.3,3200,14,3718.0,0.98867,1,2
0.3,3200,14,-1.0,0.33618,0,0
0.3,3200,14,-1.0,0.06,0,0
0.3,3200,14,-1.0,0.0,0,0
0.3,3200,14,-1.0,0.0,0,0
0.3,3200,16,3839.0,0.99321,6,7
0.3,3200,16,4568.0,0.99959,4,5
0.3,3200,16,3275.0,0.9124,4,5
0.3,3200,16,2661.0,0.94746,4,5
0.3,3200,16,2267.0,0.99964,3,4
0.3,3200,16,2736.0,0.99995,3,4
0.3,3200,16,2206.0,0.83397,3,4
0.3,3200,16,2957.0,0.99474,2,3
0.3,3200,16,2654.0,0.99641,2,3
0.3,3200,16,2212.0,0.64248,2,3
0.3,3200,16,2270.0,0.99994,2,3
0.3,3200,16,2877.0,0.99722,2,3
0.3,3200,16,4494.0,0.47551,2,3
0.3,3200,16,3749.0,0.99402,2,3
0.3,3200,16,3466.0,0.23232,2,3
0.3,3200,16,-1.0,0.99998,0,0
0.3,3200,16,2969.0,0.9999,1,2
0.3,3200,16,2836.0,0.81137,2,3
0.3,3200,16,4461.0,0.99474,1,2
0.3,3200,16,1674.0,0.83378,3,4
0.3,3200,16,2102.0,0.59369,2,3
0.3,3200,16,1910.0,0.92286,2,3
0.3,3200,16,2413.0,0.99912,1,2
0.3,3200,16,3135.0,0.4755,1,2
0.3,3200,16,-1.0,1.0,0,0
0.3,3200,16,2383.0,0.99756,1,2
0.3,3200,16,2980.0,0.9642,1,2
0.3,3200,16,3020.0,0.9124,1,2
0.3,3200,16,4791.0,0.59383,1,2
0.3,3200,16,3292.0,0.88688,1,2
0.3,3200,16,-1.0,0.99998,0,0
0.3,3200,16,-1.0,0.97853,0,0
0.3,3200,16,-1.0,0.95377,0,0
0.3,3200,16,-1.0,0.99972,0,0
0.3,3200,16,2736.0,0.7232,1,2
0.3,3200,16,-1.0,0.33618,0,0
0.3,3200,16,-1.0,0.24566,0,0
0.3,3200,16,-1.0,0.0,0,0
0.3,6400,0,5922.0,0.99402,2,3
0.3,6400,0,3898.0,1.0,2,3
0.3,6400,0,4811.0,0.99977,2,3
0.3,6400,0,6751.0,1.0,1,2
0.3,6400,0,6662.0,0.99976,1,2
0.3,6400,0,4954.0,0.99996,1,2
0.3,6400,0,-1.0,0.99887,0,0
0.3,6400,0,3838.0,0.999,1,2
0.3,6400,0,-1.0,0.87125,0,0
0.3,6400,0,-1.0,0.99969,0,0
0.3,6400,0,-1.0,0.99923,0,0
0.3,6400,0,-1.0,0.99923,0,0
0.3,6400,0,-1.0,1.0,0,0
0.3,6400,0,-1.0,1.0,0,0
0.3,6400,0,-1.0,1.0,0,0
0.3,6400,0,-1.0,1.0,0,0
0.3,6400,0,-1.0,0.99945,0,0
0.3,6400,0,-1.0,0.99994,0,0
0.3,6400,0,-1.0,0.99995,0,0
0.3,6400,0,-1.0,0.99973,0,0
0.3,6400,0,-1.0,0.99944,0,0
0.3,6400,0,-1.0,0.99902,0,0
0.3,6400,0,-1.0,0.99889,0,0
0.3,6400,0,-1.0,0.99874,0,0
0.3,6400,0,-1.0,0.99837,0,0
0.3,6400,0,-1.0,0.9914,0,0
0.3,6400,0,-1.0,0.8371,0,0
0.3,3200,17,4274.0,0.3227,4,5
0.3,3200,17,2159.0,0.99474,5,6
0.3,3200,17,4070.0,0.99947,3,4
0.3,3200,17,4995.0,0.99992,4,5
0.3,3200,17,1275.0,0.78442,4,5
0.3,3200,17,2271.0,0.99947,4,5
0.3,3200,17,3112.0,0.9403,3,4
0.3,3200,17,4451.0,0.99535,3,4
0.3,3200,17,1808.0,0.99998,3,4
0.3,3200,17,3773.0,0.81136,3,4
0.3,3200,17,3746.0,0.97226,2,3
0.3,3200,17,3011.0,0.99989,2,3
0.3,3200,17,2580.0,0.99871,2,3
0.3,3200,17,4280.0,0.99998,1,2
0.3,3200,17,3417.0,0.29999,2,3
0.3,3200,17,2521.0,0.99985,2,3
0.3,3200,17,3615.0,0.64256,3,4
0.3,3200,17,2938.0,0.99472,2,3
0.3,3200,17,2387.0,0.97227,2,3
0.3,3200,17,2228.0,0.53832,2,3
0.3,3200,17,2596.0,0.99833,1,2
0.3,3200,17,3815.0,0.94029,1,2
0.3,3200,17,5412.0,0.68545,1,2
0.3,3200,17,2845.0,0.97852,2,3
0.3,3200,17,4646.0,0.85391,1,2
0.3,3200,17,4738.0,0.3,1,2
0.3,3200,17,3396.0,0.9403,1,2
0.3,3200,17,-1.0,0.99998,0,0
0.3,3200,17,3031.0,0.99753,1,2
0.3,3200,17,-1.0,0.99996,0,0
0.3,3200,17,4318.0,0.83401,1,2
0.3,3200,17,4135.0,0.75642,1,2
0.3,3200,17,2546.0,0.59379,1,2
0.3,3200,17,4319.0,0.53844,1,2
0.3,3200,17,3247.0,0.99964,1,2
0.3,3200,17,1372.0,0.98708,1,2
0.3,3200,17,-1.0,0.06,0,0
0.3,3200,17,-1.0,0.0,0,0
0.3,3200,17,-1.0,0.0,0,0
0.3,3200,21,3001.0,0.99228,5,6
0.3,3200,21,3843.0,0.99123,3,4
0.3,3200,21,5487.0,0.99989,2,3
0.3,3200,21,4594.0,0.99123,2,3
0.3,3200,21,4400.0,0.72321,2,3
0.3,3200,21,2175.0,0.78559,3,4
0.3,3200,21,3964.0,0.99968,1,2
0.3,3200,21,4265.0,0.72321,1,2
0.3,3200,21,3199.0,0.99947,1,2
0.3,3200,21,-1.0,1.0,0,0
0.3,3200,21,2881.0,0.99983,1,2
0.3,3200,21,3360.0,0.99964,1,2
0.3,3200,21,2048.0,0.94745,1,2
0.3,3200,21,2738.0,0.26396,1,2
0.3,3200,21,-1.0,0.99954,0,0
0.3,3200,21,-1.0,0.98111,0,0
0.3,3200,21,2839.0,0.53843,1,2
0.3,3200,21,-1.0,1.0,0,0
0.3,3200,21,-1.0,0.99995,0,0
0.3,3200,21,-1.0,1.0,0,0
0.3,3200,21,-1.0,0.99985,0,0
0.3,3200,21,-1.0,0.98537,0,0
0.3,3200,21,-1.0,0.59383,0,0
0.3,3200,21,-1.0,0.4755,0,0
0.3,3200,21,-1.0,0.92289,0,0
0.3,3200,21,-1.0,0.99993,0,0
0.3,3200,21,-1.0,0.94744,0,0
0.3,3200,21,-1.0,0.93211,0,0
0.3,3200,21,-1.0,0.95372,0,0
0.3,3200,21,-1.0,0.53838,0,0
0.3,3200,21,-1.0,0.99976,0,0
0.3,3200,21,-1.0,0.23223,0,0
0.3,3200,21,-1.0,0.87134,0,0
0.3,3200,21,-1.0,0.47535,0,0
0.3,3200,21,-1.0,0.99941,0,0
0.3,3200,21,-1.0,0.33618,0,0
0.3,3200,21,-1.0,0.24566,0,0
0.3,3200,21,-1.0,0.0,0,0
0.3,3200,21,-1.0,0.0,0,0
0.3,6400,2,7138.0,0.64257,2,3
0.3,6400,2,6597.0,0.75642,2,3
0.3,6400,2,5819.0,0.78545,2,3
0.3,6400,2,4931.0,0.85387,2,3
0.3,6400,2,4201.0,1.0,2,3
0.3,6400,2,-1.0,1.0,0,0
0.3,6400,2,7301.0,0.97228,1,2
0.3,6400,2,-1.0,0.99998,0,0
0.3,6400,2,5913.0,0.98685,1,2
0.3,6400,2,-1.0,0.99993,0,0
0.3,6400,2,-1.0,0.98337,0,0
0.3,6400,2,-1.0,1.0,0,0
0.3,6400,2,-1.0,0.99954,0,0
0.3,6400,2,-1.0,0.99983,0,0
0.3,6400,2,-1.0,0.26444,0,0
0.3,6400,2,-1.0,0.99537,0,0
0.3,6400,2,-1.0,0.99377,0,0
0.3,6400,2,-1.0,0.99996,0,0
0.3,6400,2,-1.0,1.0,0,0
0.3,6400,2,-1.0,1.0,0,0
0.3,6400,2,-1.0,0.99998,0,0
0.3,6400,2,-1.0,0.99992,0,0
0.3,6400,2,-1.0,0.99941,0,0
0.3,6400,2,-1.0,0.99334,0,0
0.3,6400,2,-1.0,0.99214,0,0
0.3,6400,2,-1.0,0.98128,0,0
0.3,6400,2,-1.0,0.97609,0,0
0.3,6400,2,-1.0,0.96013,0,0
0.3,6400,2,-1.0,0.78987,0,0
0.3,6400,2,-1.0,0.69145,0,0
0.3,6400,2,-1.0,0.64968,0,0
0.3,6400,2,-1.0,0.48594,0,0
0.3,6400,2,-1.0,0.06,0,0
0.3,6400,1,6951.0,0.99996,2,3
0.3,6400,1,6423.0,0.99976,1,2
0.3,6400,1,5071.0,0.91011,1,2
0.3,6400,1,6054.0,1.0,1,2
0.3,6400,1,4294.0,0.99912,2,3
0.3,6400,1,7282.0,0.75642,2,3
0.3,6400,1,-1.0,1.0,0,0
0.3,6400,1,7459.0,0.9124,1,2
0.3,6400,1,-1.0,0.99996,0,0
0.3,6400,1,-1.0,0.98311,0,0
0.3,6400,1,-1.0,1.0,0,0
0.3,6400,1,-1.0,1.0,0,0
0.3,6400,1,-1.0,0.99999,0,0
0.3,6400,1,-1.0,1.0,0,0
0.3,6400,1,-1.0,1.0,0,0
0.3,6400,1,-1.0,1.0,0,0
0.3,6400,1,-1.0,1.0,0,0
0.3,6400,1,-1.0,0.99023,0,0
0.3,6400,1,-1.0,0.97582,0,0
0.3,6400,1,-1.0,0.99833,0,0
0.3,6400,1,-1.0,0.99593,0,0
0.3,6400,1,-1.0,1.0,0,0
0.3,6400,1,-1.0,0.99402,0,0
0.3,6400,1,-1.0,1.0,0,0
0.3,6400,1,-1.0,0.99998,0,0
0.3,6400,1,-1.0,0.99995,0,0
0.3,6400,1,-1.0,0.99995,0,0
0.3,6400,1,-1.0,0.99965,0,0
0.3,6400,1,-1.0,0.99874,0,0
0.3,6400,1,-1.0,0.99761,0,0
0.3,6400,1,-1.0,0.99414,0,0
0.3,6400,1,-1.0,0.9914,0,0
0.3,6400,1,-1.0,0.88913,0,0
0.3,6400,1,-1.0,0.64968,0,0
0.3,3200,18,2905.0,0.87145,5,6
0.3,3200,18,4456.0,0.999,4,5
0.3,3200,18,4123.0,0.26444,3,4
0.3,3200,18,4579.0,0.999,4,5
0.3,3200,18,2443.0,1.0,4,5
0.3,3200,18,1311.0,0.96836,4,5
0.3,3200,18,2853.0,0.93216,3,4
0.3,3200,18,3968.0,0.99964,3,4
0.3,3200,18,3385.0,0.9994,2,3
0.3,3200,18,2532.0,0.99123,3,4
0.3,3200,18,2902.0,0.99985,2,3
0.3,3200,18,1965.0,0.68528,3,4
0.3,3200,18,2285.0,0.99992,2,3
0.3,3200,18,2626.0,0.5938,2,3
0.3,3200,18,2716.0,0.99887,2,3
0.3,3200,18,1658.0,0.99968,2,3
0.3,3200,18,3120.0,0.97853,2,3
0.3,3200,18,3824.0,0.99954,1,2
0.3,3200,18,3259.0,0.99981,1,2
0.3,3200,18,2821.0,0.81137,1,2
0.3,3200,18,3410.0,0.99321,1,2
0.3,3200,18,1908.0,0.99999,1,2
0.3,3200,18,3648.0,0.32271,2,3
0.3,3200,18,1716.0,0.9932,2,3
0.3,3200,18,2697.0,0.99537,1,2
0.3,3200,18,3013.0,0.99811,1,2
0.3,3200,18,2122.0,0.99756,1,2
0.3,3200,18,1599.0,0.87122,2,3
0.3,3200,18,2529.0,0.99968,1,2
0.3,3200,18,2644.0,0.64255,1,2
0.3,3200,18,-1.0,0.95932,0,0
0.3,3200,18,-1.0,0.99998,0,0
0.3,3200,18,1709.0,0.99227,1,2
0.3,3200,18,-1.0,0.99999,0,0
0.3,3200,18,-1.0,0.1428,0,0
0.3,3200,18,-1.0,0.0,0,0
0.3,3200,20,2623.0,0.98712,5,6
0.3,3200,20,2398.0,0.99968,4,5
0.3,3200,20,4534.0,0.90046,5,6
0.3,3200,20,1787.0,0.99959,3,4
0.3,3200,20,5353.0,0.99537,2,3
0.3,3200,20,2120.0,0.96849,4,5
0.3,3200,20,2168.0,0.99402,3,4
0.3,3200,20,3523.0,0.98867,2,3
0.3,3200,20,3026.0,0.99722,2,3
0.3,3200,20,3188.0,0.96419,2,3
0.3,3200,20,2150.0,0.59371,2,3
0.3,3200,20,3469.0,0.95932,2,3
0.3,3200,20,6233.0,0.95377,1,2
0.3,3200,20,2792.0,0.99833,2,3
0.3,3200,20,3378.0,1.0,1,2
0.3,3200,20,3641.0,0.99989,1,2
0.3,3200,20,2841.0,0.834,2,3
0.3,3200,20,2018.0,0.23188,2,3
0.3,3200,20,2371.0,0.99932,2,3
0.3,3200,20,3898.0,0.99593,1,2
0.3,3200,20,-1.0,0.99995,0,0
0.3,3200,20,3517.0,0.72321,1,2
0.3,3200,20,3783.0,0.88688,1,2
0.3,3200,20,1962.0,0.99981,1,2
0.3,3200,20,2303.0,0.53835,2,3
0.3,3200,20,2314.0,0.99811,1,2
0.3,3200,20,3552.0,0.9124,1,2
0.3,3200,20,3134.0,0.92291,1,2
0.3,3200,20,4116.0,0.23232,1,2
0.3,3200,20,2549.0,0.78563,1,2
0.3,3200,20,2602.0,0.99402,1,2
0.3,3200,20,2018.0,0.72309,1,2
0.3,3200,20,-1.0,0.9756,0,0
0.3,3200,20,-1.0,0.95377,0,0
0.3,3200,20,-1.0,0.33618,0,0
0.3,3200,20,-1.0,0.0,0,0
0.3,3200,20,-1.0,0.0,0,0
0.3,6400,3,5752.0,0.0,1,2
0.3,6400,3,9637.0,0.9756,2,3
0.3,6400,3,7967.0,0.0,1,2
0.3,6400,3,6889.0,0.0,1,2
0.3,6400,3,6131.0,0.0,1,2
0.3,6400,3,3876.0,0.0,2,3
0.3,6400,3,7058.0,0.0,1,2
0.3,6400,3,9677.0,0.264,1,2
0.3,6400,3,-1.0,1.0,0,0
0.3,6400,3,-1.0,0.94747,0,0
0.3,6400,3,-1.0,0.0,0,0
0.3,6400,3,-1.0,0.13335,0,0
0.3,6400,3,-1.0,1.0,0,0
0.3,6400,3,-1.0,0.0,0,0
0.3,6400,3,-1.0,0.96491,0,0
0.3,6400,3,-1.0,0.92445,0,0
0.3,6400,3,-1.0,0.0,0,0
0.3,6400,3,-1.0,0.0,0,0
0.3,6400,4,5999.0,0.99969,2,3
0.3,6400,4,6960.0,0.64257,2,3
0.3,6400,4,8609.0,0.40916,2,3
0.3,6400,4,4466.0,1.0,1,2
0.3,6400,4,-1.0,0.99982,0,0
0.3,6400,4,6268.0,0.66498,1,2
0.3,6400,4,6552.0,0.99985,1,2
0.3,6400,4,-1.0,1.0,0,0
0.3,6400,4,5639.0,0.26437,1,2
0.3,6400,4,-1.0,0.55526,0,0
0.3,6400,4,-1.0,0.99981,0,0
0.3,6400,4,4186.0,0.5956,1,2
0.3,6400,4,-1.0,1.0,0,0
0.3,6400,4,-1.0,0.6082,0,0
0.3,6400,4,-1.0,1.0,0,0
0.3,6400,4,-1.0,0.98111,0,0
0.3,6400,4,-1.0,0.98982,0,0
0.3,6400,4,-1.0,0.9997,0,0
0.3,6400,4,-1.0,0.39809,0,0
0.3,6400,4,-1.0,1.0,0,0
0.3,6400,4,-1.0,0.92569,0,0
0.3,6400,4,-1.0,0.99968,0,0
0.3,6400,4,-1.0,0.5406,0,0
0.3,6400,4,-1.0,0.99981,0,0
0.3,6400,4,-1.0,0.99973,0,0
0.3,6400,4,-1.0,0.98725,0,0
0.3,6400,4,-1.0,0.97283,0,0
0.3,6400,4,-1.0,0.48594,0,0
0.3,6400,4,-1.0,0.05998,0,0
0.3,3200,22,1856.0,0.98336,5,6
0.3,3200,22,2350.0,0.53837,6,7
0.3,3200,22,3119.0,0.23231,5,6
0.3,3200,22,3345.0,0.3227,3,4
0.3,3200,22,3437.0,0.99972,3,4
0.3,3200,22,2901.0,0.99887,3,4
0.3,3200,22,2723.0,0.88688,3,4
0.3,3200,22,3027.0,0.40397,3,4
0.3,3200,22,2741.0,0.99853,3,4
0.3,3200,22,3337.0,0.26444,3,4
0.3,3200,22,2272.0,0.99993,2,3
0.3,3200,22,2849.0,0.98712,2,3
0.3,3200,22,4224.0,0.83401,2,3
0.3,3200,22,2632.0,0.9403,2,3
0.3,3200,22,3319.0,0.40398,3,4
0.3,3200,22,2227.0,0.99972,2,3
0.3,3200,22,4054.0,0.9124,2,3
0.3,3200,22,2981.0,0.88688,2,3
0.3,3200,22,4865.0,0.94747,1,2
0.3,3200,22,2746.0,0.99003,2,3
0.3,3200,22,4883.0,0.99641,1,2
0.3,3200,22,4023.0,0.99987,1,2
0.3,3200,22,3351.0,0.9994,1,2
0.3,3200,22,1980.0,0.99999,1,2
0.3,3200,22,1938.0,0.99932,1,2
0.3,3200,22,3124.0,0.99912,1,2
0.3,3200,22,3737.0,0.97228,1,2
0.3,3200,22,2427.0,0.98867,1,2
0.3,3200,22,4141.0,0.98337,1,2
0.3,3200,22,2358.0,0.99402,1,2
0.3,3200,22,2330.0,0.99871,1,2
0.3,3200,22,2930.0,0.99811,1,2
0.3,3200,22,2465.0,0.9229,2,3
0.3,3200,22,2835.0,0.98537,1,2
0.3,3200,22,-1.0,0.33618,0,0
0.3,3200,22,-1.0,0.24566,0,0
0.3,3200,22,-1.0,0.24566,0,0
0.3,3200,22,-1.0,0.1428,0,0
0.3,3200,22,-1.0,0.0,0,0
0.3,3200,22,-1.0,0.0,0,0
0.3,3200,19,3321.0,0.90046,6,7
0.3,3200,19,2643.0,0.99853,5,6
0.3,3200,19,1565.0,0.99985,4,5
0.3,3200,19,3731.0,0.9996,4,5
0.3,3200,19,2392.0,0.9756,4,5
0.3,3200,19,2580.0,0.99998,4,5
0.3,3200,19,2453.0,0.83386,4,5
0.3,3200,19,2517.0,0.93195,4,5
0.3,3200,19,2402.0,0.99722,4,5
0.3,3200,19,3265.0,0.99402,3,4
0.3,3200,19,1794.0,0.99227,4,5
0.3,3200,19,2898.0,0.99976,3,4
0.3,3200,19,4964.0,0.97228,3,4
0.3,3200,19,4337.0,0.99896,2,3
0.3,3200,19,2222.0,0.99932,3,4
0.3,3200,19,1854.0,0.99722,3,4
0.3,3200,19,2981.0,0.99917,2,3
0.3,3200,19,2901.0,0.99123,3,4
0.3,3200,19,4173.0,0.98867,2,3
0.3,3200,19,1570.0,0.96413,3,4
0.3,3200,19,2294.0,0.85379,2,3
0.3,3200,19,2243.0,0.99947,3,4
0.3,3200,19,2873.0,0.99741,2,3
0.3,3200,19,3400.0,0.9978,2,3
0.3,3200,19,1797.0,0.99537,2,3
0.3,3200,19,4021.0,0.26444,2,3
0.3,3200,19,2647.0,0.9985,2,3
0.3,3200,19,2054.0,0.9932,2,3
0.3,3200,19,2528.0,0.68543,2,3
0.3,3200,19,3585.0,0.99722,2,3
0.3,3200,19,4038.0,0.88688,2,3
0.3,3200,19,3362.0,0.99537,2,3
0.3,3200,19,3121.0,0.99967,1,2
0.3,3200,19,-1.0,0.54763,0,0
0.3,3200,19,-1.0,0.06,0,0
0.3,3200,24,2193.0,0.99964,5,6
0.3,3200,24,3343.0,0.95932,6,7
0.3,3200,24,2557.0,0.99996,4,5
0.3,3200,24,1659.0,0.99718,3,4
0.3,3200,24,3882.0,0.64257,4,5
0.3,3200,24,2321.0,0.72316,4,5
0.3,3200,24,3634.0,0.68546,4,5
0.3,3200,24,3691.0,0.99751,3,4
0.3,3200,24,3142.0,0.9685,3,4
0.3,3200,24,3283.0,0.9124,3,4
0.3,3200,24,3308.0,0.99003,2,3
0.3,3200,24,1302.0,0.94719,3,4
0.3,3200,24,5812.0,0.87142,2,3
0.3,3200,24,4714.0,0.99999,1,2
0.3,3200,24,3412.0,0.85393,2,3
0.3,3200,24,3674.0,0.99833,2,3
0.3,3200,24,3748.0,0.99755,1,2
0.3,3200,24,2586.0,0.23226,2,3
0.3,3200,24,1795.0,0.90031,2,3
0.3,3200,24,3013.0,0.99996,1,2
0.3,3200,24,5014.0,0.99975,1,2
0.3,3200,24,4194.0,0.90046,1,2
0.3,3200,24,3814.0,0.99994,1,2
0.3,3200,24,1213.0,0.99959,1,2
0.3,3200,24,4275.0,0.95377,1,2
0.3,3200,24,2328.0,0.99846,1,2
0.3,3200,24,3158.0,0.99756,1,2
0.3,3200,24,2722.0,0.99959,1,2
0.3,3200,24,2108.0,0.40375,2,3
0.3,3200,24,2587.0,0.2999,2,3
0.3,3200,24,2854.0,0.95371,2,3
0.3,3200,24,-1.0,1.0,0,0
0.3,3200,24,2652.0,0.97853,1,2
0.3,3200,24,2417.0,0.999,1,2
0.3,3200,24,-1.0,0.99992,0,0
0.3,3200,24,-1.0,0.1428,0,0
0.3,3200,24,-1.0,0.0,0,0
0.3,3200,24,-1.0,0.0,0,0
0.3,6400,5,4846.0,0.0,2,3
0.3,6400,5,4303.0,0.0,3,4
0.3,6400,5,4448.0,0.0,2,3
0.3,6400,5,8353.0,0.0,2,3
0.3,6400,5,7542.0,0.0,1,2
0.3,6400,5,9165.0,0.0,1,2
0.3,6400,5,5880.0,0.0,2,3
0.3,6400,5,4573.0,0.0,1,2
0.3,6400,5,-1.0,0.0,0,0
0.3,6400,5,-1.0,0.0,0,0
0.3,6400,5,-1.0,0.0,0,0
0.3,6400,5,-1.0,0.0,0,0
0.3,6400,5,-1.0,0.0,0,0
0.3,6400,5,-1.0,0.0,0,0
0.3,6400,5,-1.0,0.0,0,0
0.3,6400,5,-1.0,0.0,0,0
0.3,6400,5,-1.0,0.0,0,0
0.3,6400,5,-1.0,0.0,0,0
0.3,6400,5,-1.0,0.0,0,0
0.3,6400,5,-1.0,0.0,0,0
0.3,3200,23,2324.0,0.99849,5,6
0.3,3200,23,3228.0,0.98713,5,6
0.3,3200,23,2263.0,0.81133,6,7
0.3,3200,23,3673.0,0.99865,5,6
0.3,3200,23,4134.0,0.99993,3,4
0.3,3200,23,3330.0,0.9403,4,5
0.3,3200,23,2694.0,0.85388,5,6
0.3,3200,23,2628.0,0.99895,3,4
0.3,3200,23,2256.0,0.75637,3,4
0.3,3200,23,2888.0,0.99923,3,4
0.3,3200,23,3021.0,0.99999,3,4
0.3,3200,23,2612.0,0.99908,3,4
0.3,3200,23,4383.0,0.83401,2,3
0.3,3200,23,3283.0,0.88684,3,4
0.3,3200,23,4555.0,0.59383,2,3
0.3,3200,23,2438.0,0.99927,3,4
0.3,3200,23,1573.0,0.88661,4,5
0.3,3200,23,3566.0,0.59383,3,4
0.3,3200,23,3357.0,0.99996,1,2
0.3,3200,23,4546.0,0.3,2,3
0.3,3200,23,2916.0,0.99947,2,3
0.3,3200,23,2947.0,0.53843,3,4
0.3,3200,23,4454.0,0.99994,1,2
0.3,3200,23,5146.0,0.99988,1,2
0.3,3200,23,2244.0,0.99999,1,2
0.3,3200,23,2250.0,0.75637,2,3
0.3,3200,23,2416.0,0.94742,2,3
0.3,3200,23,2949.0,0.96846,2,3
0.3,3200,23,2366.0,0.53834,3,4
0.3,3200,23,3033.0,0.99992,1,2
0.3,3200,23,2713.0,0.88688,2,3
0.3,3200,23,3124.0,0.99003,2,3
0.3,3200,23,2063.0,0.99989,2,3
0.3,3200,23,3224.0,0.98701,1,2
0.3,3200,23,-1.0,0.33616,0,0
0.3,3200,23,-1.0,0.0,0,0
0.3,6400,6,5855.0,0.9999,2,3
0.3,6400,6,7446.0,0.99871,1,2
0.3,6400,6,5006.0,0.99986,2,3
0.3,6400,6,5300.0,0.99995,1,2
0.3,6400,6,7962.0,0.96845,1,2
0.3,6400,6,6483.0,0.97228,1,2
0.3,6400,6,-1.0,0.72321,0,0
0.3,6400,6,-1.0,1.0,0,0
0.3,6400,6,-1.0,0.99994,0,0
0.3,6400,6,-1.0,0.99994,0,0
0.3,6400,6,-1.0,0.99999,0,0
0.3,6400,6,-1.0,0.99312,0,0
0.3,6400,6,-1.0,0.99991,0,0
0.3,6400,6,-1.0,0.95377,0,0
0.3,6400,6,-1.0,0.99992,0,0
0.3,6400,6,-1.0,0.64257,0,0
0.3,6400,6,-1.0,0.59383,0,0
0.3,6400,6,-1.0,0.99999,0,0
0.3,6400,6,-1.0,0.99988,0,0
0.3,6400,6,-1.0,0.99987,0,0
0.3,6400,6,-1.0,0.99986,0,0
0.3,6400,6,-1.0,0.99815,0,0
0.3,6400,6,-1.0,0.99018,0,0
0.3,6400,6,-1.0,0.96491,0,0
0.3,6400,6,-1.0,0.96006,0,0
0.3,6400,6,-1.0,0.94149,0,0
0.3,6400,6,-1.0,0.60191,0,0
0.3,6400,6,-1.0,0.48594,0,0
0.3,6400,6,-1.0,0.48594,0,0
0.3,6400,7,7553.0,0.99833,1,2
0.3,6400,7,5578.0,0.0,2,3
0.3,6400,7,5831.0,0.99996,1,2
0.3,6400,7,7541.0,1.0,1,2
0.3,6400,7,7575.0,1.0,1,2
0.3,6400,7,-1.0,1.0,0,0
0.3,6400,7,-1.0,0.93216,0,0
0.3,6400,7,-1.0,0.99997,0,0
0.3,6400,7,-1.0,1.0,0,0
0.3,6400,7,-1.0,0.99912,0,0
0.3,6400,7,-1.0,0.99997,0,0
0.3,6400,7,-1.0,0.99997,0,0
0.3,6400,7,-1.0,1.0,0,0
0.3,6400,7,-1.0,1.0,0,0
0.3,6400,7,-1.0,1.0,0,0
0.3,6400,7,-1.0,0.99874,0,0
0.3,6400,7,-1.0,0.99761,0,0
0.3,6400,7,-1.0,0.91414,0,0
0.3,6400,7,-1.0,0.0,0,0
0.3,6400,8,7635.0,1.0,1,2
0.3,6400,8,3731.0,0.0,2,3
0.3,6400,8,4256.0,1.0,2,3
0.3,6400,8,6346.0,0.0,1,2
0.3,6400,8,8481.0,0.0,2,3
0.3,6400,8,9294.0,0.0,1,2
0.3,6400,8,-1.0,1.0,0,0
0.3,6400,8,-1.0,1.0,0,0
0.3,6400,8,-1.0,0.81137,0,0
0.3,6400,8,-1.0,1.0,0,0
0.3,6400,8,-1.0,0.88688,0,0
0.3,6400,8,-1.0,1.0,0,0
0.3,6400,8,-1.0,0.0,0,0
0.3,6400,8,-1.0,0.0,0,0
0.3,6400,8,-1.0,0.0,0,0
0.3,6400,8,-1.0,0.87146,0,0
0.3,6400,8,-1.0,0.0,0,0
0.3,6400,8,-1.0,0.85683,0,0
0.3,6400,8,-1.0,0.83731,0,0
0.3,6400,8,-1.0,0.72871,0,0
0.3,6400,9,4934.0,0.0,1,2
0.3,6400,9,5905.0,0.0,2,3
0.3,6400,9,8966.0,0.0,2,3
0.3,6400,9,5407.0,1.0,1,2
0.3,6400,9,4990.0,1.0,1,2
0.3,6400,9,7126.0,1.0,1,2
0.3,6400,9,-1.0,0.99998,0,0
0.3,6400,9,-1.0,1.0,0,0
0.3,6400,9,-1.0,0.99912,0,0
0.3,6400,9,-1.0,0.99474,0,0
0.3,6400,9,-1.0,1.0,0,0
0.3,6400,9,-1.0,1.0,0,0
0.3,6400,9,-1.0,1.0,0,0
0.3,6400,9,-1.0,0.0,0,0
0.3,6400,9,-1.0,0.99998,0,0
0.3,6400,9,-1.0,0.99889,0,0
0.3,6400,9,-1.0,0.99334,0,0
0.3,6400,9,-1.0,0.0,0,0
0.3,6400,10,5423.0,0.0,3,4
0.3,6400,10,5449.0,0.0,2,3
0.3,6400,10,3437.0,1.0,2,3
0.3,6400,10,7135.0,1.0,1,2
0.3,6400,10,7933.0,0.0,1,2
0.3,6400,10,3861.0,0.99981,1,2
0.3,6400,10,-1.0,1.0,0,0
0.3,6400,10,-1.0,1.0,0,0
0.3,6400,10,-1.0,1.0,0,0
0.3,6400,10,-1.0,1.0,0,0
0.3,6400,10,-1.0,0.99321,0,0
0.3,6400,10,-1.0,1.0,0,0
0.3,6400,10,-1.0,0.99976,0,0
0.3,6400,10,-1.0,0.99023,0,0
0.3,6400,10,-1.0,0.0,0,0
0.3,6400,10,-1.0,0.0,0,0
0.3,6400,11,4755.0,0.0,2,3
0.3,6400,11,7838.0,0.0,1,2
0.3,6400,11,5299.0,0.0,2,3
0.3,6400,11,6892.0,0.81137,2,3
0.3,6400,11,4509.0,0.0,2,3
0.3,6400,11,7132.0,0.0,2,3
0.3,6400,11,6174.0,0.0,2,3
0.3,6400,11,3998.0,0.0,1,2
0.3,6400,11,-1.0,1.0,0,0
0.3,6400,11,4460.0,0.0,1,2
0.3,6400,11,-1.0,0.0,0,0
0.3,6400,11,-1.0,1.0,0,0
0.3,6400,11,-1.0,1.0,0,0
0.3,6400,11,-1.0,0.0,0,0
0.3,6400,11,-1.0,0.0,0,0
0.3,6400,11,-1.0,0.0,0,0
0.3,6400,11,-1.0,0.0,0,0
0.3,6400,11,-1.0,0.0,0,0
0.3,6400,11,-1.0,0.0,0,0
0.3,6400,11,-1.0,0.72871,0,0
0.3,6400,14,7285.0,0.99402,2,3
0.3,6400,14,6134.0,1.0,2,3
0.3,6400,14,9189.0,0.264,2,3
0.3,6400,14,8476.0,0.98337,1,2
0.3,6400,14,5101.0,0.99972,1,2
0.3,6400,14,-1.0,1.0,0,0
0.3,6400,14,-1.0,1.0,0,0
0.3,6400,14,-1.0,0.264,0,0
0.3,6400,14,-1.0,1.0,0,0
0.3,6400,14,3756.0,0.9124,1,2
0.3,6400,14,-1.0,0.47551,0,0
0.3,6400,14,-1.0,1.0,0,0
0.3,6400,14,-1.0,1.0,0,0
0.3,6400,14,-1.0,1.0,0,0
0.3,6400,14,-1.0,1.0,0,0
0.3,6400,14,-1.0,0.99999,0,0
0.3,6400,14,-1.0,0.99965,0,0
0.3,6400,14,-1.0,0.9914,0,0
0.3,6400,14,-1.0,0.97896,0,0
0.3,6400,14,-1.0,0.88913,0,0
0.3,6400,14,-1.0,0.33618,0,0
0.3,6400,14,-1.0,0.0,0,0
0.3,6400,14,-1.0,0.0,0,0
0.3,6400,12,5550.0,1.0,1,2
0.3,6400,12,5832.0,0.98911,1,2
0.3,6400,12,10298.0,0.75642,2,3
0.3,6400,12,6532.0,0.98948,1,2
0.3,6400,12,2688.0,0.99972,2,3
0.3,6400,12,6062.0,0.99993,2,3
0.3,6400,12,4098.0,1.0,1,2
0.3,6400,12,-1.0,0.99996,0,0
0.3,6400,12,1963.0,0.99143,2,3
0.3,6400,12,-1.0,0.98985,0,0
0.3,6400,12,4786.0,0.78565,1,2
0.3,6400,12,-1.0,0.99999,0,0
0.3,6400,12,-1.0,0.99756,0,0
0.3,6400,12,-1.0,0.99474,0,0
0.3,6400,12,-1.0,0.99221,0,0
0.3,6400,12,-1.0,0.99953,0,0
0.3,6400,12,-1.0,0.99987,0,0
0.3,6400,12,3284.0,0.87528,1,2
0.3,6400,12,-1.0,0.99887,0,0
0.3,6400,12,-1.0,1.0,0,0
0.3,6400,12,-1.0,1.0,0,0
0.3,6400,12,-1.0,0.99259,0,0
0.3,6400,12,-1.0,0.98947,0,0
0.3,6400,12,-1.0,1.0,0,0
0.3,6400,12,-1.0,0.99113,0,0
0.3,6400,12,-1.0,0.99998,0,0
0.3,6400,12,-1.0,0.99991,0,0
0.3,6400,12,-1.0,0.99498,0,0
0.3,6400,12,-1.0,0.99984,0,0
0.3,6400,12,-1.0,0.9996,0,0
0.3,6400,12,-1.0,0.99944,0,0
0.3,6400,12,-1.0,0.99837,0,0
0.3,6400,12,-1.0,0.98803,0,0
0.3,6400,12,-1.0,0.99691,0,0
0.3,6400,12,-1.0,0.99243,0,0
0.3,6400,13,5927.0,0.99999,2,3
0.3,6400,13,4004.0,1.0,2,3
0.3,6400,13,5797.0,0.999,2,3
0.3,6400,13,6078.0,0.9642,2,3
0.3,6400,13,6110.0,0.99785,1,2
0.3,6400,13,8577.0,0.23232,1,2
0.3,6400,13,4012.0,0.99912,2,3
0.3,6400,13,4661.0,0.95932,1,2
0.3,6400,13,-1.0,1.0,0,0
0.3,6400,13,-1.0,0.99999,0,0
0.3,6400,13,-1.0,1.0,0,0
0.3,6400,13,-1.0,0.9403,0,0
0.3,6400,13,-1.0,1.0,0,0
0.3,6400,13,-1.0,1.0,0,0
0.3,6400,13,-1.0,0.23232,0,0
0.3,6400,13,-1.0,1.0,0,0
0.3,6400,13,-1.0,1.0,0,0
0.3,6400,13,-1.0,0.68546,0,0
0.3,6400,13,-1.0,1.0,0,0
0.3,6400,13,-1.0,1.0,0,0
0.3,6400,13,-1.0,0.99999,0,0
0.3,6400,13,-1.0,0.99998,0,0
0.3,6400,13,-1.0,0.99874,0,0
0.3,6400,13,-1.0,0.99856,0,0
0.3,6400,13,-1.0,0.99728,0,0
0.3,6400,13,-1.0,0.94851,0,0
0.3,6400,13,-1.0,0.94851,0,0
0.3,6400,13,-1.0,0.91414,0,0
0.3,6400,13,-1.0,0.54763,0,0
0.3,6400,13,-1.0,0.0,0,0
0.3,6400,13,-1.0,0.0,0,0
0.3,6400,15,8256.0,0.0,1,2
0.3,6400,15,5414.0,0.0,2,3
0.3,6400,15,6415.0,0.0,1,2
0.3,6400,15,3984.0,0.0,2,3
0.3,6400,15,4570.0,0.0,3,4
0.3,6400,15,4097.0,0.0,1,2
0.3,6400,15,2774.0,0.0,3,4
0.3,6400,15,5948.0,0.0,2,3
0.3,6400,15,4200.0,0.0,2,3
0.3,6400,15,6730.0,0.0,1,2
0.3,6400,15,3964.0,0.0,1,2
0.3,6400,15,5242.0,0.0,1,2
0.3,6400,15,-1.0,0.0,0,0
0.3,6400,15,-1.0,0.0,0,0
0.3,6400,15,-1.0,0.0,0,0
0.3,6400,15,-1.0,0.0,0,0
0.3,6400,15,-1.0,0.0,0,0
0.3,6400,15,-1.0,0.0,0,0
0.3,6400,15,-1.0,0.0,0,0
0.3,6400,15,-1.0,0.0,0,0
0.3,6400,15,-1.0,0.0,0,0
0.3,6400,15,-1.0,0.0,0,0
0.3,6400,15,-1.0,0.0,0,0
0.3,6400,16,6375.0,0.16112,1,2
0.3,6400,16,5920.0,1.0,2,3
0.3,6400,16,4550.0,0.99998,3,4
0.3,6400,16,-1.0,1.0,0,0
0.3,6400,16,-1.0,1.0,0,0
0.3,6400,16,-1.0,0.29473,0,0
0.3,6400,16,2815.0,0.87145,1,2
0.3,6400,16,-1.0,0.99228,0,0
0.3,6400,16,-1.0,1.0,0,0
0.3,6400,16,-1.0,0.97853,0,0
0.3,6400,16,-1.0,1.0,0,0
0.3,6400,16,-1.0,0.5231,0,0
0.3,6400,16,-1.0,0.03257,0,0
0.3,6400,16,-1.0,1.0,0,0
0.3,6400,16,-1.0,0.99998,0,0
0.3,6400,16,-1.0,0.99997,0,0
0.3,6400,16,-1.0,0.9889,0,0
0.3,6400,16,-1.0,0.96912,0,0
0.3,6400,16,-1.0,0.83731,0,0
0.3,6400,17,6237.0,0.0,1,2
0.3,6400,17,-1.0,0.0,0,0
0.3,6400,17,3252.0,0.9991,3,4
0.3,6400,17,5246.0,0.0,1,2
0.3,6400,17,4022.0,1.0,2,3
0.3,6400,17,5432.0,0.32271,1,2
0.3,6400,17,-1.0,0.99999,0,0
0.3,6400,17,-1.0,0.99998,0,0
0.3,6400,17,-1.0,0.99003,0,0
0.3,6400,17,-1.0,0.81137,0,0
0.3,6400,17,-1.0,0.99998,0,0
0.3,6400,17,-1.0,0.99921,0,0
0.3,6400,17,-1.0,0.264,0,0
0.3,6400,17,-1.0,0.99886,0,0
0.3,6400,17,-1.0,0.99872,0,0
0.3,6400,17,-1.0,0.98566,0,0
0.3,6400,17,-1.0,0.72871,0,0
0.3,6400,17,-1.0,0.1428,0,0
0.3,6400,17,-1.0,0.0,0,0
0.3,6400,18,4680.0,0.99992,2,3
0.3,6400,18,7258.0,0.0,1,2
0.3,6400,18,5348.0,0.0,2,3
0.3,6400,18,5648.0,0.99993,2,3
0.3,6400,18,12108.0,0.0,1,2
0.3,6400,18,6503.0,0.99978,1,2
0.3,6400,18,5196.0,0.99968,1,2
0.3,6400,18,-1.0,1.0,0,0
0.3,6400,18,-1.0,0.999,0,0
0.3,6400,18,-1.0,0.99853,0,0
0.3,6400,18,-1.0,1.0,0,0
0.3,6400,18,-1.0,1.0,0,0
0.3,6400,18,-1.0,0.9999,0,0
0.3,6400,18,-1.0,0.99989,0,0
0.3,6400,18,-1.0,0.99969,0,0
0.3,6400,18,-1.0,0.99955,0,0
0.3,6400,18,-1.0,0.99856,0,0
0.3,6400,18,-1.0,0.99789,0,0
0.3,6400,18,-1.0,0.0,0,0
0.3,6400,19,8656.0,1.0,1,2
0.3,6400,19,5806.0,1.0,2,3
0.3,6400,19,6237.0,0.99947,2,3
0.3,6400,19,4800.0,0.99992,1,2
0.3,6400,19,-1.0,1.0,0,0
0.3,6400,19,-1.0,1.0,0,0
0.3,6400,19,4774.0,0.93211,1,2
0.3,6400,19,-1.0,0.99985,0,0
0.3,6400,19,-1.0,1.0,0,0
0.3,6400,19,-1.0,0.99956,0,0
0.3,6400,19,-1.0,0.99981,0,0
0.3,6400,19,-1.0,0.95932,0,0
0.3,6400,19,-1.0,1.0,0,0
0.3,6400,19,-1.0,1.0,0,0
0.3,6400,19,-1.0,0.99994,0,0
0.3,6400,19,-1.0,0.90029,0,0
0.3,6400,19,-1.0,1.0,0,0
0.3,6400,19,-1.0,0.99966,0,0
0.3,6400,19,-1.0,0.99947,0,0
0.3,6400,19,-1.0,0.99948,0,0
0.3,6400,19,-1.0,0.94149,0,0
0.3,6400,19,-1.0,0.91403,0,0
0.3,6400,19,-1.0,0.87386,0,0
0.3,6400,20,8079.0,0.0,1,2
0.3,6400,20,2243.0,0.99993,2,3
0.3,6400,20,7449.0,0.0,1,2
0.3,6400,20,7146.0,0.87146,2,3
0.3,6400,20,7563.0,0.0,2,3
0.3,6400,20,6473.0,0.0,2,3
0.3,6400,20,5373.0,0.0,1,2
0.3,6400,20,-1.0,1.0,0,0
0.3,6400,20,-1.0,1.0,0,0
0.3,6400,20,-1.0,0.93216,0,0
0.3,6400,20,-1.0,0.99887,0,0
0.3,6400,20,-1.0,1.0,0,0
0.3,6400,20,-1.0,1.0,0,0
0.3,6400,20,-1.0,0.9999,0,0
0.3,6400,20,-1.0,0.99856,0,0
0.3,6400,20,-1.0,0.0,0,0
0.3,6400,20,-1.0,0.90244,0,0
0.3,6400,20,-1.0,0.81513,0,0
0.3,6400,20,-1.0,0.0,0,0
0.3,6400,21,7742.0,0.99999,1,2
0.3,6400,21,7872.0,0.0,1,2
0.3,6400,21,6764.0,0.0,1,2
0.3,6400,21,5990.0,0.0,1,2
0.3,6400,21,5085.0,0.0,2,3
0.3,6400,21,3237.0,0.0,2,3
0.3,6400,21,6833.0,0.0,2,3
0.3,6400,21,2774.0,0.0,2,3
0.3,6400,21,7910.0,0.0,1,2
0.3,6400,21,4808.0,0.99987,1,2
0.3,6400,21,-1.0,0.75642,0,0
0.3,6400,21,-1.0,0.0,0,0
0.3,6400,21,-1.0,0.0,0,0
0.3,6400,21,-1.0,0.0,0,0
0.3,6400,21,-1.0,0.99999,0,0
0.3,6400,21,-1.0,0.0,0,0
0.3,6400,21,-1.0,0.0,0,0
0.3,6400,21,-1.0,0.99984,0,0
0.3,6400,21,-1.0,0.64968,0,0
0.3,6400,21,-1.0,0.0,0,0
0.3,6400,21,-1.0,0.0,0,0
0.3,6400,22,7661.0,0.99537,2,3
0.3,6400,22,6130.0,0.99972,2,3
0.3,6400,22,2603.0,0.99999,2,3
0.3,6400,22,3654.0,1.0,1,2
0.3,6400,22,2931.0,1.0,1,2
0.3,6400,22,3772.0,0.99474,2,3
0.3,6400,22,-1.0,0.99976,0,0
0.3,6400,22,-1.0,0.99989,0,0
0.3,6400,22,-1.0,0.99811,0,0
0.3,6400,22,-1.0,0.78565,0,0
0.3,6400,22,-1.0,0.99999,0,0
0.3,6400,22,-1.0,0.999,0,0
0.3,6400,22,-1.0,1.0,0,0
0.3,6400,22,-1.0,1.0,0,0
0.3,6400,22,-1.0,1.0,0,0
0.3,6400,22,-1.0,0.99999,0,0
0.3,6400,22,-1.0,0.99999,0,0
0.3,6400,22,-1.0,0.99984,0,0
0.3,6400,22,-1.0,0.99969,0,0
0.3,6400,22,-1.0,0.9996,0,0
0.3,6400,22,-1.0,0.99874,0,0
0.3,6400,22,-1.0,0.99728,0,0
0.3,6400,22,-1.0,0.99334,0,0
0.3,6400,22,-1.0,0.99243,0,0
0.3,6400,22,-1.0,0.72871,0,0
0.3,6400,23,6887.0,0.99994,1,2
0.3,6400,23,5177.0,0.81137,2,3
0.3,6400,23,7441.0,0.38918,1,2
0.3,6400,23,6266.0,0.97853,2,3
0.3,6400,23,7903.0,0.98107,2,3
0.3,6400,23,6293.0,0.99947,1,2
0.3,6400,23,6309.0,0.85393,1,2
0.3,6400,23,4549.0,0.99996,1,2
0.3,6400,23,-1.0,0.99991,0,0
0.3,6400,23,6662.0,0.07511,1,2
0.3,6400,23,5515.0,0.32269,1,2
0.3,6400,23,-1.0,0.98707,0,0
0.3,6400,23,3675.0,0.90046,1,2
0.3,6400,23,-1.0,1.0,0,0
0.3,6400,23,-1.0,0.99993,0,0
0.3,6400,23,-1.0,0.40939,0,0
0.3,6400,23,-1.0,1.0,0,0
0.3,6400,23,-1.0,0.99996,0,0
0.3,6400,23,-1.0,0.99848,0,0
0.3,6400,23,-1.0,0.99996,0,0
0.3,6400,23,-1.0,0.99991,0,0
0.3,6400,23,-1.0,0.94747,0,0
0.3,6400,23,-1.0,0.47462,0,0
0.3,6400,23,-1.0,0.99991,0,0
0.3,6400,23,-1.0,0.99933,0,0
0.3,6400,23,-1.0,0.99809,0,0
0.3,6400,23,-1.0,0.98367,0,0
0.3,6400,23,-1.0,0.9728,0,0
0.3,6400,23,-1.0,0.96912,0,0
0.3,6400,23,-1.0,0.92445,0,0
0.3,6400,23,-1.0,0.85683,0,0
0.3,6400,23,-1.0,0.81513,0,0
0.3,6400,23,-1.0,0.72871,0,0
0.3,6400,23,-1.0,0.1428,0,0
0.3,6400,23,-1.0,0.0,0,0
0.3,6400,24,4707.0,1.0,1,2
0.3,6400,24,7289.0,0.0,1,2
0.3,6400,24,7462.0,1.0,1,2
0.3,6400,24,4568.0,0.99995,2,3
0.3,6400,24,5145.0,0.99991,1,2
0.3,6400,24,4587.0,0.99996,1,2
0.3,6400,24,-1.0,1.0,0,0
0.3,6400,24,-1.0,1.0,0,0
0.3,6400,24,-1.0,0.8714,0,0
0.3,6400,24,-1.0,0.99994,0,0
0.3,6400,24,-1.0,0.264,0,0
0.3,6400,24,-1.0,1.0,0,0
0.3,6400,24,-1.0,1.0,0,0
0.3,6400,24,-1.0,0.40398,0,0
0.3,6400,24,-1.0,0.99996,0,0
0.3,6400,24,-1.0,0.99994,0,0
0.3,6400,24,-1.0,0.99995,0,0
0.3,6400,24,-1.0,0.83721,0,0
0.3,6400,24,-1.0,0.1428,0,0
0.3,6400,24,-1.0,0.0,0,0
0.5,3200,5,4997.0,0.0,4,5
0.5,3200,5,4656.0,0.0,5,6
0.5,3200,5,3394.0,0.0,4,5
0.5,3200,5,2843.0,0.0,2,3
0.5,3200,5,3233.0,0.0,2,3
0.5,3200,5,3192.0,0.0,1,2
0.5,3200,5,-1.0,0.0,0,0
0.5,3200,5,1335.0,0.0,1,2
0.5,3200,5,-1.0,0.0,0,0
0.5,3200,5,-1.0,0.0,0,0
0.5,3200,5,-1.0,0.0,0,0
0.5,3200,5,-1.0,0.0,0,0
0.5,3200,5,-1.0,0.0,0,0
0.5,3200,5,-1.0,0.0,0,0
0.5,3200,5,-1.0,0.0,0,0
0.5,3200,5,-1.0,0.0,0,0
0.5,3200,5,-1.0,0.0,0,0
0.5,3200,5,-1.0,0.0,0,0
0.5,3200,0,6671.0,0.99998,3,4
0.5,3200,0,6793.0,1.0,2,3
0.5,3200,0,1987.0,0.264,6,7
0.5,3200,0,6630.0,0.9685,2,3
0.5,3200,0,3351.0,0.99668,5,6
0.5,3200,0,2740.0,0.64255,4,5
0.5,3200,0,2191.0,0.99981,2,3
0.5,3200,0,4677.0,0.99991,2,3
0.5,3200,0,2383.0,0.99999,6,7
0.5,3200,0,2216.0,0.72305,4,5
0.5,3200,0,3019.0,0.99299,3,4
0.5,3200,0,1272.0,0.94,4,5
0.5,3200,0,3856.0,0.94747,2,3
0.5,3200,0,2142.0,0.99886,3,4
0.5,3200,0,7467.0,0.99593,1,2
0.5,3200,0,3730.0,0.9403,3,4
0.5,3200,0,3696.0,0.99981,2,3
0.5,3200,0,3474.0,0.78545,3,4
0.5,3200,0,4063.0,0.83387,2,3
0.5,3200,0,1879.0,0.97226,4,5
0.5,3200,0,3138.0,0.99958,2,3
0.5,3200,0,4647.0,0.99402,1,2
0.5,3200,0,2898.0,0.64256,4,5
0.5,3200,0,6677.0,0.98337,1,2
0.5,3200,0,1604.0,0.95369,3,4
0.5,3200,0,6209.0,0.9753,1,2
0.5,3200,0,3370.0,0.9785,1,2
0.5,3200,0,1100.0,0.83262,3,4
0.5,3200,0,2940.0,0.99871,2,3
0.5,3200,0,4395.0,0.99871,1,2
0.5,3200,0,2170.0,0.9756,2,3
0.5,3200,0,1782.0,1.0,1,2
0.5,3200,0,1085.0,0.99968,2,3
0.5,3200,0,4873.0,0.32271,2,3
0.5,3200,0,-1.0,0.06,0,0
0.5,3200,0,-1.0,0.0,0,0
0.5,3200,11,5158.0,0.97228,3,4
0.5,3200,11,1792.0,0.99992,3,4
0.5,3200,11,2668.0,0.834,3,4
0.5,3200,11,6519.0,0.94747,2,3
0.5,3200,11,1950.0,0.99954,2,3
0.5,3200,11,3545.0,0.72321,2,3
0.5,3200,11,3183.0,0.99811,2,3
0.5,3200,11,2848.0,0.97228,2,3
0.5,3200,11,3028.0,0.98867,1,2
0.5,3200,11,2802.0,0.99853,1,2
0.5,3200,11,2444.0,0.59378,1,2
0.5,3200,11,-1.0,0.9403,0,0
0.5,3200,11,2999.0,0.29998,1,2
0.5,3200,11,-1.0,0.99998,0,0
0.5,3200,11,-1.0,0.99833,0,0
0.5,3200,11,-1.0,0.99537,0,0
0.5,3200,11,-1.0,0.99998,0,0
0.5,3200,11,-1.0,0.59383,0,0
0.5,3200,11,-1.0,0.72321,0,0
0.5,3200,11,-1.0,0.99947,0,0
0.5,3200,11,-1.0,0.99999,0,0
0.5,3200,11,-1.0,0.99997,0,0
0.5,3200,11,-1.0,0.99996,0,0
0.5,3200,11,-1.0,0.93215,0,0
0.5,3200,11,-1.0,0.99753,0,0
0.5,3200,11,-1.0,0.96846,0,0
0.5,3200,11,-1.0,0.99976,0,0
0.5,3200,11,-1.0,0.81117,0,0
0.5,3200,11,-1.0,0.99933,0,0
0.5,3200,11,-1.0,0.99789,0,0
0.5,3200,11,-1.0,0.99789,0,0
0.5,3200,11,-1.0,0.99761,0,0
0.5,3200,11,-1.0,0.99691,0,0
0.5,3200,11,-1.0,0.99334,0,0
0.5,3200,11,-1.0,0.0,0,0
0.5,3200,1,2527.0,0.99981,5,6
0.5,3200,1,6551.0,0.40398,3,4
0.5,3200,1,4330.0,0.97939,2,3
0.5,3200,1,3256.0,0.23231,4,5
0.5,3200,1,3627.0,0.99593,4,5
0.5,3200,1,4000.0,0.59383,5,6
0.5,3200,1,4560.0,0.64257,4,5
0.5,3200,1,7583.0,0.78565,3,4
0.5,3200,1,2070.0,1.0,2,3
0.5,3200,1,2452.0,0.23223,6,7
0.5,3200,1,3221.0,0.98532,2,3
0.5,3200,1,5875.0,0.99641,3,4
0.5,3200,1,3139.0,0.99474,3,4
0.5,3200,1,1287.0,0.99999,2,3
0.5,3200,1,3354.0,0.98254,3,4
0.5,3200,1,5739.0,0.99998,1,2
0.5,3200,1,3510.0,0.94747,3,4
0.5,3200,1,4379.0,1.0,1,2
0.5,3200,1,2153.0,0.9756,3,4
0.5,3200,1,5851.0,0.99999,1,2
0.5,3200,1,3782.0,0.88688,3,4
0.5,3200,1,3077.0,0.23231,4,5
0.5,3200,1,2536.0,0.72318,4,5
0.5,3200,1,4288.0,0.99756,2,3
0.5,3200,1,2842.0,0.99995,2,3
0.5,3200,1,3546.0,0.99871,2,3
0.5,3200,1,2843.0,0.8176,2,3
0.5,3200,1,3156.0,0.9642,1,2
0.5,3200,1,2356.0,0.91239,3,4
0.5,3200,1,5344.0,0.32271,3,4
0.5,3200,1,2194.0,0.9811,1,2
0.5,3200,1,2464.0,0.78563,1,2
0.5,3200,1,-1.0,0.99978,0,0
0.5,3200,1,-1.0,0.99837,0,0
0.5,3200,1,-1.0,0.1428,0,0
0.5,3200,1,-1.0,0.06,0,0
0.5,3200,1,-1.0,0.0,0,0
0.5,3200,1,-1.0,0.0,0,0
0.5,3200,1,-1.0,0.0,0,0
0.5,3200,3,3835.0,0.40398,8,9
0.5,3200,3,3694.0,0.88688,4,5
0.5,3200,3,3505.0,0.99887,4,5
0.5,3200,3,4371.0,0.23232,3,4
0.5,3200,3,2752.0,0.88688,5,6
0.5,3200,3,4684.0,0.99932,2,3
0.5,3200,3,1263.0,0.99991,4,5
0.5,3200,3,2170.0,0.99959,3,4
0.5,3200,3,1683.0,1.0,2,3
0.5,3200,3,1756.0,0.99785,3,4
0.5,3200,3,2553.0,0.78563,4,5
0.5,3200,3,2083.0,0.99722,2,3
0.5,3200,3,1251.0,0.94717,2,3
0.5,3200,3,3029.0,0.99537,2,3
0.5,3200,3,2192.0,0.91238,3,4
0.5,3200,3,3580.0,0.99995,1,2
0.5,3200,3,2269.0,0.8539,4,5
0.5,3200,3,1037.0,0.31539,3,4
0.5,3200,3,4841.0,0.93216,1,2
0.5,3200,3,3104.0,0.99999,1,2
0.5,3200,3,1446.0,0.78508,3,4
0.5,3200,3,2826.0,0.9642,1,2
0.5,3200,3,3850.0,1.0,1,2
0.5,3200,3,1800.0,0.98866,2,3
0.5,3200,3,3386.0,0.99593,1,2
0.5,3200,3,992.0,0.89923,3,4
0.5,3200,3,2582.0,0.32266,2,3
0.5,3200,3,1669.0,0.99001,2,3
0.5,3200,3,-1.0,0.99756,0,0
0.5,3200,3,-1.0,1.0,0,0
0.5,3200,3,3549.0,0.98337,1,2
0.5,3200,3,1087.0,0.99989,2,3
0.5,3200,3,-1.0,0.99999,0,0
0.5,3200,3,-1.0,0.1428,0,0
0.5,3200,3,-1.0,0.1428,0,0
0.5,3200,3,-1.0,0.06,0,0
0.5,3200,3,-1.0,0.0,0,0
0.5,3200,2,4709.0,0.32271,7,8
0.5,3200,2,2632.0,0.99964,5,6
0.5,3200,2,2349.0,0.88666,5,6
0.5,3200,2,1678.0,0.9997,5,6
0.5,3200,2,1980.0,0.99722,4,5
0.5,3200,2,3526.0,0.87146,5,6
0.5,3200,2,2505.0,0.29989,4,5
0.5,3200,2,2453.0,0.29986,5,6
0.5,3200,2,2470.0,0.7564,3,4
0.5,3200,2,5727.0,0.99474,3,4
0.5,3200,2,1166.0,0.99963,4,5
0.5,3200,2,2879.0,0.99947,3,4
0.5,3200,2,1782.0,0.96417,6,7
0.5,3200,2,820.0,1.0,1,2
0.5,3200,2,1459.0,0.40219,4,5
0.5,3200,2,9309.0,0.99981,1,2
0.5,3200,2,2867.0,0.93212,4,5
0.5,3200,2,6639.0,0.99894,1,2
0.5,3200,2,2494.0,0.32264,4,5
0.5,3200,2,3536.0,0.9403,4,5
0.5,3200,2,3679.0,0.32271,4,5
0.5,3200,2,3489.0,0.99887,2,3
0.5,3200,2,2446.0,0.99003,3,4
0.5,3200,2,2459.0,1.0,1,2
0.5,3200,2,1677.0,0.87128,4,5
0.5,3200,2,4102.0,0.23232,3,4
0.5,3200,2,5798.0,0.99955,2,3
0.5,3200,2,3708.0,0.23232,2,3
0.5,3200,2,3813.0,0.99099,2,3
0.5,3200,2,6202.0,0.99866,1,2
0.5,3200,2,3323.0,0.99811,1,2
0.5,3200,2,3882.0,0.95932,1,2
0.5,3200,2,-1.0,0.99192,0,0
0.5,3200,2,-1.0,0.24566,0,0
0.5,3200,2,-1.0,0.1428,0,0
0.5,3200,2,-1.0,0.06,0,0
0.5,3200,2,-1.0,0.06,0,0
0.5,3200,2,-1.0,0.0,0,0
0.5,3200,2,-1.0,0.0,0,0
0.5,3200,2,-1.0,0.0,0,0
0.5,3200,2,-1.0,0.0,0,0
0.5,3200,7,2569.0,0.9999,4,5
0.5,3200,7,2716.0,0.99973,3,4
0.5,3200,7,8298.0,0.92291,2,3
0.5,3200,7,3716.0,0.23232,5,6
0.5,3200,7,2558.0,0.88687,3,4
0.5,3200,7,5028.0,1.0,1,2
0.5,3200,7,2701.0,0.99535,2,3
0.5,3200,7,3502.0,0.99968,1,2
0.5,3200,7,827.0,0.21441,3,4
0.5,3200,7,-1.0,0.99997,0,0
0.5,3200,7,6146.0,0.9403,2,3
0.5,3200,7,1857.0,0.40354,3,4
0.5,3200,7,2714.0,0.95932,3,4
0.5,3200,7,2224.0,0.95376,4,5
0.5,3200,7,4589.0,0.99785,1,2
0.5,3200,7,2207.0,0.99929,2,3
0.5,3200,7,3329.0,0.98108,1,2
0.5,3200,7,3627.0,0.9642,1,2
0.5,3200,7,3091.0,0.26399,2,3
0.5,3200,7,3220.0,0.99887,2,3
0.5,3200,7,-1.0,0.99998,0,0
0.5,3200,7,1770.0,0.99932,2,3
0.5,3200,7,-1.0,0.99999,0,0
0.5,3200,7,2357.0,0.99722,1,2
0.5,3200,7,2609.0,0.99593,1,2
0.5,3200,7,3536.0,0.68546,1,2
0.5,3200,7,-1.0,0.99972,0,0
0.5,3200,7,3629.0,0.83401,1,2
0.5,3200,7,1120.0,0.99997,1,2
0.5,3200,7,2288.0,0.97227,1,2
0.5,3200,7,3862.0,0.99722,1,2
0.5,3200,7,-1.0,0.99853,0,0
0.5,3200,7,-1.0,0.99833,0,0
0.5,3200,7,-1.0,0.99986,0,0
0.5,3200,7,-1.0,0.24566,0,0
0.5,3200,7,-1.0,0.0,0,0
0.5,3200,7,-1.0,0.0,0,0
0.5,3200,7,-1.0,0.0,0,0
0.5,3200,8,4203.0,0.99871,4,5
0.5,3200,8,3137.0,0.99999,4,5
0.5,3200,8,3054.0,1.0,3,4
0.5,3200,8,6528.0,0.9756,2,3
0.5,3200,8,3095.0,1.0,1,2
0.5,3200,8,988.0,0.95882,4,5
0.5,3200,8,3370.0,0.99003,3,4
0.5,3200,8,3157.0,0.26399,4,5
0.5,3200,8,4947.0,0.23232,2,3
0.5,3200,8,3134.0,0.75642,2,3
0.5,3200,8,2572.0,0.99993,1,2
0.5,3200,8,4255.0,0.99968,1,2
0.5,3200,8,703.0,0.99297,4,5
0.5,3200,8,1521.0,0.99001,2,3
0.5,3200,8,-1.0,1.0,0,0
0.5,3200,8,2839.0,0.99999,1,2
0.5,3200,8,1229.0,0.47251,2,3
0.5,3200,8,3310.0,0.99833,2,3
0.5,3200,8,2745.0,0.97228,1,2
0.5,3200,8,3273.0,0.68546,1,2
0.5,3200,8,3267.0,0.94747,1,2
0.5,3200,8,-1.0,0.99996,0,0
0.5,3200,8,-1.0,1.0,0,0
0.5,3200,8,3431.0,0.9685,1,2
0.5,3200,8,2962.0,0.7232,1,2
0.5,3200,8,4068.0,0.99641,1,2
0.5,3200,8,1226.0,0.999,1,2
0.5,3200,8,2137.0,0.99985,1,2
0.5,3200,8,809.0,0.99999,1,2
0.5,3200,8,3628.0,0.83401,1,2
0.5,3200,8,-1.0,0.99993,0,0
0.5,3200,8,-1.0,1.0,0,0
0.5,3200,8,1989.0,0.94744,1,2
0.5,3200,8,-1.0,0.33618,0,0
0.5,3200,8,-1.0,0.0,0,0
0.5,3200,8,-1.0,0.0,0,0
0.5,3200,6,8780.0,0.99887,4,5
0.5,3200,6,1958.0,1.0,4,5
0.5,3200,6,2378.0,0.32259,5,6
0.5,3200,6,4707.0,0.98534,3,4
0.5,3200,6,2150.0,0.59371,4,5
0.5,3200,6,3254.0,0.99887,4,5
0.5,3200,6,3493.0,0.99932,2,3
0.5,3200,6,3341.0,1.0,1,2
0.5,3200,6,3935.0,1.0,1,2
0.5,3200,6,4440.0,0.98994,2,3
0.5,3200,6,9673.0,0.85393,1,2
0.5,3200,6,2595.0,0.9642,4,5
0.5,3200,6,2857.0,0.97223,3,4
0.5,3200,6,5025.0,0.99676,2,3
0.5,3200,6,-1.0,0.99992,0,0
0.5,3200,6,4605.0,0.99968,1,2
0.5,3200,6,4277.0,0.999,1,2
0.5,3200,6,5928.0,0.68546,1,2
0.5,3200,6,-1.0,0.999,0,0
0.5,3200,6,1625.0,0.53758,4,5
0.5,3200,6,3497.0,0.99985,1,2
0.5,3200,6,2618.0,0.5938,3,4
0.5,3200,6,3248.0,1.0,1,2
0.5,3200,6,3398.0,0.99995,1,2
0.5,3200,6,1096.0,0.31625,3,4
0.5,3200,6,5278.0,0.9004,1,2
0.5,3200,6,-1.0,0.99996,0,0
0.5,3200,6,3979.0,0.99123,2,3
0.5,3200,6,4190.0,0.99321,1,2
0.5,3200,6,1548.0,0.81095,2,3
0.5,3200,6,1532.0,0.99954,1,2
0.5,3200,6,3527.0,0.264,1,2
0.5,3200,6,3448.0,0.98529,1,2
0.5,3200,6,-1.0,0.98713,0,0
0.5,3200,6,-1.0,0.33617,0,0
0.5,3200,6,-1.0,0.06,0,0
0.5,3200,6,-1.0,0.06,0,0
0.5,3200,6,-1.0,0.0,0,0
0.5,3200,10,2939.0,0.9642,5,6
0.5,3200,10,4158.0,0.99972,5,6
0.5,3200,10,5141.0,0.90046,4,5
0.5,3200,10,3162.0,1.0,2,3
0.5,3200,10,3734.0,0.99853,3,4
0.5,3200,10,6484.0,0.97228,3,4
0.5,3200,10,3974.0,0.90046,4,5
0.5,3200,10,893.0,0.99998,4,5
0.5,3200,10,2722.0,0.99474,3,4
0.5,3200,10,3824.0,0.83401,2,3
0.5,3200,10,2842.0,1.0,1,2
0.5,3200,10,1776.0,0.98866,3,4
0.5,3200,10,1937.0,0.99811,1,2
0.5,3200,10,2065.0,0.99722,2,3
0.5,3200,10,3464.0,0.93216,4,5
0.5,3200,10,2698.0,0.99996,1,2
0.5,3200,10,-1.0,1.0,0,0
0.5,3200,10,1816.0,0.78545,3,4
0.5,3200,10,4171.0,0.99321,1,2
0.5,3200,10,-1.0,1.0,0,0
0.5,3200,10,4487.0,0.98111,1,2
0.5,3200,10,5814.0,0.97228,1,2
0.5,3200,10,3774.0,0.98111,1,2
0.5,3200,10,3269.0,0.98337,2,3
0.5,3200,10,6371.0,0.264,1,2
0.5,3200,10,-1.0,0.99123,0,0
0.5,3200,10,-1.0,0.99684,0,0
0.5,3200,10,3636.0,0.99537,1,2
0.5,3200,10,2844.0,0.834,3,4
0.5,3200,10,4561.0,0.26444,1,2
0.5,3200,10,-1.0,0.83401,0,0
0.5,3200,10,4051.0,0.9756,1,2
0.5,3200,10,3788.0,0.95377,1,2
0.5,3200,10,-1.0,0.0,0,0
0.5,3200,10,-1.0,0.0,0,0
0.5,3200,9,1062.0,0.96381,6,7
0.5,3200,9,2560.0,0.26392,4,5
0.5,3200,9,1371.0,1.0,3,4
0.5,3200,9,2801.0,0.59382,5,6
0.5,3200,9,1602.0,0.99536,2,3
0.5,3200,9,2226.0,0.7856,5,6
0.5,3200,9,3930.0,0.95932,2,3
0.5,3200,9,1602.0,1.0,2,3
0.5,3200,9,2333.0,0.99871,4,5
0.5,3200,9,5988.0,0.99992,1,2
0.5,3200,9,3146.0,1.0,1,2
0.5,3200,9,1757.0,0.99227,1,2
0.5,3200,9,2419.0,0.72317,3,4
0.5,3200,9,941.0,0.86966,3,4
0.5,3200,9,912.0,1.0,2,3
0.5,3200,9,1020.0,0.99911,2,3
0.5,3200,9,5351.0,0.99999,1,2
0.5,3200,9,2011.0,0.23188,3,4
0.5,3200,9,3134.0,0.99228,1,2
0.5,3200,9,2365.0,0.72316,3,4
0.5,3200,9,1637.0,0.96845,3,4
0.5,3200,9,-1.0,1.0,0,0
0.5,3200,9,4975.0,0.264,2,3
0.5,3200,9,2310.0,0.83398,3,4
0.5,3200,9,-1.0,1.0,0,0
0.5,3200,9,3104.0,0.9642,1,2
0.5,3200,9,1856.0,0.99473,2,3
0.5,3200,9,1447.0,0.32091,2,3
0.5,3200,9,4214.0,0.95932,1,2
0.5,3200,9,4196.0,0.92291,1,2
0.5,3200,9,3118.0,0.68546,1,2
0.5,3200,9,-1.0,1.0,0,0
0.5,3200,9,-1.0,0.99912,0,0
0.5,3200,9,1647.0,0.93206,2,3
0.5,3200,9,-1.0,0.1428,0,0
0.5,3200,9,-1.0,0.0,0,0
0.5,3200,9,-1.0,0.0,0,0
0.5,3200,9,-1.0,0.0,0,0
0.5,3200,4,2967.0,0.99971,6,7
0.5,3200,4,2019.0,0.99923,4,5
0.5,3200,4,3926.0,0.99993,4,5
0.5,3200,4,3291.0,0.6424,5,6
0.5,3200,4,4669.0,0.68519,5,6
0.5,3200,4,3668.0,0.99985,4,5
0.5,3200,4,3557.0,0.94006,5,6
0.5,3200,4,5380.0,0.99972,2,3
0.5,3200,4,3370.0,0.99641,4,5
0.5,3200,4,4358.0,0.92254,3,4
0.5,3200,4,2664.0,0.64246,4,5
0.5,3200,4,5782.0,0.99201,2,3
0.5,3200,4,4796.0,0.94747,3,4
0.5,3200,4,1343.0,0.98707,3,4
0.5,3200,4,3573.0,0.53842,5,6
0.5,3200,4,1098.0,0.80979,3,4
0.5,3200,4,2386.0,0.98867,3,4
0.5,3200,4,1364.0,0.999,3,4
0.5,3200,4,5131.0,0.99991,2,3
0.5,3200,4,3718.0,1.0,2,3
0.5,3200,4,1221.0,0.98504,4,5
0.5,3200,4,3353.0,0.97216,2,3
0.5,3200,4,2188.0,0.99953,3,4
0.5,3200,4,3491.0,0.40393,2,3
0.5,3200,4,4427.0,0.64247,2,3
0.5,3200,4,1623.0,0.99704,4,5
0.5,3200,4,1968.0,0.959,3,4
0.5,3200,4,2251.0,0.81133,5,6
0.5,3200,4,1808.0,0.99966,2,3
0.5,3200,4,2172.0,0.99641,3,4
0.5,3200,4,4575.0,0.88663,2,3
0.5,3200,4,4263.0,0.87146,2,3
0.5,3200,4,-1.0,0.99756,0,0
0.5,3200,4,-1.0,0.99889,0,0
0.5,3200,4,-1.0,0.24559,0,0
0.5,3200,15,5260.0,0.0,3,4
0.5,3200,15,1948.0,0.0,5,6
0.5,3200,15,2205.0,0.0,5,6
0.5,3200,15,2521.0,0.0,5,6
0.5,3200,15,5791.0,0.0,1,2
0.5,3200,15,5895.0,0.0,1,2
0.5,3200,15,-1.0,0.0,0,0
0.5,3200,15,2605.0,0.0,1,2
0.5,3200,15,-1.0,0.0,0,0
0.5,3200,15,-1.0,0.0,0,0
0.5,3200,15,-1.0,0.0,0,0
0.5,3200,15,-1.0,0.0,0,0
0.5,3200,15,-1.0,0.0,0,0
0.5,3200,15,-1.0,0.0,0,0
0.5,3200,15,-1.0,0.0,0,0
0.5,3200,15,-1.0,0.0,0,0
0.5,3200,15,-1.0,0.0,0,0
0.5,3200,15,-1.0,0.0,0,0
0.5,3200,15,-1.0,0.0,0,0
0.5,3200,15,-1.0,0.0,0,0
0.5,3200,15,-1.0,0.0,0,0
0.5,3200,15,-1.0,0.0,0,0
0.5,3200,15,-1.0,0.0,0,0
0.5,3200,15,-1.0,0.0,0,0
0.5,3200,15,-1.0,0.0,0,0
0.5,3200,15,-1.0,0.0,0,0
0.5,3200,12,2378.0,0.99684,3,4
0.5,3200,12,919.0,0.9921,5,6
0.5,3200,12,3029.0,1.0,5,6
0.5,3200,12,2370.0,0.9864,5,6
0.5,3200,12,4470.0,0.99985,3,4
0.5,3200,12,1152.0,0.99991,7,8
0.5,3200,12,1534.0,0.99785,5,6
0.5,3200,12,3551.0,0.23231,6,7
0.5,3200,12,2931.0,0.95046,4,5
0.5,3200,12,3548.0,0.97228,5,6
0.5,3200,12,2102.0,0.64245,4,5
0.5,3200,12,1601.0,1.0,3,4
0.5,3200,12,3870.0,0.9902,3,4
0.5,3200,12,2765.0,0.999,4,5
0.5,3200,12,1877.0,0.63537,3,4
0.5,3200,12,3260.0,0.97834,3,4
0.5,3200,12,2855.0,0.98712,2,3
0.5,3200,12,4455.0,0.99882,3,4
0.5,3200,12,3057.0,0.78565,3,4
0.5,3200,12,2937.0,0.96416,3,4
0.5,3200,12,3374.0,0.99954,3,4
0.5,3200,12,3488.0,0.99402,2,3
0.5,3200,12,2327.0,1.0,1,2
0.5,3200,12,8282.0,0.94592,1,2
0.5,3200,12,3342.0,1.0,1,2
0.5,3200,12,2413.0,0.53326,3,4
0.5,3200,12,3181.0,0.85991,3,4
0.5,3200,12,2878.0,0.84679,3,4
0.5,3200,12,3358.0,0.99968,2,3
0.5,3200,12,3542.0,0.999,2,3
0.5,3200,12,2535.0,0.99992,3,4
0.5,3200,12,4547.0,0.53844,2,3
0.5,3200,12,2759.0,0.99942,1,2
0.5,3200,12,-1.0,0.99947,0,0
0.5,3200,12,-1.0,0.33289,0,0
0.5,3200,12,-1.0,0.0,0,0
0.5,3200,13,4098.0,0.85393,6,7
0.5,3200,13,3652.0,0.99997,5,6
0.5,3200,13,3147.0,0.99999,4,5
0.5,3200,13,4298.0,0.99872,4,5
0.5,3200,13,2774.0,0.23228,4,5
0.5,3200,13,1363.0,0.78482,4,5
0.5,3200,13,2025.0,0.6853,5,6
0.5,3200,13,4540.0,0.99992,3,4
0.5,3200,13,2390.0,1.0,3,4
0.5,3200,13,2210.0,0.7856,4,5
0.5,3200,13,1895.0,0.99821,4,5
0.5,3200,13,2500.0,0.99972,3,4
0.5,3200,13,4527.0,0.68546,3,4
0.5,3200,13,4623.0,0.99871,2,3
0.5,3200,13,2541.0,0.99998,2,3
0.5,3200,13,2911.0,0.99976,3,4
0.5,3200,13,4018.0,0.99321,3,4
0.5,3200,13,5632.0,0.99996,1,2
0.5,3200,13,5217.0,0.99684,1,2
0.5,3200,13,3620.0,0.99999,2,3
0.5,3200,13,1133.0,0.53503,4,5
0.5,3200,13,1464.0,0.99871,3,4
0.5,3200,13,2975.0,0.9994,2,3
0.5,3200,13,2213.0,0.99988,2,3
0.5,3200,13,3730.0,0.83401,3,4
0.5,3200,13,2967.0,0.99968,2,3
0.5,3200,13,3765.0,0.99871,2,3
0.5,3200,13,5349.0,0.59383,2,3
0.5,3200,13,3690.0,0.99684,2,3
0.5,3200,13,1956.0,1.0,1,2
0.5,3200,13,768.0,0.99973,2,3
0.5,3200,13,952.0,0.99388,2,3
0.5,3200,13,4393.0,0.98537,1,2
0.5,3200,13,-1.0,0.0,0,0
0.5,3200,14,3335.0,0.99003,7,8
0.5,3200,14,4103.0,0.99991,5,6
0.5,3200,14,2961.0,0.99785,4,5
0.5,3200,14,5528.0,0.99123,5,6
0.5,3200,14,2082.0,0.9593,4,5
0.5,3200,14,3194.0,1.0,2,3
0.5,3200,14,2267.0,0.99978,4,5
0.5,3200,14,1436.0,0.99999,3,4
0.5,3200,14,2505.0,1.0,3,4
0.5,3200,14,2722.0,0.2644,4,5
0.5,3200,14,1567.0,0.29796,4,5
0.5,3200,14,8951.0,0.78565,2,3
0.5,3200,14,4268.0,0.97228,3,4
0.5,3200,14,1130.0,1.0,2,3
0.5,3200,14,4901.0,1.0,1,2
0.5,3200,14,4773.0,0.94747,2,3
0.5,3200,14,3552.0,0.99999,3,4
0.5,3200,14,4196.0,0.81137,2,3
0.5,3200,14,1278.0,0.85319,4,5
0.5,3200,14,3871.0,0.99983,1,2
0.5,3200,14,1430.0,0.95361,5,6
0.5,3200,14,2529.0,0.99998,2,3
0.5,3200,14,2737.0,0.99999,2,3
0.5,3200,14,1867.0,1.0,2,3
0.5,3200,14,5358.0,0.94747,1,2
0.5,3200,14,2333.0,0.9999,2,3
0.5,3200,14,3774.0,0.99976,2,3
0.5,3200,14,3302.0,0.99853,2,3
0.5,3200,14,4925.0,1.0,1,2
0.5,3200,14,2801.0,0.9642,3,4
0.5,3200,14,1477.0,0.47411,2,3
0.5,3200,14,2753.0,0.7232,1,2
0.5,3200,14,-1.0,0.99402,0,0
0.5,3200,14,-1.0,0.93216,0,0
0.5,3200,14,-1.0,0.24566,0,0
0.5,3200,14,-1.0,0.06,0,0
0.5,3200,14,-1.0,0.0,0,0
0.5,3200,17,6757.0,0.78564,3,4
0.5,3200,17,5730.0,0.99964,3,4
0.5,3200,17,2635.0,0.99947,4,5
0.5,3200,17,4036.0,0.9993,3,4
0.5,3200,17,4209.0,0.99962,3,4
0.5,3200,17,4857.0,0.99977,2,3
0.5,3200,17,2222.0,0.94744,3,4
0.5,3200,17,3474.0,0.4755,2,3
0.5,3200,17,1266.0,0.40098,3,4
0.5,3200,17,3805.0,0.85393,1,2
0.5,3200,17,-1.0,0.99998,0,0
0.5,3200,17,1840.0,0.99755,1,2
0.5,3200,17,3546.0,0.98111,1,2
0.5,3200,17,3249.0,0.94029,1,2
0.5,3200,17,4435.0,0.98521,1,2
0.5,3200,17,1672.0,0.93205,2,3
0.5,3200,17,1930.0,0.96416,2,3
0.5,3200,17,929.0,0.99987,1,2
0.5,3200,17,3166.0,0.53843,2,3
0.5,3200,17,2494.0,0.96849,1,2
0.5,3200,17,2101.0,0.85386,2,3
0.5,3200,17,-1.0,0.98865,0,0
0.5,3200,17,-1.0,0.99989,0,0
0.5,3200,17,-1.0,0.9003,0,0
0.5,3200,17,-1.0,0.99998,0,0
0.5,3200,17,-1.0,0.98711,0,0
0.5,3200,17,-1.0,0.99998,0,0
0.5,3200,17,-1.0,0.98337,0,0
0.5,3200,17,-1.0,0.99778,0,0
0.5,3200,17,-1.0,1.0,0,0
0.5,3200,17,-1.0,0.99998,0,0
0.5,3200,17,-1.0,0.93216,0,0
0.5,3200,17,-1.0,0.96419,0,0
0.5,3200,17,-1.0,0.41553,0,0
0.5,3200,17,-1.0,0.24566,0,0
0.5,3200,17,-1.0,0.24566,0,0
0.5,3200,16,3517.0,0.99998,6,7
0.5,3200,16,4834.0,0.93216,3,4
0.5,3200,16,4172.0,0.99959,5,6
0.5,3200,16,1842.0,0.99227,6,7
0.5,3200,16,2411.0,0.9229,5,6
0.5,3200,16,2428.0,0.99998,5,6
0.5,3200,16,5288.0,0.99641,2,3
0.5,3200,16,3239.0,1.0,1,2
0.5,3200,16,5175.0,0.99947,2,3
0.5,3200,16,3292.0,0.85393,3,4
0.5,3200,16,2005.0,1.0,4,5
0.5,3200,16,4391.0,0.99537,3,4
0.5,3200,16,2523.0,0.92291,3,4
0.5,3200,16,1933.0,0.53815,3,4
0.5,3200,16,2210.0,0.99474,2,3
0.5,3200,16,2233.0,0.47538,3,4
0.5,3200,16,1964.0,1.0,2,3
0.5,3200,16,2199.0,0.99228,2,3
0.5,3200,16,5091.0,0.98867,2,3
0.5,3200,16,883.0,0.99107,2,3
0.5,3200,16,2896.0,0.98337,2,3
0.5,3200,16,1469.0,0.96411,3,4
0.5,3200,16,3627.0,0.59383,2,3
0.5,3200,16,2710.0,0.23228,3,4
0.5,3200,16,2301.0,0.2998,2,3
0.5,3200,16,3051.0,0.9124,2,3
0.5,3200,16,1095.0,0.47052,4,5
0.5,3200,16,3816.0,0.95932,2,3
0.5,3200,16,2631.0,0.99402,2,3
0.5,3200,16,-1.0,0.9994,0,0
0.5,3200,16,5172.0,0.47551,1,2
0.5,3200,16,1697.0,0.99401,2,3
0.5,3200,16,4969.0,0.99228,1,2
0.5,3200,16,1930.0,0.26335,3,4
0.5,3200,16,-1.0,0.33618,0,0
0.5,3200,16,-1.0,0.33618,0,0
0.5,3200,16,-1.0,0.24566,0,0
0.5,3200,16,-1.0,0.24566,0,0
0.5,3200,16,-1.0,0.0,0,0
0.5,3200,16,-1.0,0.0,0,0
0.5,3200,16,-1.0,0.0,0,0
0.5,3200,18,1772.0,0.72291,5,6
0.5,3200,18,1857.0,0.99996,4,5
0.5,3200,18,1131.0,0.99886,5,6
0.5,3200,18,2327.0,0.83398,5,6
0.5,3200,18,1825.0,0.53806,5,6
0.5,3200,18,4360.0,1.0,1,2
0.5,3200,18,4326.0,0.99992,1,2
0.5,3200,18,2246.0,1.0,1,2
0.5,3200,18,3320.0,0.99912,2,3
0.5,3200,18,2118.0,0.99811,2,3
0.5,3200,18,1977.0,0.2635,2,3
0.5,3200,18,2634.0,0.72319,3,4
0.5,3200,18,3561.0,0.4755,1,2
0.5,3200,18,3005.0,0.88688,2,3
0.5,3200,18,887.0,1.0,1,2
0.5,3200,18,3349.0,0.98537,1,2
0.5,3200,18,4190.0,0.92291,1,2
0.5,3200,18,2727.0,0.9999,1,2
0.5,3200,18,812.0,0.95837,1,2
0.5,3200,18,-1.0,1.0,0,0
0.5,3200,18,-1.0,1.0,0,0
0.5,3200,18,-1.0,0.98111,0,0
0.5,3200,18,-1.0,0.99995,0,0
0.5,3200,18,-1.0,0.99987,0,0
0.5,3200,18,2392.0,0.94746,2,3
0.5,3200,18,1161.0,0.25668,2,3
0.5,3200,18,-1.0,0.99959,0,0
0.5,3200,18,2087.0,0.999,1,2
0.5,3200,18,3727.0,0.78565,1,2
0.5,3200,18,-1.0,0.99811,0,0
0.5,3200,18,3319.0,0.4755,1,2
0.5,3200,18,-1.0,0.99941,0,0
0.5,3200,18,-1.0,0.41584,0,0
0.5,3200,18,-1.0,0.33618,0,0
0.5,3200,18,-1.0,0.24566,0,0
0.5,3200,18,-1.0,0.0,0,0
0.5,3200,18,-1.0,0.0,0,0
0.5,3200,21,2939.0,1.0,2,3
0.5,3200,21,2065.0,0.99912,4,5
0.5,3200,21,2448.0,0.59378,4,5
0.5,3200,21,6042.0,0.99123,2,3
0.5,3200,21,3277.0,0.99003,2,3
0.5,3200,21,2537.0,1.0,2,3
0.5,3200,21,-1.0,1.0,0,0
0.5,3200,21,5107.0,0.99833,1,2
0.5,3200,21,882.0,0.39324,2,3
0.5,3200,21,3834.0,0.98337,2,3
0.5,3200,21,5136.0,0.47551,1,2
0.5,3200,21,1848.0,0.99981,1,2
0.5,3200,21,1343.0,0.99922,1,2
0.5,3200,21,-1.0,0.99853,0,0
0.5,3200,21,-1.0,1.0,0,0
0.5,3200,21,859.0,0.99999,1,2
0.5,3200,21,1691.0,0.99592,1,2
0.5,3200,21,-1.0,1.0,0,0
0.5,3200,21,1621.0,0.23074,1,2
0.5,3200,21,2860.0,0.92291,1,2
0.5,3200,21,-1.0,1.0,0,0
0.5,3200,21,-1.0,1.0,0,0
0.5,3200,21,-1.0,0.99722,0,0
0.5,3200,21,2263.0,0.26426,1,2
0.5,3200,21,-1.0,1.0,0,0
0.5,3200,21,-1.0,0.99999,0,0
0.5,3200,21,-1.0,0.4755,0,0
0.5,3200,21,-1.0,0.9756,0,0
0.5,3200,21,-1.0,0.99999,0,0
0.5,3200,21,-1.0,0.99998,0,0
0.5,3200,21,-1.0,0.99979,0,0
0.5,3200,21,-1.0,0.99976,0,0
0.5,3200,21,-1.0,0.99914,0,0
0.5,3200,21,-1.0,0.83372,0,0
0.5,3200,21,-1.0,0.33618,0,0
0.5,3200,21,-1.0,0.24566,0,0
0.5,3200,21,-1.0,0.0,0,0
0.5,3200,21,-1.0,0.0,0,0
0.5,6400,0,3064.0,1.0,2,3
0.5,6400,0,9043.0,0.99985,1,2
0.5,6400,0,2211.0,0.99974,3,4
0.5,6400,0,10624.0,0.99993,1,2
0.5,6400,0,5334.0,0.99987,1,2
0.5,6400,0,5824.0,1.0,1,2
0.5,6400,0,4238.0,0.99978,1,2
0.5,6400,0,3199.0,0.97228,1,2
0.5,6400,0,3104.0,1.0,1,2
0.5,6400,0,-1.0,1.0,0,0
0.5,6400,0,-1.0,0.99833,0,0
0.5,6400,0,-1.0,0.9997,0,0
0.5,6400,0,-1.0,0.99581,0,0
0.5,6400,0,-1.0,0.99003,0,0
0.5,6400,0,-1.0,0.99783,0,0
0.5,6400,0,-1.0,0.99402,0,0
0.5,6400,0,-1.0,0.99906,0,0
0.5,6400,0,-1.0,1.0,0,0
0.5,6400,0,-1.0,0.99983,0,0
0.5,6400,0,-1.0,1.0,0,0
0.5,6400,0,-1.0,1.0,0,0
0.5,6400,0,-1.0,0.99912,0,0
0.5,6400,0,-1.0,0.99974,0,0
0.5,6400,0,-1.0,0.99978,0,0
0.5,6400,0,-1.0,0.93213,0,0
0.5,6400,0,-1.0,0.99979,0,0
0.5,6400,0,-1.0,0.99881,0,0
0.5,6400,0,-1.0,0.99874,0,0
0.5,6400,0,-1.0,0.99789,0,0
0.5,6400,0,-1.0,0.99705,0,0
0.5,6400,0,-1.0,0.99462,0,0
0.5,6400,0,-1.0,0.9914,0,0
0.5,6400,0,-1.0,0.98566,0,0
0.5,6400,0,-1.0,0.96013,0,0
0.5,6400,0,-1.0,0.91414,0,0
0.5,6400,1,2583.0,1.0,2,3
0.5,6400,1,4883.0,0.72321,1,2
0.5,6400,1,6958.0,0.98308,1,2
0.5,6400,1,-1.0,1.0,0,0
0.5,6400,1,4362.0,1.0,2,3
0.5,6400,1,4461.0,0.64257,3,4
0.5,6400,1,4306.0,1.0,1,2
0.5,6400,1,3841.0,0.97228,2,3
0.5,6400,1,3531.0,0.97228,2,3
0.5,6400,1,-1.0,1.0,0,0
0.5,6400,1,5160.0,0.72321,1,2
0.5,6400,1,-1.0,0.99954,0,0
0.5,6400,1,-1.0,0.99998,0,0
0.5,6400,1,-1.0,0.97732,0,0
0.5,6400,1,-1.0,0.99999,0,0
0.5,6400,1,2989.0,0.99976,1,2
0.5,6400,1,-1.0,0.99999,0,0
0.5,6400,1,-1.0,1.0,0,0
0.5,6400,1,-1.0,0.72321,0,0
0.5,6400,1,-1.0,1.0,0,0
0.5,6400,1,-1.0,0.99912,0,0
0.5,6400,1,-1.0,0.99992,0,0
0.5,6400,1,-1.0,0.72321,0,0
0.5,6400,1,-1.0,1.0,0,0
0.5,6400,1,-1.0,0.83401,0,0
0.5,6400,1,-1.0,1.0,0,0
0.5,6400,1,-1.0,1.0,0,0
0.5,6400,1,-1.0,0.98395,0,0
0.5,6400,1,-1.0,0.99999,0,0
0.5,6400,1,-1.0,0.99998,0,0
0.5,6400,1,-1.0,0.99997,0,0
0.5,6400,1,-1.0,0.9999,0,0
0.5,6400,1,-1.0,0.99965,0,0
0.5,6400,1,-1.0,0.99941,0,0
0.5,6400,1,-1.0,0.99889,0,0
0.5,6400,3,2485.0,1.0,3,4
0.5,6400,3,8998.0,0.0,1,2
0.5,6400,3,-1.0,0.0,0,0
0.5,6400,3,6493.0,0.0,1,2
0.5,6400,3,3203.0,1.0,1,2
0.5,6400,3,5107.0,0.99593,1,2
0.5,6400,3,2722.0,1.0,1,2
0.5,6400,3,-1.0,1.0,0,0
0.5,6400,3,4238.0,0.87146,1,2
0.5,6400,3,4245.0,0.85393,1,2
0.5,6400,3,-1.0,0.95377,0,0
0.5,6400,3,-1.0,1.0,0,0
0.5,6400,3,-1.0,1.0,0,0
0.5,6400,3,-1.0,1.0,0,0
0.5,6400,3,-1.0,1.0,0,0
0.5,6400,3,-1.0,0.0,0,0
0.5,6400,3,-1.0,0.0,0,0
0.5,6400,3,-1.0,0.99484,0,0
0.5,6400,3,-1.0,0.93351,0,0
0.5,6400,3,-1.0,0.83731,0,0
0.5,6400,3,-1.0,0.78992,0,0
0.5,6400,2,1922.0,0.9999,3,4
0.5,6400,2,8532.0,1.0,1,2
0.5,6400,2,9607.0,0.2644,2,3
0.5,6400,2,3952.0,0.99987,2,3
0.5,6400,2,6389.0,0.99999,2,3
0.5,6400,2,4081.0,0.99947,2,3
0.5,6400,2,7000.0,1.0,1,2
0.5,6400,2,1901.0,1.0,1,2
0.5,6400,2,-1.0,0.99966,0,0
0.5,6400,2,5082.0,0.99848,1,2
0.5,6400,2,4932.0,0.9124,1,2
0.5,6400,2,-1.0,0.99003,0,0
0.5,6400,2,-1.0,0.99974,0,0
0.5,6400,2,-1.0,0.98537,0,0
0.5,6400,2,-1.0,1.0,0,0
0.5,6400,2,-1.0,0.99959,0,0
0.5,6400,2,-1.0,0.99959,0,0
0.5,6400,2,-1.0,1.0,0,0
0.5,6400,2,-1.0,0.99994,0,0
0.5,6400,2,-1.0,0.97228,0,0
0.5,6400,2,-1.0,0.99977,0,0
0.5,6400,2,-1.0,1.0,0,0
0.5,6400,2,-1.0,0.92291,0,0
0.5,6400,2,-1.0,1.0,0,0
0.5,6400,2,-1.0,1.0,0,0
0.5,6400,2,-1.0,0.97853,0,0
0.5,6400,2,-1.0,0.99996,0,0
0.5,6400,2,-1.0,1.0,0,0
0.5,6400,2,-1.0,0.264,0,0
0.5,6400,2,-1.0,0.99998,0,0
0.5,6400,2,-1.0,0.99988,0,0
0.5,6400,2,-1.0,0.99964,0,0
0.5,6400,2,-1.0,0.99986,0,0
0.5,6400,2,-1.0,0.99955,0,0
0.5,6400,2,-1.0,0.0,0,0
0.5,6400,2,-1.0,0.0,0,0
0.5,3200,22,3783.0,0.83401,6,7
0.5,3200,22,2523.0,0.99996,4,5
0.5,3200,22,2049.0,0.99964,4,5
0.5,3200,22,6607.0,0.99999,1,2
0.5,3200,22,3096.0,0.99756,3,4
0.5,3200,22,3668.0,0.97228,4,5
0.5,3200,22,4893.0,0.99983,2,3
0.5,3200,22,3552.0,0.99474,2,3
0.5,3200,22,2071.0,0.97852,3,4
0.5,3200,22,4103.0,0.99996,2,3
0.5,3200,22,3668.0,0.95932,2,3
0.5,3200,22,3198.0,0.99995,1,2
0.5,3200,22,3221.0,0.90045,2,3
0.5,3200,22,4539.0,0.99402,2,3
0.5,3200,22,4581.0,0.99991,1,2
0.5,3200,22,3002.0,0.75642,2,3
0.5,3200,22,-1.0,0.99785,0,0
0.5,3200,22,2091.0,0.99978,1,2
0.5,3200,22,4226.0,0.99923,1,2
0.5,3200,22,2945.0,0.99003,2,3
0.5,3200,22,4730.0,0.98537,1,2
0.5,3200,22,3595.0,1.0,1,2
0.5,3200,22,1930.0,0.90039,3,4
0.5,3200,22,4736.0,0.53844,1,2
0.5,3200,22,5219.0,0.99402,1,2
0.5,3200,22,3313.0,0.88688,2,3
0.5,3200,22,3843.0,0.88688,1,2
0.5,3200,22,-1.0,1.0,0,0
0.5,3200,22,1104.0,0.85254,1,2
0.5,3200,22,-1.0,0.99999,0,0
0.5,3200,22,2430.0,0.78563,1,2
0.5,3200,22,2069.0,0.99756,1,2
0.5,3200,22,-1.0,0.99998,0,0
0.5,3200,22,-1.0,0.90012,0,0
0.5,3200,22,-1.0,0.33618,0,0
0.5,3200,20,7189.0,0.9403,3,4
0.5,3200,20,1990.0,0.32232,7,8
0.5,3200,20,2497.0,0.99833,5,6
0.5,3200,20,2923.0,0.99989,4,5
0.5,3200,20,3512.0,0.98867,5,6
0.5,3200,20,3551.0,1.0,3,4
0.5,3200,20,1529.0,0.99319,4,5
0.5,3200,20,2749.0,0.92291,3,4
0.5,3200,20,3114.0,0.23231,3,4
0.5,3200,20,1792.0,0.26371,2,3
0.5,3200,20,2553.0,0.72318,3,4
0.5,3200,20,1510.0,0.9994,2,3
0.5,3200,20,1423.0,0.99871,2,3
0.5,3200,20,1651.0,0.9537,2,3
0.5,3200,20,-1.0,1.0,0,0
0.5,3200,20,1322.0,0.99999,1,2
0.5,3200,20,1833.0,1.0,2,3
0.5,3200,20,2739.0,0.32268,2,3
0.5,3200,20,-1.0,1.0,0,0
0.5,3200,20,2201.0,1.0,1,2
0.5,3200,20,804.0,0.99975,3,4
0.5,3200,20,3115.0,0.99947,1,2
0.5,3200,20,1577.0,0.99932,1,2
0.5,3200,20,820.0,1.0,1,2
0.5,3200,20,898.0,0.95867,2,3
0.5,3200,20,2521.0,0.99756,2,3
0.5,3200,20,2829.0,0.9685,2,3
0.5,3200,20,2101.0,0.99912,1,2
0.5,3200,20,2244.0,0.7856,2,3
0.5,3200,20,-1.0,1.0,0,0
0.5,3200,20,4143.0,0.98111,1,2
0.5,3200,20,3676.0,0.9756,1,2
0.5,3200,20,-1.0,0.99996,0,0
0.5,3200,20,-1.0,0.9914,0,0
0.5,3200,20,-1.0,0.1428,0,0
0.5,3200,20,-1.0,0.06,0,0
0.5,3200,20,-1.0,0.06,0,0
0.5,3200,20,-1.0,0.0,0,0
0.5,3200,19,1963.0,0.97226,6,7
0.5,3200,19,2432.0,1.0,3,4
0.5,3200,19,5936.0,0.99982,3,4
0.5,3200,19,3068.0,0.99961,5,6
0.5,3200,19,3566.0,0.99999,2,3
0.5,3200,19,2326.0,0.9968,5,6
0.5,3200,19,3062.0,0.87134,5,6
0.5,3200,19,2001.0,0.81128,4,5
0.5,3200,19,1028.0,0.98316,5,6
0.5,3200,19,5677.0,0.264,3,4
0.5,3200,19,1007.0,0.99979,4,5
0.5,3200,19,4323.0,0.9124,3,4
0.5,3200,19,4887.0,0.99989,2,3
0.5,3200,19,3719.0,0.97839,3,4
0.5,3200,19,4133.0,0.98847,3,4
0.5,3200,19,4044.0,0.9911,2,3
0.5,3200,19,3548.0,0.97851,3,4
0.5,3200,19,1393.0,0.72226,4,5
0.5,3200,19,3930.0,1.0,1,2
0.5,3200,19,2250.0,0.96844,4,5
0.5,3200,19,4794.0,0.99003,2,3
0.5,3200,19,2936.0,0.75642,4,5
0.5,3200,19,5882.0,0.99123,2,3
0.5,3200,19,5877.0,0.99214,1,2
0.5,3200,19,5315.0,0.99519,2,3
0.5,3200,19,3103.0,0.96405,2,3
0.5,3200,19,4144.0,0.99589,1,2
0.5,3200,19,3401.0,0.99951,2,3
0.5,3200,19,2595.0,0.97227,2,3
0.5,3200,19,2680.0,0.23227,2,3
0.5,3200,19,2636.0,0.75636,2,3
0.5,3200,19,3061.0,0.99912,2,3
0.5,3200,19,-1.0,0.99958,0,0
0.5,3200,19,-1.0,0.0,0,0
0.5,3200,19,-1.0,0.0,0,0
0.5,3200,23,6267.0,0.99996,3,4
0.5,3200,23,2036.0,0.68532,4,5
0.5,3200,23,2973.0,0.78565,6,7
0.5,3200,23,4412.0,0.9999,3,4
0.5,3200,23,2298.0,0.99991,4,5
0.5,3200,23,6431.0,0.9642,3,4
0.5,3200,23,2736.0,0.75639,5,6
0.5,3200,23,5024.0,0.99967,3,4
0.5,3200,23,3151.0,0.97228,3,4
0.5,3200,23,2714.0,0.99979,3,4
0.5,3200,23,1169.0,0.99989,3,4
0.5,3200,23,1480.0,0.99917,4,5
0.5,3200,23,2297.0,0.9994,3,4
0.5,3200,23,2849.0,0.99833,2,3
0.5,3200,23,4587.0,0.99996,1,2
0.5,3200,23,3009.0,0.99994,2,3
0.5,3200,23,4380.0,0.97557,2,3
0.5,3200,23,2748.0,0.26439,4,5
0.5,3200,23,928.0,0.99994,2,3
0.5,3200,23,2072.0,0.2636,4,5
0.5,3200,23,4954.0,0.99717,1,2
0.5,3200,23,2737.0,0.99992,2,3
0.5,3200,23,2175.0,0.96849,3,4
0.5,3200,23,-1.0,1.0,0,0
0.5,3200,23,2870.0,0.53843,3,4
0.5,3200,23,-1.0,0.99971,0,0
0.5,3200,23,813.0,0.99995,3,4
0.5,3200,23,4400.0,0.99967,1,2
0.5,3200,23,768.0,0.85007,2,3
0.5,3200,23,4966.0,0.99968,1,2
0.5,3200,23,1226.0,0.9959,2,3
0.5,3200,23,2334.0,0.99971,1,2
0.5,3200,23,3089.0,0.99991,1,2
0.5,3200,23,-1.0,0.41584,0,0
0.5,3200,23,-1.0,0.0,0,0
0.5,3200,23,-1.0,0.0,0,0
0.5,6400,5,5353.0,0.0,3,4
0.5,6400,5,1652.0,0.0,1,2
0.5,6400,5,4623.0,0.0,1,2
0.5,6400,5,6317.0,0.0,1,2
0.5,6400,5,1869.0,0.0,2,3
0.5,6400,5,3925.0,0.0,2,3
0.5,6400,5,-1.0,0.0,0,0
0.5,6400,5,10379.0,0.0,2,3
0.5,6400,5,5103.0,0.0,1,2
0.5,6400,5,4206.0,0.0,1,2
0.5,6400,5,4199.0,0.0,2,3
0.5,6400,5,-1.0,0.0,0,0
0.5,6400,5,-1.0,0.0,0,0
0.5,6400,5,-1.0,0.0,0,0
0.5,6400,5,-1.0,0.0,0,0
0.5,6400,5,-1.0,0.0,0,0
0.5,6400,5,-1.0,0.0,0,0
0.5,6400,5,-1.0,0.0,0,0
0.5,6400,5,-1.0,0.0,0,0
0.5,6400,5,-1.0,0.0,0,0
0.5,6400,4,2751.0,0.99971,2,3
0.5,6400,4,5585.0,1.0,1,2
0.5,6400,4,4930.0,0.42573,1,2
0.5,6400,4,961.0,0.99991,4,5
0.5,6400,4,8067.0,0.98669,2,3
0.5,6400,4,6112.0,0.53835,2,3
0.5,6400,4,-1.0,1.0,0,0
0.5,6400,4,3092.0,0.90023,1,2
0.5,6400,4,4001.0,0.99987,1,2
0.5,6400,4,-1.0,0.32271,0,0
0.5,6400,4,3521.0,0.99811,1,2
0.5,6400,4,-1.0,0.9995,0,0
0.5,6400,4,-1.0,0.99568,0,0
0.5,6400,4,-1.0,0.99973,0,0
0.5,6400,4,-1.0,0.59805,0,0
0.5,6400,4,-1.0,1.0,0,0
0.5,6400,4,-1.0,0.99969,0,0
0.5,6400,4,-1.0,0.57817,0,0
0.5,6400,4,-1.0,0.98713,0,0
0.5,6400,4,-1.0,1.0,0,0
0.5,6400,4,-1.0,0.59159,0,0
0.5,6400,4,-1.0,0.99953,0,0
0.5,6400,4,-1.0,1.0,0,0
0.5,6400,4,-1.0,1.0,0,0
0.5,6400,4,-1.0,0.9642,0,0
0.5,6400,4,-1.0,0.99989,0,0
0.5,6400,4,-1.0,0.99902,0,0
0.5,6400,4,-1.0,0.99968,0,0
0.5,6400,4,-1.0,0.99987,0,0
0.5,6400,4,-1.0,0.9996,0,0
0.5,6400,4,-1.0,0.99885,0,0
0.5,6400,4,-1.0,0.99728,0,0
0.5,6400,4,-1.0,0.99401,0,0
0.5,6400,4,-1.0,0.33615,0,0
0.5,6400,4,-1.0,0.06,0,0
0.5,3200,24,1331.0,1.0,6,7
0.5,3200,24,2159.0,0.85388,4,5
0.5,3200,24,1145.0,0.99828,5,6
0.5,3200,24,2728.0,0.97224,5,6
0.5,3200,24,4154.0,0.99887,4,5
0.5,3200,24,1952.0,0.92282,3,4
0.5,3200,24,3045.0,0.99947,3,4
0.5,3200,24,2216.0,0.99719,5,6
0.5,3200,24,2648.0,0.99987,4,5
0.5,3200,24,3330.0,0.23231,4,5
0.5,3200,24,1459.0,0.99985,4,5
0.5,3200,24,805.0,0.9971,4,5
0.5,3200,24,942.0,0.99217,3,4
0.5,3200,24,2887.0,0.99887,3,4
0.5,3200,24,2392.0,1.0,2,3
0.5,3200,24,4474.0,0.99781,4,5
0.5,3200,24,1437.0,0.91214,3,4
0.5,3200,24,2555.0,0.99469,3,4
0.5,3200,24,2356.0,0.9756,3,4
0.5,3200,24,4682.0,0.99987,2,3
0.5,3200,24,1659.0,0.99996,2,3
0.5,3200,24,3208.0,0.26399,3,4
0.5,3200,24,4424.0,0.99991,1,2
0.5,3200,24,2369.0,1.0,2,3
0.5,3200,24,-1.0,0.99995,0,0
0.5,3200,24,5539.0,0.40397,1,2
0.5,3200,24,4752.0,0.4755,3,4
0.5,3200,24,1905.0,0.26393,3,4
0.5,3200,24,-1.0,1.0,0,0
0.5,3200,24,4262.0,0.53842,2,3
0.5,3200,24,2048.0,0.99777,2,3
0.5,3200,24,1762.0,0.99886,2,3
0.5,3200,24,1551.0,0.72259,3,4
0.5,3200,24,-1.0,0.33618,0,0
0.5,3200,24,-1.0,0.24566,0,0
0.5,3200,24,-1.0,0.24566,0,0
0.5,3200,24,-1.0,0.06,0,0
0.5,3200,24,-1.0,0.0,0,0
0.5,3200,24,-1.0,0.0,0,0
0.5,6400,6,7472.0,0.72321,3,4
0.5,6400,6,4709.0,0.99474,1,2
0.5,6400,6,4583.0,0.99995,2,3
0.5,6400,6,4501.0,0.97849,1,2
0.5,6400,6,8121.0,0.99996,1,2
0.5,6400,6,2267.0,0.99964,1,2
0.5,6400,6,4239.0,0.99947,1,2
0.5,6400,6,-1.0,1.0,0,0
0.5,6400,6,3603.0,1.0,1,2
0.5,6400,6,-1.0,0.64253,0,0
0.5,6400,6,-1.0,1.0,0,0
0.5,6400,6,-1.0,1.0,0,0
0.5,6400,6,-1.0,1.0,0,0
0.5,6400,6,-1.0,1.0,0,0
0.5,6400,6,-1.0,0.92291,0,0
0.5,6400,6,-1.0,0.26398,0,0
0.5,6400,6,-1.0,0.99996,0,0
0.5,6400,6,-1.0,0.9685,0,0
0.5,6400,6,-1.0,0.92291,0,0
0.5,6400,6,-1.0,0.99992,0,0
0.5,6400,6,-1.0,0.94747,0,0
0.5,6400,6,-1.0,0.99994,0,0
0.5,6400,6,-1.0,0.99958,0,0
0.5,6400,6,-1.0,0.99924,0,0
0.5,6400,6,-1.0,0.99243,0,0
0.5,6400,6,-1.0,0.96912,0,0
0.5,6400,6,-1.0,0.95469,0,0
0.5,6400,6,-1.0,0.92445,0,0
0.5,6400,6,-1.0,0.90244,0,0
0.5,6400,6,-1.0,0.90244,0,0
0.5,6400,6,-1.0,0.60191,0,0
0.5,6400,6,-1.0,0.48587,0,0
0.5,6400,6,-1.0,0.0,0,0
0.5,6400,7,-1.0,1.0,0,0
0.5,6400,7,-1.0,0.99998,0,0
0.5,6400,7,3618.0,0.99999,3,4
0.5,6400,7,6477.0,1.0,1,2
0.5,6400,7,-1.0,0.99833,0,0
0.5,6400,7,-1.0,1.0,0,0
0.5,6400,7,-1.0,0.99869,0,0
0.5,6400,7,-1.0,0.99999,0,0
0.5,6400,7,3344.0,0.99912,1,2
0.5,6400,7,-1.0,1.0,0,0
0.5,6400,7,-1.0,0.64257,0,0
0.5,6400,7,-1.0,0.99123,0,0
0.5,6400,7,-1.0,1.0,0,0
0.5,6400,7,-1.0,0.99999,0,0
0.5,6400,7,-1.0,0.99998,0,0
0.5,6400,7,-1.0,0.99874,0,0
0.5,6400,7,-1.0,0.99811,0,0
0.5,6400,7,-1.0,0.99761,0,0
0.5,6400,7,-1.0,0.98738,0,0
0.5,6400,7,-1.0,0.48594,0,0
0.5,6400,8,7187.0,0.99959,2,3
0.5,6400,8,2904.0,0.99932,3,4
0.5,6400,8,7035.0,0.26444,3,4
0.5,6400,8,7226.0,1.0,1,2
0.5,6400,8,3628.0,1.0,1,2
0.5,6400,8,-1.0,1.0,0,0
0.5,6400,8,-1.0,1.0,0,0
0.5,6400,8,-1.0,0.99997,0,0
0.5,6400,8,-1.0,1.0,0,0
0.5,6400,8,-1.0,0.99996,0,0
0.5,6400,8,-1.0,0.90046,0,0
0.5,6400,8,-1.0,0.99537,0,0
0.5,6400,8,-1.0,1.0,0,0
0.5,6400,8,-1.0,0.99999,0,0
0.5,6400,8,-1.0,0.99996,0,0
0.5,6400,8,-1.0,0.99995,0,0
0.5,6400,8,-1.0,0.99941,0,0
0.5,6400,8,-1.0,0.99902,0,0
0.5,6400,8,-1.0,0.99414,0,0
0.5,6400,8,-1.0,0.87401,0,0
0.5,6400,8,-1.0,0.06,0,0
0.5,6400,9,-1.0,1.0,0,0
0.5,6400,9,-1.0,0.0,0,0
0.5,6400,9,7373.0,0.0,1,2
0.5,6400,9,4352.0,0.99989,1,2
0.5,6400,9,3070.0,1.0,1,2
0.5,6400,9,-1.0,0.99912,0,0
0.5,6400,9,5474.0,0.99991,1,2
0.5,6400,9,-1.0,0.9685,0,0
0.5,6400,9,-1.0,0.9685,0,0
0.5,6400,9,-1.0,0.99923,0,0
0.5,6400,9,-1.0,0.99989,0,0
0.5,6400,9,-1.0,0.99984,0,0
0.5,6400,9,-1.0,0.99889,0,0
0.5,6400,9,-1.0,0.99874,0,0
0.5,6400,9,-1.0,0.96013,0,0
0.5,6400,9,-1.0,0.96013,0,0
0.5,6400,9,-1.0,0.0,0,0
0.5,6400,10,10032.0,0.0,1,2
0.5,6400,10,11414.0,0.0,1,2
0.5,6400,10,4700.0,0.99722,2,3
0.5,6400,10,5587.0,1.0,1,2
0.5,6400,10,2511.0,0.0,1,2
0.5,6400,10,4340.0,1.0,1,2
0.5,6400,10,4078.0,0.72321,2,3
0.5,6400,10,3931.0,0.98537,1,2
0.5,6400,10,-1.0,0.99976,0,0
0.5,6400,10,2967.0,0.78565,1,2
0.5,6400,10,-1.0,1.0,0,0
0.5,6400,10,-1.0,0.88688,0,0
0.5,6400,10,-1.0,0.75642,0,0
0.5,6400,10,-1.0,1.0,0,0
0.5,6400,10,-1.0,0.99998,0,0
0.5,6400,10,-1.0,0.99965,0,0
0.5,6400,10,-1.0,0.85273,0,0
0.5,6400,10,-1.0,0.98148,0,0
0.5,6400,10,-1.0,0.85683,0,0
0.5,6400,10,-1.0,0.78992,0,0
0.5,6400,10,-1.0,0.69172,0,0
0.5,6400,10,-1.0,0.69172,0,0
0.5,6400,10,-1.0,0.64968,0,0
0.5,6400,11,6864.0,0.0,2,3
0.5,6400,11,2244.0,0.0,1,2
0.5,6400,11,4411.0,0.0,2,3
0.5,6400,11,9028.0,0.0,1,2
0.5,6400,11,3292.0,0.0,3,4
0.5,6400,11,11449.0,0.98867,1,2
0.5,6400,11,2998.0,0.0,2,3
0.5,6400,11,4333.0,0.0,2,3
0.5,6400,11,13387.0,0.0,2,3
0.5,6400,11,-1.0,0.0,0,0
0.5,6400,11,3619.0,1.0,1,2
0.5,6400,11,-1.0,1.0,0,0
0.5,6400,11,-1.0,0.83401,0,0
0.5,6400,11,-1.0,1.0,0,0
0.5,6400,11,-1.0,0.0,0,0
0.5,6400,11,-1.0,0.0,0,0
0.5,6400,11,-1.0,0.98566,0,0
0.5,6400,11,-1.0,0.0,0,0
0.5,6400,11,-1.0,0.76127,0,0
0.5,6400,11,-1.0,0.0,0,0
0.5,6400,11,-1.0,0.0,0,0
0.5,6400,14,11140.0,1.0,1,2
0.5,6400,14,4133.0,0.83401,3,4
0.5,6400,14,7542.0,1.0,1,2
0.5,6400,14,12861.0,0.0,1,2
0.5,6400,14,3560.0,0.4755,1,2
0.5,6400,14,4762.0,0.9756,2,3
0.5,6400,14,-1.0,1.0,0,0
0.5,6400,14,3225.0,0.85393,1,2
0.5,6400,14,-1.0,0.99954,0,0
0.5,6400,14,-1.0,1.0,0,0
0.5,6400,14,-1.0,0.9403,0,0
0.5,6400,14,-1.0,1.0,0,0
0.5,6400,14,-1.0,0.95932,0,0
0.5,6400,14,-1.0,1.0,0,0
0.5,6400,14,-1.0,0.99999,0,0
0.5,6400,14,-1.0,0.99999,0,0
0.5,6400,14,-1.0,0.99933,0,0
0.5,6400,14,-1.0,0.96912,0,0
0.5,6400,14,-1.0,0.94149,0,0
0.5,6400,14,-1.0,0.92445,0,0
0.5,6400,14,-1.0,0.81513,0,0
0.5,6400,14,-1.0,0.76127,0,0
0.5,6400,14,-1.0,0.33618,0,0
0.5,6400,14,-1.0,0.0,0,0
0.5,6400,15,2421.0,0.0,1,2
0.5,6400,15,5710.0,0.0,2,3
0.5,6400,15,4410.0,0.0,1,2
0.5,6400,15,5222.0,0.0,3,4
0.5,6400,15,2337.0,0.0,4,5
0.5,6400,15,3582.0,0.0,3,4
0.5,6400,15,5488.0,0.0,1,2
0.5,6400,15,-1.0,0.0,0,0
0.5,6400,15,-1.0,0.0,0,0
0.5,6400,15,-1.0,0.0,0,0
0.5,6400,15,-1.0,0.0,0,0
0.5,6400,15,-1.0,0.0,0,0
0.5,6400,15,-1.0,0.0,0,0
0.5,6400,15,-1.0,0.0,0,0
0.5,6400,15,-1.0,0.0,0,0
0.5,6400,15,-1.0,0.0,0,0
0.5,6400,15,-1.0,0.0,0,0
0.5,6400,15,-1.0,0.0,0,0
0.5,6400,15,-1.0,0.0,0,0
0.5,6400,16,-1.0,0.0,0,0
0.5,6400,16,7080.0,0.18977,1,2
0.5,6400,16,5052.0,0.99954,2,3
0.5,6400,16,6869.0,1.0,2,3
0.5,6400,16,-1.0,0.99853,0,0
0.5,6400,16,6316.0,0.59383,1,2
0.5,6400,16,5266.0,0.99871,1,2
0.5,6400,16,3775.0,0.10944,1,2
0.5,6400,16,-1.0,0.97228,0,0
0.5,6400,16,-1.0,1.0,0,0
0.5,6400,16,-1.0,0.75642,0,0
0.5,6400,16,-1.0,1.0,0,0
0.5,6400,16,-1.0,0.0,0,0
0.5,6400,16,-1.0,0.99933,0,0
0.5,6400,16,-1.0,0.99837,0,0
0.5,6400,16,-1.0,0.99789,0,0
0.5,6400,16,-1.0,0.19261,0,0
0.5,6400,16,-1.0,0.96013,0,0
0.5,6400,16,-1.0,0.69172,0,0
0.5,6400,16,-1.0,0.41584,0,0
0.5,6400,13,2037.0,1.0,3,4
0.5,6400,13,9023.0,0.99785,2,3
0.5,6400,13,3230.0,0.90045,3,4
0.5,6400,13,3596.0,0.99786,2,3
0.5,6400,13,3036.0,0.98537,2,3
0.5,6400,13,786.0,1.0,1,2
0.5,6400,13,4290.0,0.99999,1,2
0.5,6400,13,5070.0,0.264,1,2
0.5,6400,13,5789.0,0.999,1,2
0.5,6400,13,-1.0,0.999,0,0
0.5,6400,13,-1.0,0.99763,0,0
0.5,6400,13,5322.0,0.95377,1,2
0.5,6400,13,-1.0,1.0,0,0
0.5,6400,13,-1.0,1.0,0,0
0.5,6400,13,-1.0,1.0,0,0
0.5,6400,13,-1.0,0.9685,0,0
0.5,6400,13,-1.0,0.99987,0,0
0.5,6400,13,-1.0,0.9998,0,0
0.5,6400,13,-1.0,1.0,0,0
0.5,6400,13,-1.0,0.53844,0,0
0.5,6400,13,-1.0,1.0,0,0
0.5,6400,13,-1.0,0.99122,0,0
0.5,6400,13,-1.0,0.99999,0,0
0.5,6400,13,-1.0,0.99999,0,0
0.5,6400,13,-1.0,0.99999,0,0
0.5,6400,13,-1.0,0.99984,0,0
0.5,6400,13,-1.0,0.99856,0,0
0.5,6400,13,-1.0,0.99856,0,0
0.5,6400,13,-1.0,0.99713,0,0
0.5,6400,13,-1.0,0.99691,0,0
0.5,6400,13,-1.0,0.99728,0,0
0.5,6400,13,-1.0,0.98738,0,0
0.5,6400,13,-1.0,0.97896,0,0
0.5,6400,13,-1.0,0.96013,0,0
0.5,6400,13,-1.0,0.93351,0,0
0.5,6400,13,-1.0,0.33618,0,0
0.5,6400,13,-1.0,0.0,0,0
0.5,6400,17,-1.0,0.0,0,0
0.5,6400,17,9781.0,0.0,1,2
0.5,6400,17,4712.0,0.0,3,4
0.5,6400,17,9169.0,0.0,2,3
0.5,6400,17,4670.0,0.0,1,2
0.5,6400,17,7794.0,0.99999,1,2
0.5,6400,17,5964.0,1.0,1,2
0.5,6400,17,-1.0,1.0,0,0
0.5,6400,17,-1.0,0.99996,0,0
0.5,6400,17,-1.0,1.0,0,0
0.5,6400,17,-1.0,0.0,0,0
0.5,6400,17,-1.0,0.0,0,0
0.5,6400,17,4779.0,0.59383,1,2
0.5,6400,17,-1.0,0.99997,0,0
0.5,6400,17,-1.0,1.0,0,0
0.5,6400,17,-1.0,0.9593,0,0
0.5,6400,17,-1.0,0.94148,0,0
0.5,6400,17,-1.0,0.0,0,0
0.5,6400,17,-1.0,0.41584,0,0
0.5,6400,12,-1.0,1.0,0,0
0.5,6400,12,11221.0,0.99156,1,2
0.5,6400,12,5390.0,1.0,3,4
0.5,6400,12,3838.0,0.99252,1,2
0.5,6400,12,6150.0,0.99981,1,2
0.5,6400,12,8918.0,0.92288,2,3
0.5,6400,12,3780.0,1.0,1,2
0.5,6400,12,7788.0,0.99984,2,3
0.5,6400,12,4667.0,0.99043,1,2
0.5,6400,12,4297.0,0.99998,1,2
0.5,6400,12,5721.0,0.99395,1,2
0.5,6400,12,5879.0,0.95373,1,2
0.5,6400,12,3481.0,0.99833,1,2
0.5,6400,12,-1.0,0.99979,0,0
0.5,6400,12,4609.0,0.99998,1,2
0.5,6400,12,2809.0,0.99999,1,2
0.5,6400,12,-1.0,0.98916,0,0
0.5,6400,12,-1.0,0.99833,0,0
0.5,6400,12,4724.0,0.47551,1,2
0.5,6400,12,-1.0,0.99995,0,0
0.5,6400,12,-1.0,0.53842,0,0
0.5,6400,12,1807.0,0.98536,1,2
0.5,6400,12,-1.0,0.99756,0,0
0.5,6400,12,-1.0,0.99158,0,0
0.5,6400,12,-1.0,1.0,0,0
0.5,6400,12,-1.0,0.53844,0,0
0.5,6400,12,-1.0,1.0,0,0
0.5,6400,12,-1.0,1.0,0,0
0.5,6400,12,-1.0,0.98889,0,0
0.5,6400,12,-1.0,0.9897,0,0
0.5,6400,12,-1.0,0.99998,0,0
0.5,6400,12,-1.0,0.99998,0,0
0.5,6400,12,-1.0,0.99997,0,0
0.5,6400,12,-1.0,0.85391,0,0
0.5,6400,12,-1.0,0.41584,0,0
0.5,6400,12,-1.0,0.33617,0,0
0.5,6400,12,-1.0,0.33618,0,0
0.5,6400,18,13191.0,0.9685,1,2
0.5,6400,18,2734.0,0.98537,4,5
0.5,6400,18,5740.0,0.9756,1,2
0.5,6400,18,7360.0,1.0,1,2
0.5,6400,18,8406.0,0.99003,1,2
0.5,6400,18,-1.0,1.0,0,0
0.5,6400,18,-1.0,1.0,0,0
0.5,6400,18,3982.0,0.999,1,2
0.5,6400,18,-1.0,0.3,0,0
0.5,6400,18,-1.0,0.9994,0,0
0.5,6400,18,-1.0,1.0,0,0
0.5,6400,18,-1.0,1.0,0,0
0.5,6400,18,-1.0,1.0,0,0
0.5,6400,18,-1.0,1.0,0,0
0.5,6400,18,-1.0,0.99999,0,0
0.5,6400,18,-1.0,0.99924,0,0
0.5,6400,18,-1.0,0.99874,0,0
0.5,6400,18,-1.0,0.98738,0,0
0.5,6400,18,-1.0,0.97896,0,0
0.5,6400,18,-1.0,0.96912,0,0
0.5,6400,18,-1.0,0.95469,0,0
0.5,6400,18,-1.0,0.0,0,0
0.5,6400,20,1980.0,0.99811,2,3
0.5,6400,20,8918.0,0.26444,2,3
0.5,6400,20,2351.0,0.0,2,3
0.5,6400,20,4098.0,0.0,1,2
0.5,6400,20,4651.0,0.0,3,4
0.5,6400,20,11599.0,0.99964,1,2
0.5,6400,20,-1.0,1.0,0,0
0.5,6400,20,2861.0,0.9685,1,2
0.5,6400,20,5636.0,0.68546,1,2
0.5,6400,20,-1.0,0.99978,0,0
0.5,6400,20,-1.0,0.83401,0,0
0.5,6400,20,-1.0,0.0,0,0
0.5,6400,20,-1.0,1.0,0,0
0.5,6400,20,-1.0,1.0,0,0
0.5,6400,20,-1.0,0.99973,0,0
0.5,6400,20,-1.0,0.99948,0,0
0.5,6400,20,-1.0,0.99728,0,0
0.5,6400,20,-1.0,0.95469,0,0
0.5,6400,20,-1.0,0.78992,0,0
0.5,6400,20,-1.0,0.60191,0,0
0.5,6400,20,-1.0,0.0,0,0
0.5,6400,21,2366.0,0.9994,2,3
0.5,6400,21,6208.0,0.0,1,2
0.5,6400,21,7180.0,0.0,2,3
0.5,6400,21,9739.0,0.0,2,3
0.5,6400,21,6602.0,0.0,1,2
0.5,6400,21,7724.0,0.0,1,2
0.5,6400,21,6682.0,0.0,1,2
0.5,6400,21,-1.0,0.0,0,0
0.5,6400,21,-1.0,1.0,0,0
0.5,6400,21,-1.0,1.0,0,0
0.5,6400,21,-1.0,1.0,0,0
0.5,6400,21,-1.0,0.0,0,0
0.5,6400,21,-1.0,0.0,0,0
0.5,6400,21,-1.0,0.0,0,0
0.5,6400,21,-1.0,0.0,0,0
0.5,6400,21,-1.0,0.0,0,0
0.5,6400,21,-1.0,0.99914,0,0
0.5,6400,19,2533.0,0.99756,4,5
0.5,6400,19,2943.0,1.0,2,3
0.5,6400,19,7756.0,0.99986,1,2
0.5,6400,19,12804.0,0.99218,1,2
0.5,6400,19,4766.0,1.0,1,2
0.5,6400,19,7744.0,0.99999,1,2
0.5,6400,19,-1.0,0.99989,0,0
0.5,6400,19,7665.0,0.99935,1,2
0.5,6400,19,5174.0,0.99997,2,3
0.5,6400,19,5492.0,0.95932,1,2
0.5,6400,19,-1.0,1.0,0,0
0.5,6400,19,-1.0,1.0,0,0
0.5,6400,19,-1.0,0.99956,0,0
0.5,6400,19,2575.0,0.99684,1,2
0.5,6400,19,-1.0,1.0,0,0
0.5,6400,19,-1.0,0.98111,0,0
0.5,6400,19,-1.0,1.0,0,0
0.5,6400,19,-1.0,1.0,0,0
0.5,6400,19,-1.0,1.0,0,0
0.5,6400,19,-1.0,0.99991,0,0
0.5,6400,19,-1.0,0.99999,0,0
0.5,6400,19,-1.0,0.2644,0,0
0.5,6400,19,-1.0,1.0,0,0
0.5,6400,19,-1.0,1.0,0,0
0.5,6400,19,-1.0,0.99756,0,0
0.5,6400,19,-1.0,0.99999,0,0
0.5,6400,19,-1.0,0.75642,0,0
0.5,6400,19,-1.0,0.99996,0,0
0.5,6400,19,-1.0,0.99944,0,0
0.5,6400,19,-1.0,0.99914,0,0
0.5,6400,19,-1.0,0.99649,0,0
0.5,6400,19,-1.0,0.99649,0,0
0.5,6400,19,-1.0,0.99601,0,0
0.5,6400,19,-1.0,0.98885,0,0
0.5,6400,19,-1.0,0.05998,0,0
0.5,6400,22,3113.0,0.99722,3,4
0.5,6400,22,7268.0,1.0,1,2
0.5,6400,22,4605.0,0.99923,3,4
0.5,6400,22,-1.0,0.99993,0,0
0.5,6400,22,-1.0,0.99999,0,0
0.5,6400,22,-1.0,1.0,0,0
0.5,6400,22,-1.0,1.0,0,0
0.5,6400,22,-1.0,0.98337,0,0
0.5,6400,22,-1.0,1.0,0,0
0.5,6400,22,-1.0,0.99537,0,0
0.5,6400,22,-1.0,1.0,0,0
0.5,6400,22,-1.0,0.32271,0,0
0.5,6400,22,-1.0,0.98337,0,0
0.5,6400,22,-1.0,0.99999,0,0
0.5,6400,22,-1.0,0.99991,0,0
0.5,6400,22,-1.0,0.99889,0,0
0.5,6400,22,-1.0,0.99601,0,0
0.5,6400,22,-1.0,0.99414,0,0
0.5,6400,22,-1.0,0.97896,0,0
0.5,6400,22,-1.0,0.97609,0,0
0.5,6400,22,-1.0,0.1428,0,0
0.5,6400,23,6614.0,0.99781,2,3
0.5,6400,23,4182.0,0.99871,2,3
0.5,6400,23,2430.0,0.99999,2,3
0.5,6400,23,6731.0,0.99996,2,3
0.5,6400,23,-1.0,0.93915,0,0
0.5,6400,23,6273.0,1.0,1,2
0.5,6400,23,-1.0,1.0,0,0
0.5,6400,23,-1.0,0.99996,0,0
0.5,6400,23,-1.0,0.97557,0,0
0.5,6400,23,-1.0,0.99995,0,0
0.5,6400,23,4390.0,0.9999,1,2
0.5,6400,23,-1.0,1.0,0,0
0.5,6400,23,-1.0,0.99995,0,0
0.5,6400,23,-1.0,0.99996,0,0
0.5,6400,23,-1.0,0.99995,0,0
0.5,6400,23,-1.0,1.0,0,0
0.5,6400,23,-1.0,1.0,0,0
0.5,6400,23,-1.0,0.87146,0,0
0.5,6400,23,-1.0,0.99985,0,0
0.5,6400,23,-1.0,1.0,0,0
0.5,6400,23,-1.0,0.99997,0,0
0.5,6400,23,-1.0,1.0,0,0
0.5,6400,23,-1.0,0.99998,0,0
0.5,6400,23,-1.0,0.99993,0,0
0.5,6400,23,-1.0,0.99987,0,0
0.5,6400,23,-1.0,0.99979,0,0
0.5,6400,23,-1.0,0.99815,0,0
0.5,6400,23,-1.0,0.99685,0,0
0.5,6400,23,-1.0,0.96487,0,0
0.5,6400,23,-1.0,0.9284,0,0
0.5,6400,23,-1.0,0.81513,0,0
0.5,6400,24,5167.0,0.47551,2,3
0.5,6400,24,7605.0,0.64257,2,3
0.5,6400,24,4639.0,0.99996,2,3
0.5,6400,24,6383.0,0.99995,1,2
0.5,6400,24,3239.0,0.9403,3,4
0.5,6400,24,-1.0,0.99997,0,0
0.5,6400,24,4126.0,0.99994,1,2
0.5,6400,24,-1.0,1.0,0,0
0.5,6400,24,6931.0,0.53844,1,2
0.5,6400,24,-1.0,0.99985,0,0
0.5,6400,24,-1.0,1.0,0,0
0.5,6400,24,-1.0,0.99995,0,0
0.5,6400,24,-1.0,1.0,0,0
0.5,6400,24,-1.0,0.99994,0,0
0.5,6400,24,-1.0,1.0,0,0
0.5,6400,24,-1.0,0.99995,0,0
0.5,6400,24,-1.0,0.23232,0,0
0.5,6400,24,-1.0,0.99992,0,0
0.5,6400,24,-1.0,0.99995,0,0
0.5,6400,24,-1.0,0.99985,0,0
0.5,6400,24,-1.0,0.48594,0,0
0.5,6400,24,-1.0,0.33618,0,0
0.5,6400,24,-1.0,0.24566,0,0
0.5,6400,24,-1.0,0.0,0,0
0.8,3200,5,2332.0,0.99947,3,4
0.8,3200,5,1297.0,0.99997,3,4
0.8,3200,5,5973.0,0.99123,2,3
0.8,3200,5,484.0,0.94407,2,3
0.8,3200,5,3712.0,0.99003,1,2
0.8,3200,5,-1.0,0.99997,0,0
0.8,3200,5,1227.0,0.99922,1,2
0.8,3200,5,-1.0,1.0,0,0
0.8,3200,5,-1.0,0.95377,0,0
0.8,3200,5,2018.0,0.98866,1,2
0.8,3200,5,-1.0,0.99998,0,0
0.8,3200,5,2006.0,0.81128,1,2
0.8,3200,5,-1.0,0.99998,0,0
0.8,3200,5,-1.0,0.99998,0,0
0.8,3200,5,-1.0,0.47549,0,0
0.8,3200,5,-1.0,0.98711,0,0
0.8,3200,5,-1.0,0.9996,0,0
0.8,3200,5,-1.0,0.99933,0,0
0.8,3200,5,-1.0,0.88659,0,0
0.8,3200,5,-1.0,0.98738,0,0
0.8,3200,5,-1.0,0.83022,0,0
0.8,3200,5,-1.0,0.98371,0,0
0.8,3200,5,-1.0,0.98371,0,0
0.8,3200,5,-1.0,0.91802,0,0
0.8,3200,5,-1.0,0.38643,0,0
0.8,3200,5,-1.0,0.92445,0,0
0.8,3200,5,-1.0,0.90244,0,0
0.8,3200,5,-1.0,0.76127,0,0
0.8,3200,5,-1.0,0.33618,0,0
0.8,3200,5,-1.0,0.1428,0,0
0.8,3200,0,1231.0,0.99886,5,6
0.8,3200,0,1872.0,0.99979,3,4
0.8,3200,0,2005.0,0.99886,4,5
0.8,3200,0,2371.0,0.99989,4,5
0.8,3200,0,5509.0,0.99999,2,3
0.8,3200,0,6542.0,0.32271,1,2
0.8,3200,0,1277.0,0.85319,6,7
0.8,3200,0,2388.0,1.0,1,2
0.8,3200,0,2689.0,0.99995,2,3
0.8,3200,0,4728.0,0.99959,3,4
0.8,3200,0,1837.0,0.87135,4,5
0.8,3200,0,6721.0,1.0,1,2
0.8,3200,0,965.0,0.99985,2,3
0.8,3200,0,1249.0,0.99861,3,4
0.8,3200,0,1575.0,0.99968,3,4
0.8,3200,0,1469.0,1.0,2,3
0.8,3200,0,9087.0,0.99003,1,2
0.8,3200,0,2001.0,0.99474,2,3
0.8,3200,0,-1.0,0.99988,0,0
0.8,3200,0,2899.0,0.9998,1,2
0.8,3200,0,9096.0,0.264,1,2
0.8,3200,0,3237.0,1.0,1,2
0.8,3200,0,-1.0,0.99992,0,0
0.8,3200,0,846.0,0.58542,3,4
0.8,3200,0,2249.0,0.99457,2,3
0.8,3200,0,-1.0,0.99989,0,0
0.8,3200,0,5137.0,0.59374,1,2
0.8,3200,0,-1.0,0.99981,0,0
0.8,3200,0,-1.0,0.59383,0,0
0.8,3200,0,-1.0,0.98321,0,0
0.8,3200,0,-1.0,0.99993,0,0
0.8,3200,0,-1.0,0.9999,0,0
0.8,3200,0,-1.0,0.48571,0,0
0.8,3200,0,-1.0,0.41584,0,0
0.8,3200,0,-1.0,0.1428,0,0
0.8,3200,0,-1.0,0.0,0,0
0.8,3200,1,2232.0,0.98537,2,3
0.8,3200,1,9578.0,0.95727,2,3
0.8,3200,1,4514.0,0.87146,4,5
0.8,3200,1,5463.0,0.99964,4,5
0.8,3200,1,4103.0,1.0,2,3
0.8,3200,1,1735.0,0.99998,5,6
0.8,3200,1,2305.0,0.90044,6,7
0.8,3200,1,-1.0,0.99474,0,0
0.8,3200,1,2995.0,0.94747,3,4
0.8,3200,1,2284.0,0.99999,4,5
0.8,3200,1,2752.0,0.99912,4,5
0.8,3200,1,4348.0,0.87146,2,3
0.8,3200,1,1213.0,1.0,2,3
0.8,3200,1,3707.0,1.0,1,2
0.8,3200,1,1716.0,1.0,4,5
0.8,3200,1,1365.0,0.47347,3,4
0.8,3200,1,4687.0,0.53844,3,4
0.8,3200,1,1045.0,0.97832,3,4
0.8,3200,1,9431.0,0.94747,1,2
0.8,3200,1,-1.0,0.94747,0,0
0.8,3200,1,2151.0,0.99976,3,4
0.8,3200,1,4539.0,0.86033,3,4
0.8,3200,1,2108.0,0.88684,2,3
0.8,3200,1,1059.0,0.28926,3,4
0.8,3200,1,2539.0,0.98912,1,2
0.8,3200,1,4296.0,0.99593,2,3
0.8,3200,1,-1.0,1.0,0,0
0.8,3200,1,854.0,0.98303,3,4
0.8,3200,1,1625.0,0.78526,2,3
0.8,3200,1,-1.0,0.85393,0,0
0.8,3200,1,-1.0,0.98763,0,0
0.8,3200,1,-1.0,0.59383,0,0
0.8,3200,1,-1.0,0.97853,0,0
0.8,3200,1,-1.0,0.41584,0,0
0.8,3200,1,-1.0,0.33618,0,0
0.8,3200,1,-1.0,0.33618,0,0
0.8,3200,1,-1.0,0.0,0,0
0.8,3200,3,2067.0,0.99853,7,8
0.8,3200,3,1331.0,0.32008,4,5
0.8,3200,3,5849.0,0.88688,3,4
0.8,3200,3,3430.0,0.98867,5,6
0.8,3200,3,5505.0,1.0,4,5
0.8,3200,3,1074.0,0.83243,5,6
0.8,3200,3,3909.0,1.0,3,4
0.8,3200,3,1335.0,0.26104,4,5
0.8,3200,3,6564.0,0.64257,2,3
0.8,3200,3,2224.0,0.97853,5,6
0.8,3200,3,-1.0,0.99474,0,0
0.8,3200,3,-1.0,1.0,0,0
0.8,3200,3,4017.0,0.99833,1,2
0.8,3200,3,4199.0,1.0,1,2
0.8,3200,3,8527.0,0.72321,1,2
0.8,3200,3,-1.0,0.99989,0,0
0.8,3200,3,4091.0,0.99853,2,3
0.8,3200,3,1997.0,0.99833,2,3
0.8,3200,3,5107.0,0.47551,4,5
0.8,3200,3,-1.0,0.99972,0,0
0.8,3200,3,2411.0,0.99999,1,2
0.8,3200,3,-1.0,1.0,0,0
0.8,3200,3,4798.0,0.99402,1,2
0.8,3200,3,1456.0,0.81081,1,2
0.8,3200,3,4699.0,0.99981,1,2
0.8,3200,3,3612.0,0.99923,2,3
0.8,3200,3,730.0,0.99828,1,2
0.8,3200,3,-1.0,0.99537,0,0
0.8,3200,3,-1.0,1.0,0,0
0.8,3200,3,-1.0,0.98536,0,0
0.8,3200,3,-1.0,0.87116,0,0
0.8,3200,3,-1.0,0.97283,0,0
0.8,3200,3,-1.0,0.85683,0,0
0.8,3200,3,-1.0,0.33618,0,0
0.8,3200,3,-1.0,0.06,0,0
0.8,3200,3,-1.0,0.0,0,0
0.8,3200,2,2930.0,0.99871,3,4
0.8,3200,2,3247.0,0.99983,8,9
0.8,3200,2,4988.0,0.99882,3,4
0.8,3200,2,2299.0,0.81134,7,8
0.8,3200,2,890.0,1.0,3,4
0.8,3200,2,1449.0,0.6415,4,5
0.8,3200,2,3246.0,1.0,2,3
0.8,3200,2,2226.0,0.72314,3,4
0.8,3200,2,5241.0,0.99756,2,3
0.8,3200,2,4854.0,0.98537,2,3
0.8,3200,2,5707.0,0.99402,4,5
0.8,3200,2,6921.0,0.99983,1,2
0.8,3200,2,1963.0,0.99928,2,3
0.8,3200,2,3796.0,0.99993,2,3
0.8,3200,2,2275.0,0.94746,3,4
0.8,3200,2,3306.0,1.0,1,2
0.8,3200,2,1746.0,0.9932,4,5
0.8,3200,2,7446.0,0.99999,1,2
0.8,3200,2,2877.0,0.9756,3,4
0.8,3200,2,1406.0,0.98641,2,3
0.8,3200,2,8530.0,0.97853,1,2
0.8,3200,2,4005.0,1.0,1,2
0.8,3200,2,4103.0,0.99987,1,2
0.8,3200,2,1900.0,0.99937,2,3
0.8,3200,2,2730.0,0.98537,1,2
0.8,3200,2,2244.0,0.88686,1,2
0.8,3200,2,1284.0,0.99204,1,2
0.8,3200,2,-1.0,0.97228,0,0
0.8,3200,2,2963.0,0.5384,1,2
0.8,3200,2,818.0,0.98841,1,2
0.8,3200,2,-1.0,0.99912,0,0
0.8,3200,2,-1.0,0.99976,0,0
0.8,3200,2,-1.0,0.93351,0,0
0.8,3200,2,-1.0,0.85683,0,0
0.8,3200,2,-1.0,0.33617,0,0
0.8,3200,9,8225.0,0.99537,4,5
0.8,3200,9,4129.0,1.0,2,3
0.8,3200,9,171.0,0.07379,7,8
0.8,3200,9,2069.0,1.0,2,3
0.8,3200,9,932.0,1.0,2,3
0.8,3200,9,4716.0,1.0,1,2
0.8,3200,9,2025.0,0.99474,5,6
0.8,3200,9,6391.0,0.99964,3,4
0.8,3200,9,1613.0,0.95924,5,6
0.8,3200,9,7432.0,0.9685,1,2
0.8,3200,9,-1.0,0.9124,0,0
0.8,3200,9,1214.0,0.94716,5,6
0.8,3200,9,-1.0,0.99998,0,0
0.8,3200,9,2502.0,0.99537,3,4
0.8,3200,9,4536.0,1.0,1,2
0.8,3200,9,2584.0,0.99997,1,2
0.8,3200,9,1245.0,0.83306,3,4
0.8,3200,9,5134.0,0.99932,3,4
0.8,3200,9,-1.0,0.99833,0,0
0.8,3200,9,-1.0,0.99959,0,0
0.8,3200,9,5413.0,0.64257,1,2
0.8,3200,9,-1.0,0.99995,0,0
0.8,3200,9,1924.0,0.99995,1,2
0.8,3200,9,1540.0,0.96412,2,3
0.8,3200,9,1329.0,0.53641,2,3
0.8,3200,9,-1.0,1.0,0,0
0.8,3200,9,1668.0,0.90031,2,3
0.8,3200,9,788.0,0.99987,2,3
0.8,3200,9,-1.0,0.88688,0,0
0.8,3200,9,-1.0,0.99993,0,0
0.8,3200,9,-1.0,0.99592,0,0
0.8,3200,9,-1.0,0.99999,0,0
0.8,3200,9,-1.0,0.99873,0,0
0.8,3200,9,-1.0,0.33618,0,0
0.8,3200,9,-1.0,0.24566,0,0
0.8,3200,9,-1.0,0.0,0,0
0.8,3200,11,5500.0,1.0,3,4
0.8,3200,11,877.0,0.95859,4,5
0.8,3200,11,6823.0,0.99995,3,4
0.8,3200,11,1917.0,0.47516,5,6
0.8,3200,11,3519.0,0.99998,2,3
0.8,3200,11,6377.0,0.99123,1,2
0.8,3200,11,6280.0,0.9642,1,2
0.8,3200,11,4881.0,0.99998,1,2
0.8,3200,11,-1.0,1.0,0,0
0.8,3200,11,3876.0,0.99402,2,3
0.8,3200,11,3369.0,0.99537,1,2
0.8,3200,11,2168.0,0.99964,2,3
0.8,3200,11,1606.0,1.0,1,2
0.8,3200,11,871.0,0.86882,2,3
0.8,3200,11,1061.0,0.99588,1,2
0.8,3200,11,2256.0,0.99981,1,2
0.8,3200,11,870.0,0.92152,3,4
0.8,3200,11,-1.0,1.0,0,0
0.8,3200,11,1669.0,0.87128,1,2
0.8,3200,11,-1.0,0.99999,0,0
0.8,3200,11,-1.0,1.0,0,0
0.8,3200,11,3992.0,0.99402,1,2
0.8,3200,11,-1.0,1.0,0,0
0.8,3200,11,-1.0,1.0,0,0
0.8,3200,11,-1.0,0.99642,0,0
0.8,3200,11,1622.0,0.59309,3,4
0.8,3200,11,1321.0,0.94724,1,2
0.8,3200,11,-1.0,0.99999,0,0
0.8,3200,11,1490.0,0.83357,1,2
0.8,3200,11,1622.0,0.83371,1,2
0.8,3200,11,-1.0,0.97853,0,0
0.8,3200,11,-1.0,0.75637,0,0
0.8,3200,11,-1.0,0.90037,0,0
0.8,3200,11,-1.0,0.99955,0,0
0.8,3200,11,-1.0,0.41584,0,0
0.8,3200,11,-1.0,0.33618,0,0
0.8,3200,8,11395.0,0.99996,1,2
0.8,3200,8,3430.0,0.99976,4,5
0.8,3200,8,-1.0,1.0,0,0
0.8,3200,8,3003.0,0.99999,3,4
0.8,3200,8,3526.0,0.99985,1,2
0.8,3200,8,4102.0,0.99999,2,3
0.8,3200,8,2750.0,1.0,4,5
0.8,3200,8,5097.0,0.99987,2,3
0.8,3200,8,2519.0,0.99964,1,2
0.8,3200,8,2242.0,0.32255,3,4
0.8,3200,8,3036.0,1.0,1,2
0.8,3200,8,2608.0,0.99998,3,4
0.8,3200,8,720.0,0.58163,2,3
0.8,3200,8,4725.0,1.0,2,3
0.8,3200,8,1419.0,0.99932,2,3
0.8,3200,8,4132.0,1.0,1,2
0.8,3200,8,6051.0,0.99871,1,2
0.8,3200,8,751.0,0.99582,3,4
0.8,3200,8,-1.0,0.99998,0,0
0.8,3200,8,4646.0,0.99402,1,2
0.8,3200,8,1969.0,0.64237,2,3
0.8,3200,8,-1.0,0.99756,0,0
0.8,3200,8,1126.0,0.99968,2,3
0.8,3200,8,4228.0,0.90046,2,3
0.8,3200,8,2734.0,0.99833,2,3
0.8,3200,8,3358.0,0.99923,1,2
0.8,3200,8,-1.0,1.0,0,0
0.8,3200,8,2160.0,0.4038,1,2
0.8,3200,8,-1.0,0.99997,0,0
0.8,3200,8,-1.0,0.99995,0,0
0.8,3200,8,-1.0,0.85683,0,0
0.8,3200,8,-1.0,0.48594,0,0
0.8,3200,8,-1.0,0.24566,0,0
0.8,3200,8,-1.0,0.1428,0,0
0.8,3200,10,2329.0,0.32259,4,5
0.8,3200,10,1950.0,0.98337,6,7
0.8,3200,10,1452.0,1.0,6,7
0.8,3200,10,1794.0,1.0,2,3
0.8,3200,10,1054.0,0.96381,5,6
0.8,3200,10,2814.0,0.59382,4,5
0.8,3200,10,286.0,0.14215,4,5
0.8,3200,10,1402.0,0.99784,2,3
0.8,3200,10,1448.0,1.0,2,3
0.8,3200,10,1297.0,1.0,3,4
0.8,3200,10,2903.0,0.99995,3,4
0.8,3200,10,1615.0,1.0,1,2
0.8,3200,10,1121.0,0.99975,2,3
0.8,3200,10,6583.0,0.87146,1,2
0.8,3200,10,1783.0,0.53801,2,3
0.8,3200,10,3525.0,0.59383,2,3
0.8,3200,10,3862.0,1.0,1,2
0.8,3200,10,2544.0,1.0,1,2
0.8,3200,10,1803.0,0.99996,1,2
0.8,3200,10,-1.0,1.0,0,0
0.8,3200,10,4651.0,0.99756,1,2
0.8,3200,10,-1.0,0.99999,0,0
0.8,3200,10,2021.0,0.99997,2,3
0.8,3200,10,-1.0,0.94747,0,0
0.8,3200,10,-1.0,1.0,0,0
0.8,3200,10,-1.0,1.0,0,0
0.8,3200,10,-1.0,1.0,0,0
0.8,3200,10,1204.0,0.99117,2,3
0.8,3200,10,-1.0,1.0,0,0
0.8,3200,10,-1.0,1.0,0,0
0.8,3200,10,-1.0,0.53837,0,0
0.8,3200,10,-1.0,0.93111,0,0
0.8,3200,10,-1.0,0.9889,0,0
0.8,3200,10,-1.0,0.41584,0,0
0.8,3200,10,-1.0,0.41584,0,0
0.8,3200,10,-1.0,0.33618,0,0
0.8,3200,10,-1.0,0.06,0,0
0.8,3200,10,-1.0,0.0,0,0
0.8,3200,6,3198.0,1.0,2,3
0.8,3200,6,3105.0,0.9999,3,4
0.8,3200,6,-1.0,0.99995,0,0
0.8,3200,6,5753.0,0.99992,2,3
0.8,3200,6,1972.0,0.99722,6,7
0.8,3200,6,1375.0,0.99467,3,4
0.8,3200,6,10001.0,0.99932,3,4
0.8,3200,6,6816.0,0.99994,2,3
0.8,3200,6,703.0,0.99458,5,6
0.8,3200,6,3485.0,0.53836,4,5
0.8,3200,6,3424.0,0.98104,1,2
0.8,3200,6,3084.0,0.40397,3,4
0.8,3200,6,6471.0,0.99981,2,3
0.8,3200,6,3565.0,0.90046,4,5
0.8,3200,6,893.0,0.99988,3,4
0.8,3200,6,1652.0,0.99989,1,2
0.8,3200,6,2422.0,0.64252,2,3
0.8,3200,6,3355.0,0.98713,2,3
0.8,3200,6,4239.0,0.99722,2,3
0.8,3200,6,1907.0,0.99996,2,3
0.8,3200,6,234.0,0.1104,3,4
0.8,3200,6,1453.0,0.32089,2,3
0.8,3200,6,669.0,0.77733,2,3
0.8,3200,6,1502.0,0.29737,2,3
0.8,3200,6,-1.0,0.99999,0,0
0.8,3200,6,6314.0,0.99976,1,2
0.8,3200,6,1500.0,0.96841,1,2
0.8,3200,6,4196.0,0.99874,1,2
0.8,3200,6,2987.0,0.98103,1,2
0.8,3200,6,-1.0,0.99978,0,0
0.8,3200,6,-1.0,0.4755,0,0
0.8,3200,6,-1.0,0.87401,0,0
0.8,3200,6,-1.0,0.41584,0,0
0.8,3200,6,-1.0,0.41579,0,0
0.8,3200,6,-1.0,0.33618,0,0
0.8,3200,6,-1.0,0.24566,0,0
0.8,3200,6,-1.0,0.1428,0,0
0.8,3200,6,-1.0,0.0,0,0
0.8,3200,6,-1.0,0.0,0,0
0.8,3200,4,5681.0,0.99964,3,4
0.8,3200,4,891.0,0.95867,5,6
0.8,3200,4,780.0,0.98503,4,5
0.8,3200,4,969.0,0.99925,5,6
0.8,3200,4,911.0,0.31189,6,7
0.8,3200,4,3654.0,0.97228,5,6
0.8,3200,4,1277.0,0.99976,4,5
0.8,3200,4,1206.0,0.99761,4,5
0.8,3200,4,1944.0,0.99981,2,3
0.8,3200,4,3026.0,0.97539,4,5
0.8,3200,4,662.0,0.99973,1,2
0.8,3200,4,3818.0,0.2639,2,3
0.8,3200,4,2619.0,0.5938,4,5
0.8,3200,4,-1.0,0.99998,0,0
0.8,3200,4,3702.0,0.99989,2,3
0.8,3200,4,7170.0,0.99959,1,2
0.8,3200,4,1531.0,0.9989,4,5
0.8,3200,4,3331.0,0.95909,4,5
0.8,3200,4,2423.0,0.99923,3,4
0.8,3200,4,968.0,0.96367,2,3
0.8,3200,4,4704.0,0.99912,3,4
0.8,3200,4,2370.0,0.97549,2,3
0.8,3200,4,2127.0,0.87108,3,4
0.8,3200,4,2649.0,0.99871,1,2
0.8,3200,4,1756.0,1.0,2,3
0.8,3200,4,-1.0,0.99976,0,0
0.8,3200,4,2968.0,0.99214,2,3
0.8,3200,4,2710.0,0.99997,1,2
0.8,3200,4,3616.0,0.99841,1,2
0.8,3200,4,-1.0,0.99991,0,0
0.8,3200,4,640.0,0.95171,1,2
0.8,3200,4,-1.0,0.99973,0,0
0.8,3200,4,-1.0,0.99112,0,0
0.8,3200,4,-1.0,0.98876,0,0
0.8,3200,4,-1.0,0.48594,0,0
0.8,3200,4,-1.0,0.05999,0,0
0.8,3200,4,-1.0,0.0,0,0
0.8,3200,7,6154.0,0.23231,4,5
0.8,3200,7,5503.0,0.9994,6,7
0.8,3200,7,2538.0,0.99228,4,5
0.8,3200,7,3636.0,0.99871,4,5
0.8,3200,7,2042.0,0.95375,5,6
0.8,3200,7,3508.0,0.75642,3,4
0.8,3200,7,2272.0,0.91238,4,5
0.8,3200,7,2626.0,1.0,5,6
0.8,3200,7,2238.0,0.99869,5,6
0.8,3200,7,6696.0,0.97228,3,4
0.8,3200,7,3334.0,0.99994,1,2
0.8,3200,7,4769.0,1.0,1,2
0.8,3200,7,4639.0,0.99722,2,3
0.8,3200,7,3993.0,0.99995,2,3
0.8,3200,7,2624.0,0.95377,5,6
0.8,3200,7,1463.0,0.94733,4,5
0.8,3200,7,2181.0,1.0,1,2
0.8,3200,7,1320.0,1.0,3,4
0.8,3200,7,3682.0,0.98713,3,4
0.8,3200,7,1826.0,0.53806,3,4
0.8,3200,7,907.0,0.99994,3,4
0.8,3200,7,2734.0,0.99996,3,4
0.8,3200,7,1364.0,0.9964,2,3
0.8,3200,7,2969.0,0.81137,2,3
0.8,3200,7,2344.0,0.99887,1,2
0.8,3200,7,2588.0,0.99883,1,2
0.8,3200,7,-1.0,0.99997,0,0
0.8,3200,7,-1.0,1.0,0,0
0.8,3200,7,-1.0,0.99649,0,0
0.8,3200,7,-1.0,0.99546,0,0
0.8,3200,7,-1.0,0.9914,0,0
0.8,3200,7,-1.0,0.76127,0,0
0.8,3200,7,-1.0,0.64968,0,0
0.8,3200,7,-1.0,0.33618,0,0
0.8,3200,7,-1.0,0.0,0,0
0.8,3200,15,1468.0,0.0,4,5
0.8,3200,15,2200.0,0.0,5,6
0.8,3200,15,2653.0,0.0,5,6
0.8,3200,15,755.0,0.0,4,5
0.8,3200,15,7873.0,0.0,3,4
0.8,3200,15,-1.0,0.0,0,0
0.8,3200,15,5595.0,0.0,1,2
0.8,3200,15,-1.0,0.0,0,0
0.8,3200,15,-1.0,0.0,0,0
0.8,3200,15,-1.0,0.0,0,0
0.8,3200,15,-1.0,0.0,0,0
0.8,3200,15,-1.0,0.0,0,0
0.8,3200,15,-1.0,0.0,0,0
0.8,3200,15,-1.0,0.0,0,0
0.8,3200,15,-1.0,0.0,0,0
0.8,3200,15,-1.0,0.0,0,0
0.8,3200,15,-1.0,0.0,0,0
0.8,3200,15,-1.0,0.0,0,0
0.8,3200,15,-1.0,0.0,0,0
0.8,3200,12,2849.0,1.0,1,2
0.8,3200,12,3319.0,0.99103,7,8
0.8,3200,12,7690.0,0.99081,2,3
0.8,3200,12,680.0,0.99382,4,5
0.8,3200,12,4365.0,0.59378,5,6
0.8,3200,12,2397.0,1.0,5,6
0.8,3200,12,4775.0,0.99593,4,5
0.8,3200,12,2339.0,1.0,5,6
0.8,3200,12,7963.0,0.99981,2,3
0.8,3200,12,1598.0,0.6802,5,6
0.8,3200,12,1781.0,0.99959,2,3
0.8,3200,12,2257.0,0.97555,5,6
0.8,3200,12,4226.0,0.99994,1,2
0.8,3200,12,5090.0,0.99998,3,4
0.8,3200,12,797.0,1.0,3,4
0.8,3200,12,9430.0,0.99637,1,2
0.8,3200,12,1973.0,1.0,3,4
0.8,3200,12,3276.0,1.0,2,3
0.8,3200,12,4523.0,0.84153,2,3
0.8,3200,12,1239.0,0.97207,2,3
0.8,3200,12,3185.0,0.99932,3,4
0.8,3200,12,1570.0,0.99392,2,3
0.8,3200,12,572.0,0.90853,5,6
0.8,3200,12,7257.0,0.68546,2,3
0.8,3200,12,2216.0,0.99085,1,2
0.8,3200,12,2442.0,0.97227,4,5
0.8,3200,12,1719.0,0.98269,2,3
0.8,3200,12,4638.0,0.98111,1,2
0.8,3200,12,3141.0,0.9999,1,2
0.8,3200,12,-1.0,0.99923,0,0
0.8,3200,12,-1.0,0.88688,0,0
0.8,3200,12,-1.0,1.0,0,0
0.8,3200,12,-1.0,0.85683,0,0
0.8,3200,12,-1.0,0.41582,0,0
0.8,3200,13,4107.0,0.94747,7,8
0.8,3200,13,6339.0,1.0,3,4
0.8,3200,13,2577.0,0.81136,6,7
0.8,3200,13,4099.0,0.7231,8,9
0.8,3200,13,1358.0,0.98103,4,5
0.8,3200,13,1632.0,1.0,5,6
0.8,3200,13,6631.0,0.9886,2,3
0.8,3200,13,1329.0,0.99999,4,5
0.8,3200,13,5392.0,0.9124,4,5
0.8,3200,13,3471.0,1.0,3,4
0.8,3200,13,985.0,0.99999,5,6
0.8,3200,13,3454.0,0.99593,4,5
0.8,3200,13,3415.0,0.9997,4,5
0.8,3200,13,9169.0,0.99997,2,3
0.8,3200,13,3324.0,0.99833,4,5
0.8,3200,13,3038.0,0.3227,4,5
0.8,3200,13,5426.0,0.9997,3,4
0.8,3200,13,2078.0,0.99811,2,3
0.8,3200,13,6182.0,0.99985,2,3
0.8,3200,13,3484.0,0.99932,4,5
0.8,3200,13,1833.0,0.99991,3,4
0.8,3200,13,7617.0,0.99999,1,2
0.8,3200,13,1651.0,0.99833,2,3
0.8,3200,13,4222.0,0.59366,5,6
0.8,3200,13,1014.0,1.0,3,4
0.8,3200,13,3343.0,0.98337,3,4
0.8,3200,13,4130.0,0.99929,1,2
0.8,3200,13,-1.0,0.99995,0,0
0.8,3200,13,-1.0,1.0,0,0
0.8,3200,13,-1.0,0.99722,0,0
0.8,3200,13,-1.0,0.99979,0,0
0.8,3200,13,-1.0,0.92281,0,0
0.8,3200,13,-1.0,0.99414,0,0
0.8,3200,13,-1.0,0.48592,0,0
0.8,3200,13,-1.0,0.06,0,0
0.8,3200,14,4408.0,0.9756,5,6
0.8,3200,14,4534.0,0.78565,4,5
0.8,3200,14,9812.0,0.99923,3,4
0.8,3200,14,541.0,0.77491,4,5
0.8,3200,14,1714.0,1.0,3,4
0.8,3200,14,2848.0,1.0,4,5
0.8,3200,14,887.0,1.0,4,5
0.8,3200,14,989.0,0.78302,4,5
0.8,3200,14,3914.0,0.83401,3,4
0.8,3200,14,1370.0,0.99999,5,6
0.8,3200,14,1408.0,1.0,2,3
0.8,3200,14,780.0,0.9898,3,4
0.8,3200,14,2016.0,0.99871,3,4
0.8,3200,14,3122.0,1.0,2,3
0.8,3200,14,4355.0,0.99999,3,4
0.8,3200,14,2314.0,1.0,1,2
0.8,3200,14,2504.0,0.9642,5,6
0.8,3200,14,3336.0,1.0,1,2
0.8,3200,14,2162.0,0.97227,3,4
0.8,3200,14,2866.0,0.98337,3,4
0.8,3200,14,2460.0,0.99964,2,3
0.8,3200,14,7930.0,0.999,1,2
0.8,3200,14,1628.0,1.0,1,2
0.8,3200,14,1542.0,0.99959,1,2
0.8,3200,14,1630.0,0.75598,2,3
0.8,3200,14,4569.0,0.53844,1,2
0.8,3200,14,-1.0,0.99997,0,0
0.8,3200,14,883.0,0.99972,1,2
0.8,3200,14,-1.0,0.99999,0,0
0.8,3200,14,-1.0,0.95363,0,0
0.8,3200,14,-1.0,0.96491,0,0
0.8,3200,14,-1.0,0.94851,0,0
0.8,3200,14,-1.0,0.94149,0,0
0.8,3200,14,-1.0,0.33618,0,0
0.8,3200,16,2993.0,0.92291,8,9
0.8,3200,16,3797.0,0.99474,5,6
0.8,3200,16,866.0,0.58651,7,8
0.8,3200,16,1200.0,0.9886,2,3
0.8,3200,16,3780.0,0.26444,3,4
0.8,3200,16,4318.0,0.85393,1,2
0.8,3200,16,1043.0,0.99681,1,2
0.8,3200,16,-1.0,0.99003,0,0
0.8,3200,16,4817.0,0.97853,2,3
0.8,3200,16,-1.0,1.0,0,0
0.8,3200,16,2860.0,0.97853,5,6
0.8,3200,16,1783.0,0.99987,1,2
0.8,3200,16,3926.0,0.99811,2,3
0.8,3200,16,1417.0,1.0,1,2
0.8,3200,16,-1.0,0.99994,0,0
0.8,3200,16,4193.0,0.68546,1,2
0.8,3200,16,-1.0,0.99999,0,0
0.8,3200,16,894.0,0.89886,4,5
0.8,3200,16,1277.0,0.95908,3,4
0.8,3200,16,2115.0,0.99228,1,2
0.8,3200,16,-1.0,1.0,0,0
0.8,3200,16,1610.0,0.99998,1,2
0.8,3200,16,-1.0,1.0,0,0
0.8,3200,16,926.0,1.0,1,2
0.8,3200,16,-1.0,1.0,0,0
0.8,3200,16,-1.0,1.0,0,0
0.8,3200,16,-1.0,1.0,0,0
0.8,3200,16,-1.0,1.0,0,0
0.8,3200,16,2236.0,0.7856,2,3
0.8,3200,16,-1.0,1.0,0,0
0.8,3200,16,2551.0,0.32265,1,2
0.8,3200,16,1310.0,0.7847,2,3
0.8,3200,16,1822.0,0.26371,1,2
0.8,3200,16,-1.0,0.06,0,0
0.8,3200,16,-1.0,0.0,0,0
0.8,3200,16,-1.0,0.0,0,0
0.8,3200,21,537.0,1.0,3,4
0.8,3200,21,2503.0,0.95931,2,3
0.8,3200,21,3913.0,0.97853,3,4
0.8,3200,21,-1.0,1.0,0,0
0.8,3200,21,604.0,0.57579,6,7
0.8,3200,21,-1.0,1.0,0,0
0.8,3200,21,1110.0,0.31704,2,3
0.8,3200,21,-1.0,1.0,0,0
0.8,3200,21,-1.0,1.0,0,0
0.8,3200,21,-1.0,1.0,0,0
0.8,3200,21,-1.0,0.99402,0,0
0.8,3200,21,-1.0,0.99992,0,0
0.8,3200,21,-1.0,0.99833,0,0
0.8,3200,21,-1.0,1.0,0,0
0.8,3200,21,1027.0,0.99753,1,2
0.8,3200,21,-1.0,1.0,0,0
0.8,3200,21,1469.0,0.92268,1,2
0.8,3200,21,-1.0,0.68546,0,0
0.8,3200,21,-1.0,0.9685,0,0
0.8,3200,21,-1.0,0.99998,0,0
0.8,3200,21,2131.0,0.90042,1,2
0.8,3200,21,-1.0,0.68545,0,0
0.8,3200,21,-1.0,0.99944,0,0
0.8,3200,21,-1.0,0.99986,0,0
0.8,3200,21,-1.0,0.81108,0,0
0.8,3200,21,-1.0,0.99874,0,0
0.8,3200,21,-1.0,0.99856,0,0
0.8,3200,21,-1.0,0.99789,0,0
0.8,3200,21,-1.0,0.99789,0,0
0.8,3200,21,-1.0,0.81074,0,0
0.8,3200,21,-1.0,0.23127,0,0
0.8,3200,21,-1.0,0.72871,0,0
0.8,3200,21,-1.0,0.60191,0,0
0.8,3200,21,-1.0,0.54763,0,0
0.8,3200,21,-1.0,0.1428,0,0
0.8,3200,21,-1.0,0.0,0,0
0.8,3200,18,2095.0,0.99997,3,4
0.8,3200,18,1144.0,1.0,6,7
0.8,3200,18,4670.0,1.0,2,3
0.8,3200,18,1539.0,0.99999,4,5
0.8,3200,18,3547.0,0.87146,2,3
0.8,3200,18,4206.0,1.0,1,2
0.8,3200,18,6977.0,0.99959,2,3
0.8,3200,18,2551.0,1.0,1,2
0.8,3200,18,2296.0,0.99995,1,2
0.8,3200,18,1644.0,0.83375,3,4
0.8,3200,18,2873.0,0.47549,1,2
0.8,3200,18,2658.0,0.99998,1,2
0.8,3200,18,3811.0,0.99402,2,3
0.8,3200,18,112.0,0.06144,3,4
0.8,3200,18,-1.0,1.0,0,0
0.8,3200,18,6705.0,0.88688,1,2
0.8,3200,18,2076.0,0.99999,2,3
0.8,3200,18,2730.0,0.99981,1,2
0.8,3200,18,3244.0,0.29999,2,3
0.8,3200,18,-1.0,1.0,0,0
0.8,3200,18,1255.0,1.0,1,2
0.8,3200,18,2524.0,0.7564,2,3
0.8,3200,18,-1.0,0.99402,0,0
0.8,3200,18,-1.0,1.0,0,0
0.8,3200,18,-1.0,1.0,0,0
0.8,3200,18,2843.0,0.99959,1,2
0.8,3200,18,2440.0,0.99923,1,2
0.8,3200,18,-1.0,1.0,0,0
0.8,3200,18,-1.0,1.0,0,0
0.8,3200,18,-1.0,0.99989,0,0
0.8,3200,18,-1.0,0.98998,0,0
0.8,3200,18,-1.0,0.99976,0,0
0.8,3200,18,-1.0,0.98697,0,0
0.8,3200,18,-1.0,0.33618,0,0
0.8,3200,18,-1.0,0.1428,0,0
0.8,3200,18,-1.0,0.0,0,0
0.8,3200,18,-1.0,0.0,0,0
0.8,6400,1,6786.0,1.0,2,3
0.8,6400,1,-1.0,1.0,0,0
0.8,6400,1,-1.0,0.97884,0,0
0.8,6400,1,-1.0,0.99985,0,0
0.8,6400,1,8789.0,1.0,1,2
0.8,6400,1,6982.0,1.0,1,2
0.8,6400,1,6075.0,1.0,1,2
0.8,6400,1,7171.0,0.264,1,2
0.8,6400,1,7312.0,0.72321,2,3
0.8,6400,1,-1.0,1.0,0,0
0.8,6400,1,4599.0,0.9403,2,3
0.8,6400,1,-1.0,1.0,0,0
0.8,6400,1,-1.0,0.99981,0,0
0.8,6400,1,2666.0,0.99954,2,3
0.8,6400,1,-1.0,0.97559,0,0
0.8,6400,1,-1.0,1.0,0,0
0.8,6400,1,-1.0,0.99999,0,0
0.8,6400,1,-1.0,0.97228,0,0
0.8,6400,1,-1.0,0.99228,0,0
0.8,6400,1,-1.0,1.0,0,0
0.8,6400,1,3709.0,0.81137,1,2
0.8,6400,1,-1.0,1.0,0,0
0.8,6400,1,-1.0,0.99991,0,0
0.8,6400,1,-1.0,0.81726,0,0
0.8,6400,1,1762.0,0.32198,1,2
0.8,6400,1,-1.0,0.99999,0,0
0.8,6400,1,-1.0,0.99987,0,0
0.8,6400,1,-1.0,0.99979,0,0
0.8,6400,1,627.0,0.98653,1,2
0.8,6400,1,-1.0,0.99941,0,0
0.8,6400,1,-1.0,0.23139,0,0
0.8,6400,1,-1.0,0.99023,0,0
0.8,6400,1,-1.0,0.96013,0,0
0.8,6400,1,-1.0,0.92445,0,0
0.8,6400,1,-1.0,0.1428,0,0
0.8,6400,1,-1.0,0.0,0,0
0.8,6400,1,-1.0,0.0,0,0
0.8,6400,0,8743.0,0.99999,1,2
0.8,6400,0,6560.0,0.98867,2,3
0.8,6400,0,1906.0,0.99979,4,5
0.8,6400,0,3200.0,1.0,1,2
0.8,6400,0,6315.0,0.99984,1,2
0.8,6400,0,8865.0,0.99321,1,2
0.8,6400,0,-1.0,1.0,0,0
0.8,6400,0,9746.0,0.93215,1,2
0.8,6400,0,1377.0,0.99983,1,2
0.8,6400,0,-1.0,1.0,0,0
0.8,6400,0,3833.0,0.264,3,4
0.8,6400,0,-1.0,0.99991,0,0
0.8,6400,0,2865.0,0.99471,2,3
0.8,6400,0,1381.0,1.0,1,2
0.8,6400,0,-1.0,1.0,0,0
0.8,6400,0,3309.0,0.26399,1,2
0.8,6400,0,-1.0,1.0,0,0
0.8,6400,0,3350.0,0.26399,2,3
0.8,6400,0,-1.0,1.0,0,0
0.8,6400,0,-1.0,1.0,0,0
0.8,6400,0,-1.0,0.99989,0,0
0.8,6400,0,1187.0,0.99674,1,2
0.8,6400,0,-1.0,1.0,0,0
0.8,6400,0,-1.0,0.98867,0,0
0.8,6400,0,-1.0,0.99983,0,0
0.8,6400,0,-1.0,0.99985,0,0
0.8,6400,0,-1.0,0.9912,0,0
0.8,6400,0,-1.0,1.0,0,0
0.8,6400,0,-1.0,1.0,0,0
0.8,6400,0,-1.0,0.99999,0,0
0.8,6400,0,-1.0,0.99979,0,0
0.8,6400,0,-1.0,0.99999,0,0
0.8,6400,0,-1.0,0.99997,0,0
0.8,6400,0,-1.0,0.99884,0,0
0.8,6400,0,-1.0,0.91412,0,0
0.8,6400,0,-1.0,0.0,0,0
0.8,6400,0,-1.0,0.0,0,0
0.8,6400,0,-1.0,0.0,0,0
0.8,3200,17,1100.0,0.225,7,8
0.8,3200,17,5269.0,1.0,3,4
0.8,3200,17,2587.0,0.99987,4,5
0.8,3200,17,3526.0,0.88688,2,3
0.8,3200,17,4003.0,0.78564,4,5
0.8,3200,17,677.0,0.99579,4,5
0.8,3200,17,1830.0,0.95372,4,5
0.8,3200,17,3724.0,0.99998,1,2
0.8,3200,17,2173.0,0.99884,2,3
0.8,3200,17,3653.0,1.0,1,2
0.8,3200,17,1054.0,1.0,2,3
0.8,3200,17,2462.0,0.59378,3,4
0.8,3200,17,3536.0,0.99123,3,4
0.8,3200,17,4424.0,0.99968,1,2
0.8,3200,17,1559.0,0.99998,2,3
0.8,3200,17,3999.0,0.99885,1,2
0.8,3200,17,1380.0,0.40195,1,2
0.8,3200,17,1772.0,0.99998,2,3
0.8,3200,17,1026.0,0.78327,3,4
0.8,3200,17,2170.0,0.99999,1,2
0.8,3200,17,-1.0,1.0,0,0
0.8,3200,17,1748.0,0.99972,2,3
0.8,3200,17,1852.0,0.94023,1,2
0.8,3200,17,-1.0,1.0,0,0
0.8,3200,17,-1.0,1.0,0,0
0.8,3200,17,-1.0,0.99999,0,0
0.8,3200,17,-1.0,0.99996,0,0
0.8,3200,17,-1.0,0.90045,0,0
0.8,3200,17,-1.0,0.95912,0,0
0.8,3200,17,-1.0,0.99023,0,0
0.8,3200,17,-1.0,0.80804,0,0
0.8,3200,17,-1.0,0.25391,0,0
0.8,3200,17,-1.0,0.41584,0,0
0.8,3200,17,-1.0,0.24566,0,0
0.8,3200,17,-1.0,0.0,0,0
0.8,3200,17,-1.0,0.0,0,0
0.8,6400,3,6146.0,1.0,2,3
0.8,6400,3,3171.0,1.0,2,3
0.8,6400,3,2921.0,1.0,2,3
0.8,6400,3,-1.0,0.99722,0,0
0.8,6400,3,4768.0,0.99997,2,3
0.8,6400,3,3442.0,1.0,1,2
0.8,6400,3,7681.0,0.95377,1,2
0.8,6400,3,1694.0,1.0,1,2
0.8,6400,3,-1.0,1.0,0,0
0.8,6400,3,-1.0,1.0,0,0
0.8,6400,3,-1.0,0.99996,0,0
0.8,6400,3,4731.0,0.59383,1,2
0.8,6400,3,-1.0,1.0,0,0
0.8,6400,3,-1.0,0.99972,0,0
0.8,6400,3,-1.0,1.0,0,0
0.8,6400,3,1116.0,1.0,1,2
0.8,6400,3,671.0,0.20246,1,2
0.8,6400,3,-1.0,0.53844,0,0
0.8,6400,3,-1.0,1.0,0,0
0.8,6400,3,-1.0,1.0,0,0
0.8,6400,3,-1.0,0.99996,0,0
0.8,6400,3,-1.0,0.99995,0,0
0.8,6400,3,-1.0,0.99876,0,0
0.8,6400,3,-1.0,0.99856,0,0
0.8,6400,3,-1.0,0.99649,0,0
0.8,6400,3,-1.0,0.94149,0,0
0.8,6400,3,-1.0,0.87401,0,0
0.8,6400,3,-1.0,0.48594,0,0
0.8,6400,3,-1.0,0.33618,0,0
0.8,6400,3,-1.0,0.0,0,0
0.8,3200,20,4849.0,0.99978,2,3
0.8,3200,20,1183.0,0.9947,7,8
0.8,3200,20,8569.0,0.95377,3,4
0.8,3200,20,964.0,0.9637,4,5
0.8,3200,20,4716.0,0.999,3,4
0.8,3200,20,2515.0,0.99923,3,4
0.8,3200,20,3708.0,0.99123,4,5
0.8,3200,20,3949.0,0.99402,2,3
0.8,3200,20,3559.0,0.99998,1,2
0.8,3200,20,1508.0,0.9871,5,6
0.8,3200,20,1263.0,0.9472,5,6
0.8,3200,20,2388.0,0.98712,2,3
0.8,3200,20,7397.0,0.9756,1,2
0.8,3200,20,278.0,0.16918,2,3
0.8,3200,20,-1.0,1.0,0,0
0.8,3200,20,5628.0,0.99228,2,3
0.8,3200,20,-1.0,1.0,0,0
0.8,3200,20,-1.0,1.0,0,0
0.8,3200,20,2600.0,0.99995,2,3
0.8,3200,20,-1.0,1.0,0,0
0.8,3200,20,3436.0,0.99968,2,3
0.8,3200,20,4215.0,1.0,1,2
0.8,3200,20,1146.0,0.31772,2,3
0.8,3200,20,1113.0,0.25568,2,3
0.8,3200,20,1241.0,1.0,1,2
0.8,3200,20,1697.0,1.0,1,2
0.8,3200,20,2402.0,0.99959,1,2
0.8,3200,20,2097.0,0.99981,2,3
0.8,3200,20,-1.0,0.99722,0,0
0.8,3200,20,-1.0,0.99994,0,0
0.8,3200,20,-1.0,0.93351,0,0
0.8,3200,20,-1.0,0.64968,0,0
0.8,3200,20,-1.0,0.1428,0,0
0.8,3200,20,-1.0,0.0,0,0
0.8,3200,20,-1.0,0.0,0,0
0.8,3200,19,5528.0,1.0,3,4
0.8,3200,19,2038.0,0.2641,5,6
0.8,3200,19,2458.0,1.0,1,2
0.8,3200,19,5677.0,0.75633,2,3
0.8,3200,19,7922.0,0.99756,4,5
0.8,3200,19,2393.0,0.81135,3,4
0.8,3200,19,1503.0,0.9994,4,5
0.8,3200,19,6681.0,0.99982,2,3
0.8,3200,19,4155.0,0.64257,1,2
0.8,3200,19,920.0,0.9931,3,4
0.8,3200,19,2155.0,0.99811,3,4
0.8,3200,19,2427.0,0.99983,1,2
0.8,3200,19,1464.0,0.99967,3,4
0.8,3200,19,1374.0,0.97211,3,4
0.8,3200,19,-1.0,0.99527,0,0
0.8,3200,19,8242.0,0.9685,2,3
0.8,3200,19,4422.0,0.99985,2,3
0.8,3200,19,3049.0,1.0,1,2
0.8,3200,19,1507.0,0.99992,2,3
0.8,3200,19,1670.0,0.5378,3,4
0.8,3200,19,-1.0,0.99722,0,0
0.8,3200,19,2859.0,1.0,2,3
0.8,3200,19,-1.0,1.0,0,0
0.8,3200,19,2007.0,0.99998,1,2
0.8,3200,19,-1.0,0.99973,0,0
0.8,3200,19,2768.0,0.99474,1,2
0.8,3200,19,1534.0,1.0,1,2
0.8,3200,19,-1.0,0.99537,0,0
0.8,3200,19,1714.0,0.99886,1,2
0.8,3200,19,1591.0,0.99722,1,2
0.8,3200,19,-1.0,0.96478,0,0
0.8,3200,19,-1.0,0.96468,0,0
0.8,3200,19,-1.0,0.76127,0,0
0.8,3200,19,-1.0,0.69158,0,0
0.8,3200,19,-1.0,0.54763,0,0
0.8,3200,19,-1.0,0.33618,0,0
0.8,3200,19,-1.0,0.0,0,0
0.8,6400,2,2591.0,1.0,2,3
0.8,6400,2,387.0,1.0,1,2
0.8,6400,2,1716.0,0.87108,4,5
0.8,6400,2,1162.0,0.99997,4,5
0.8,6400,2,4754.0,0.99995,1,2
0.8,6400,2,1022.0,0.99922,4,5
0.8,6400,2,2264.0,1.0,1,2
0.8,6400,2,2479.0,1.0,2,3
0.8,6400,2,-1.0,1.0,0,0
0.8,6400,2,2477.0,0.98712,3,4
0.8,6400,2,2898.0,0.99402,2,3
0.8,6400,2,-1.0,1.0,0,0
0.8,6400,2,5352.0,0.99755,2,3
0.8,6400,2,5861.0,0.26444,2,3
0.8,6400,2,4593.0,0.99959,2,3
0.8,6400,2,-1.0,1.0,0,0
0.8,6400,2,-1.0,1.0,0,0
0.8,6400,2,1548.0,0.99971,1,2
0.8,6400,2,2784.0,1.0,1,2
0.8,6400,2,-1.0,0.99954,0,0
0.8,6400,2,-1.0,0.99998,0,0
0.8,6400,2,-1.0,0.99995,0,0
0.8,6400,2,-1.0,1.0,0,0
0.8,6400,2,1715.0,0.99962,1,2
0.8,6400,2,-1.0,1.0,0,0
0.8,6400,2,-1.0,1.0,0,0
0.8,6400,2,-1.0,1.0,0,0
0.8,6400,2,4625.0,0.53844,2,3
0.8,6400,2,-1.0,0.99984,0,0
0.8,6400,2,-1.0,0.99981,0,0
0.8,6400,2,-1.0,1.0,0,0
0.8,6400,2,-1.0,0.997,0,0
0.8,6400,2,-1.0,0.98137,0,0
0.8,6400,2,-1.0,0.98148,0,0
0.8,6400,2,-1.0,0.33618,0,0
0.8,6400,2,-1.0,0.0,0,0
0.8,3200,22,2579.0,0.7564,5,6
0.8,3200,22,2298.0,0.99996,5,6
0.8,3200,22,1741.0,0.99985,3,4
0.8,3200,22,6747.0,0.99003,3,4
0.8,3200,22,8183.0,1.0,1,2
0.8,3200,22,3566.0,0.99641,4,5
0.8,3200,22,1548.0,0.47428,7,8
0.8,3200,22,4547.0,1.0,2,3
0.8,3200,22,8574.0,0.88688,2,3
0.8,3200,22,3568.0,0.99593,4,5
0.8,3200,22,916.0,0.58619,5,6
0.8,3200,22,2527.0,1.0,1,2
0.8,3200,22,3127.0,1.0,1,2
0.8,3200,22,1530.0,1.0,2,3
0.8,3200,22,6624.0,1.0,1,2
0.8,3200,22,3409.0,0.99983,1,2
0.8,3200,22,-1.0,0.99999,0,0
0.8,3200,22,1592.0,1.0,2,3
0.8,3200,22,3345.0,0.99968,2,3
0.8,3200,22,-1.0,1.0,0,0
0.8,3200,22,950.0,0.97823,2,3
0.8,3200,22,-1.0,0.95377,0,0
0.8,3200,22,3600.0,0.99871,1,2
0.8,3200,22,2630.0,0.99998,1,2
0.8,3200,22,2473.0,0.26388,2,3
0.8,3200,22,-1.0,0.99981,0,0
0.8,3200,22,-1.0,0.99979,0,0
0.8,3200,22,-1.0,0.9996,0,0
0.8,3200,22,-1.0,0.98738,0,0
0.8,3200,22,-1.0,0.95469,0,0
0.8,3200,22,-1.0,0.93351,0,0
0.8,3200,22,-1.0,0.92445,0,0
0.8,3200,22,-1.0,0.83731,0,0
0.8,3200,22,-1.0,0.33618,0,0
0.8,3200,22,-1.0,0.0,0,0
0.8,3200,23,1891.0,0.26325,7,8
0.8,3200,23,2392.0,0.99992,6,7
0.8,3200,23,2863.0,0.99995,5,6
0.8,3200,23,1098.0,0.31703,3,4
0.8,3200,23,1810.0,0.99968,5,6
0.8,3200,23,3127.0,0.7232,4,5
0.8,3200,23,6862.0,0.99964,1,2
0.8,3200,23,1475.0,0.99636,6,7
0.8,3200,23,4824.0,0.98337,4,5
0.8,3200,23,-1.0,0.99995,0,0
0.8,3200,23,3056.0,0.9999,3,4
0.8,3200,23,3106.0,0.9124,1,2
0.8,3200,23,5962.0,0.90042,3,4
0.8,3200,23,866.0,1.0,1,2
0.8,3200,23,3822.0,0.98708,3,4
0.8,3200,23,6851.0,0.3,3,4
0.8,3200,23,481.0,0.99996,3,4
0.8,3200,23,3581.0,0.68546,4,5
0.8,3200,23,1860.0,0.98531,4,5
0.8,3200,23,2781.0,0.9983,3,4
0.8,3200,23,3446.0,0.47547,3,4
0.8,3200,23,4267.0,0.99991,2,3
0.8,3200,23,2869.0,0.99722,1,2
0.8,3200,23,1518.0,0.6416,2,3
0.8,3200,23,3246.0,0.83401,3,4
0.8,3200,23,4099.0,0.99997,1,2
0.8,3200,23,3211.0,0.75642,2,3
0.8,3200,23,872.0,0.99996,1,2
0.8,3200,23,-1.0,0.99995,0,0
0.8,3200,23,-1.0,0.99995,0,0
0.8,3200,23,-1.0,0.99895,0,0
0.8,3200,23,-1.0,0.9124,0,0
0.8,3200,23,-1.0,0.9996,0,0
0.8,3200,23,-1.0,0.99948,0,0
0.8,3200,23,-1.0,0.24565,0,0
0.8,3200,23,-1.0,0.06,0,0
0.8,3200,23,-1.0,0.0,0,0
0.8,3200,23,-1.0,0.0,0,0
0.8,6400,4,13397.0,0.9997,1,2
0.8,6400,4,9236.0,0.9403,1,2
0.8,6400,4,4765.0,0.38665,2,3
0.8,6400,4,3407.0,0.99999,3,4
0.8,6400,4,6135.0,0.95367,2,3
0.8,6400,4,1462.0,0.74017,2,3
0.8,6400,4,2803.0,0.99968,1,2
0.8,6400,4,-1.0,0.6283,0,0
0.8,6400,4,-1.0,0.63732,0,0
0.8,6400,4,-1.0,1.0,0,0
0.8,6400,4,-1.0,0.99988,0,0
0.8,6400,4,2812.0,0.99969,1,2
0.8,6400,4,-1.0,1.0,0,0
0.8,6400,4,-1.0,0.99991,0,0
0.8,6400,4,-1.0,1.0,0,0
0.8,6400,4,642.0,0.99815,1,2
0.8,6400,4,-1.0,0.99402,0,0
0.8,6400,4,-1.0,0.98849,0,0
0.8,6400,4,-1.0,0.96841,0,0
0.8,6400,4,-1.0,0.99999,0,0
0.8,6400,4,-1.0,0.67191,0,0
0.8,6400,4,-1.0,0.99977,0,0
0.8,6400,4,-1.0,0.70076,0,0
0.8,6400,4,-1.0,0.9996,0,0
0.8,6400,4,-1.0,0.9939,0,0
0.8,6400,4,-1.0,0.99779,0,0
0.8,6400,4,-1.0,0.74418,0,0
0.8,6400,4,-1.0,0.9914,0,0
0.8,6400,4,-1.0,0.92033,0,0
0.8,6400,4,-1.0,0.98543,0,0
0.8,6400,4,-1.0,0.95459,0,0
0.8,6400,4,-1.0,0.94134,0,0
0.8,6400,4,-1.0,0.91414,0,0
0.8,3200,24,5077.0,1.0,4,5
0.8,3200,24,1728.0,0.26278,7,8
0.8,3200,24,6317.0,0.99995,8,9
0.8,3200,24,3247.0,0.9996,6,7
0.8,3200,24,5787.0,0.98111,3,4
0.8,3200,24,828.0,0.9939,6,7
0.8,3200,24,4111.0,0.99996,1,2
0.8,3200,24,2014.0,0.99997,2,3
0.8,3200,24,1832.0,0.98336,6,7
0.8,3200,24,4816.0,0.99881,4,5
0.8,3200,24,-1.0,0.99996,0,0
0.8,3200,24,3156.0,0.9124,4,5
0.8,3200,24,4240.0,0.78561,1,2
0.8,3200,24,3708.0,0.99995,1,2
0.8,3200,24,3015.0,0.99882,3,4
0.8,3200,24,3872.0,0.68546,1,2
0.8,3200,24,1305.0,0.97841,3,4
0.8,3200,24,746.0,1.0,2,3
0.8,3200,24,3265.0,0.99993,3,4
0.8,3200,24,8680.0,0.99978,1,2
0.8,3200,24,6907.0,0.97556,1,2
0.8,3200,24,5064.0,1.0,1,2
0.8,3200,24,2128.0,1.0,2,3
0.8,3200,24,3863.0,0.99719,1,2
0.8,3200,24,-1.0,0.98999,0,0
0.8,3200,24,2480.0,0.99979,1,2
0.8,3200,24,-1.0,0.99996,0,0
0.8,3200,24,-1.0,0.99995,0,0
0.8,3200,24,1481.0,0.87107,2,3
0.8,3200,24,3913.0,0.93216,1,2
0.8,3200,24,-1.0,0.32269,0,0
0.8,3200,24,-1.0,0.99996,0,0
0.8,3200,24,-1.0,0.85393,0,0
0.8,3200,24,-1.0,0.99684,0,0
0.8,3200,24,-1.0,0.06,0,0
0.8,3200,24,-1.0,0.0,0,0
0.8,6400,5,4087.0,0.0,1,2
0.8,6400,5,4055.0,0.0,3,4
0.8,6400,5,-1.0,0.0,0,0
0.8,6400,5,8209.0,0.0,2,3
0.8,6400,5,3449.0,0.0,1,2
0.8,6400,5,9517.0,0.0,2,3
0.8,6400,5,3484.0,0.0,2,3
0.8,6400,5,-1.0,0.0,0,0
0.8,6400,5,-1.0,0.0,0,0
0.8,6400,5,7093.0,0.0,3,4
0.8,6400,5,-1.0,0.0,0,0
0.8,6400,5,-1.0,1.0,0,0
0.8,6400,5,-1.0,0.0,0,0
0.8,6400,5,-1.0,0.0,0,0
0.8,6400,5,-1.0,0.0,0,0
0.8,6400,5,-1.0,0.0,0,0
0.8,6400,5,-1.0,0.0,0,0
0.8,6400,6,4571.0,0.99947,2,3
0.8,6400,6,-1.0,0.9403,0,0
0.8,6400,6,15341.0,0.99311,1,2
0.8,6400,6,-1.0,0.99996,0,0
0.8,6400,6,280.0,0.99991,3,4
0.8,6400,6,3006.0,1.0,2,3
0.8,6400,6,5396.0,0.99995,1,2
0.8,6400,6,-1.0,1.0,0,0
0.8,6400,6,-1.0,0.99991,0,0
0.8,6400,6,-1.0,0.99993,0,0
0.8,6400,6,796.0,0.89814,1,2
0.8,6400,6,-1.0,0.99993,0,0
0.8,6400,6,-1.0,0.99994,0,0
0.8,6400,6,-1.0,1.0,0,0
0.8,6400,6,-1.0,1.0,0,0
0.8,6400,6,2419.0,0.99955,1,2
0.8,6400,6,-1.0,1.0,0,0
0.8,6400,6,606.0,0.22016,1,2
0.8,6400,6,-1.0,0.99992,0,0
0.8,6400,6,-1.0,0.9403,0,0
0.8,6400,6,-1.0,0.99635,0,0
0.8,6400,6,-1.0,0.99763,0,0
0.8,6400,6,-1.0,0.99924,0,0
0.8,6400,6,-1.0,0.99717,0,0
0.8,6400,6,-1.0,0.99478,0,0
0.8,6400,6,-1.0,0.99015,0,0
0.8,6400,6,-1.0,0.9889,0,0
0.8,6400,6,-1.0,0.92445,0,0
0.8,6400,6,-1.0,0.91414,0,0
0.8,6400,6,-1.0,0.85683,0,0
0.8,6400,6,-1.0,0.81506,0,0
0.8,6400,6,-1.0,0.0,0,0
0.8,6400,7,-1.0,0.95377,0,0
0.8,6400,7,6596.0,0.91238,1,2
0.8,6400,7,3085.0,1.0,2,3
0.8,6400,7,181.0,1.0,3,4
0.8,6400,7,3147.0,0.85393,1,2
0.8,6400,7,-1.0,1.0,0,0
0.8,6400,7,7140.0,0.95932,1,2
0.8,6400,7,6540.0,0.23232,1,2
0.8,6400,7,-1.0,1.0,0,0
0.8,6400,7,-1.0,0.98537,0,0
0.8,6400,7,-1.0,1.0,0,0
0.8,6400,7,-1.0,0.99998,0,0
0.8,6400,7,3367.0,0.99537,1,2
0.8,6400,7,776.0,0.99715,1,2
0.8,6400,7,-1.0,0.99998,0,0
0.8,6400,7,-1.0,1.0,0,0
0.8,6400,7,-1.0,0.999,0,0
0.8,6400,7,-1.0,0.99968,0,0
0.8,6400,7,-1.0,0.99965,0,0
0.8,6400,7,-1.0,0.99955,0,0
0.8,6400,7,-1.0,0.99874,0,0
0.8,6400,7,-1.0,0.99601,0,0
0.8,6400,7,-1.0,0.98947,0,0
0.8,6400,7,-1.0,0.98738,0,0
0.8,6400,7,-1.0,0.97896,0,0
0.8,6400,7,-1.0,0.94149,0,0
0.8,6400,7,-1.0,0.93351,0,0
0.8,6400,7,-1.0,0.87399,0,0
0.8,6400,7,-1.0,0.81513,0,0
0.8,6400,7,-1.0,0.0,0,0
0.8,6400,9,-1.0,0.0,0,0
0.8,6400,9,13522.0,0.0,1,2
0.8,6400,9,5009.0,0.99999,1,2
0.8,6400,9,-1.0,0.0,0,0
0.8,6400,9,-1.0,0.0,0,0
0.8,6400,9,-1.0,0.99976,0,0
0.8,6400,9,2386.0,1.0,1,2
0.8,6400,9,4757.0,0.81137,1,2
0.8,6400,9,-1.0,1.0,0,0
0.8,6400,9,-1.0,1.0,0,0
0.8,6400,9,-1.0,1.0,0,0
0.8,6400,9,-1.0,0.97853,0,0
0.8,6400,9,-1.0,0.0,0,0
0.8,6400,9,-1.0,0.99932,0,0
0.8,6400,9,-1.0,0.40388,0,0
0.8,6400,9,-1.0,0.99902,0,0
0.8,6400,9,-1.0,0.0,0,0
0.8,6400,9,-1.0,0.96912,0,0
0.8,6400,9,-1.0,0.72871,0,0
0.8,6400,9,-1.0,0.24566,0,0
0.8,6400,9,-1.0,0.0,0,0
0.8,6400,8,4334.0,1.0,1,2
0.8,6400,8,90.0,0.05397,3,4
0.8,6400,8,1542.0,0.99833,3,4
0.8,6400,8,6822.0,0.3,2,3
0.8,6400,8,9862.0,0.95932,1,2
0.8,6400,8,-1.0,1.0,0,0
0.8,6400,8,-1.0,1.0,0,0
0.8,6400,8,-1.0,0.99976,0,0
0.8,6400,8,6350.0,0.99833,1,2
0.8,6400,8,5810.0,0.26444,2,3
0.8,6400,8,-1.0,1.0,0,0
0.8,6400,8,5060.0,0.95932,1,2
0.8,6400,8,-1.0,0.47551,0,0
0.8,6400,8,-1.0,1.0,0,0
0.8,6400,8,-1.0,1.0,0,0
0.8,6400,8,-1.0,1.0,0,0
0.8,6400,8,-1.0,0.99537,0,0
0.8,6400,8,-1.0,1.0,0,0
0.8,6400,8,-1.0,0.97228,0,0
0.8,6400,8,-1.0,0.99999,0,0
0.8,6400,8,-1.0,0.99965,0,0
0.8,6400,8,-1.0,0.99789,0,0
0.8,6400,8,-1.0,0.99761,0,0
0.8,6400,8,-1.0,0.99414,0,0
0.8,6400,8,-1.0,0.96491,0,0
0.8,6400,8,-1.0,0.94149,0,0
0.8,6400,8,-1.0,0.94149,0,0
0.8,6400,8,-1.0,0.24566,0,0
0.8,6400,8,-1.0,0.06,0,0
0.8,6400,8,-1.0,0.06,0,0
0.8,6400,8,-1.0,0.0,0,0
0.8,6400,8,-1.0,0.0,0,0
0.8,6400,10,14385.0,0.0,1,2
0.8,6400,10,-1.0,1.0,0,0
0.8,6400,10,578.0,1.0,4,5
0.8,6400,10,2931.0,1.0,1,2
0.8,6400,10,-1.0,1.0,0,0
0.8,6400,10,6360.0,0.26444,1,2
0.8,6400,10,-1.0,1.0,0,0
0.8,6400,10,-1.0,1.0,0,0
0.8,6400,10,-1.0,1.0,0,0
0.8,6400,10,-1.0,1.0,0,0
0.8,6400,10,391.0,0.84172,2,3
0.8,6400,10,-1.0,1.0,0,0
0.8,6400,10,-1.0,0.99811,0,0
0.8,6400,10,-1.0,0.99972,0,0
0.8,6400,10,-1.0,0.99998,0,0
0.8,6400,10,-1.0,0.9996,0,0
0.8,6400,10,-1.0,0.99761,0,0
0.8,6400,10,-1.0,0.94149,0,0
0.8,6400,10,-1.0,0.78992,0,0
0.8,6400,10,-1.0,0.0,0,0
0.8,6400,11,10972.0,0.0,3,4
0.8,6400,11,5130.0,0.0,2,3
0.8,6400,11,4441.0,0.0,1,2
0.8,6400,11,13352.0,0.0,1,2
0.8,6400,11,508.0,0.98003,5,6
0.8,6400,11,2695.0,1.0,1,2
0.8,6400,11,3884.0,0.78565,1,2
0.8,6400,11,3832.0,1.0,1,2
0.8,6400,11,-1.0,1.0,0,0
0.8,6400,11,-1.0,0.264,0,0
0.8,6400,11,-1.0,1.0,0,0
0.8,6400,11,-1.0,0.81137,0,0
0.8,6400,11,-1.0,0.92291,0,0
0.8,6400,11,-1.0,1.0,0,0
0.8,6400,11,-1.0,1.0,0,0
0.8,6400,11,-1.0,0.0,0,0
0.8,6400,11,-1.0,0.99484,0,0
0.8,6400,11,-1.0,0.97283,0,0
0.8,6400,11,-1.0,0.0,0,0
0.8,6400,11,-1.0,0.90244,0,0
0.8,6400,11,-1.0,0.72871,0,0
0.8,6400,11,-1.0,0.72871,0,0
0.8,6400,11,-1.0,0.0,0,0
0.8,6400,11,-1.0,0.0,0,0
0.8,6400,15,9883.0,0.0,1,2
0.8,6400,15,559.0,0.0,3,4
0.8,6400,15,3175.0,0.0,2,3
0.8,6400,15,12616.0,0.0,1,2
0.8,6400,15,9508.0,0.0,1,2
0.8,6400,15,6539.0,0.0,2,3
0.8,6400,15,-1.0,0.0,0,0
0.8,6400,15,2170.0,0.0,1,2
0.8,6400,15,-1.0,0.0,0,0
0.8,6400,15,-1.0,0.0,0,0
0.8,6400,15,-1.0,0.0,0,0
0.8,6400,15,-1.0,0.0,0,0
0.8,6400,15,-1.0,0.0,0,0
0.8,6400,15,-1.0,0.0,0,0
0.8,6400,15,-1.0,0.0,0,0
0.8,6400,15,-1.0,0.0,0,0
0.8,6400,16,5286.0,0.0,2,3
0.8,6400,16,5623.0,0.0,2,3
0.8,6400,16,-1.0,0.0,0,0
0.8,6400,16,-1.0,0.06752,0,0
0.8,6400,16,2344.0,1.0,1,2
0.8,6400,16,2955.0,0.0,3,4
0.8,6400,16,1261.0,0.0,1,2
0.8,6400,16,4840.0,0.0,1,2
0.8,6400,16,-1.0,0.0,0,0
0.8,6400,16,-1.0,0.99853,0,0
0.8,6400,16,2608.0,0.0,2,3
0.8,6400,16,-1.0,1.0,0,0
0.8,6400,16,-1.0,0.99321,0,0
0.8,6400,16,-1.0,0.0,0,0
0.8,6400,16,-1.0,0.0,0,0
0.8,6400,16,-1.0,0.0,0,0
0.8,6400,16,-1.0,0.99789,0,0
0.8,6400,16,-1.0,0.9914,0,0
0.8,6400,12,-1.0,0.99474,0,0
0.8,6400,12,10082.0,0.97433,3,4
0.8,6400,12,11449.0,0.64257,2,3
0.8,6400,12,4474.0,0.98872,1,2
0.8,6400,12,5157.0,0.88688,1,2
0.8,6400,12,5498.0,0.99995,3,4
0.8,6400,12,-1.0,0.99123,0,0
0.8,6400,12,-1.0,0.99994,0,0
0.8,6400,12,-1.0,0.98855,0,0
0.8,6400,12,-1.0,0.99994,0,0
0.8,6400,12,-1.0,0.99996,0,0
0.8,6400,12,661.0,0.71375,5,6
0.8,6400,12,-1.0,0.98867,0,0
0.8,6400,12,3499.0,0.98893,2,3
0.8,6400,12,-1.0,0.70588,0,0
0.8,6400,12,-1.0,1.0,0,0
0.8,6400,12,-1.0,0.99991,0,0
0.8,6400,12,-1.0,0.99997,0,0
0.8,6400,12,-1.0,0.98884,0,0
0.8,6400,12,-1.0,0.99044,0,0
0.8,6400,12,-1.0,0.94025,0,0
0.8,6400,12,-1.0,1.0,0,0
0.8,6400,12,2517.0,0.92027,2,3
0.8,6400,12,-1.0,0.99272,0,0
0.8,6400,12,-1.0,1.0,0,0
0.8,6400,12,-1.0,1.0,0,0
0.8,6400,12,1459.0,0.25826,1,2
0.8,6400,12,-1.0,0.94743,0,0
0.8,6400,12,-1.0,0.98205,0,0
0.8,6400,12,-1.0,0.9889,0,0
0.8,6400,12,-1.0,0.9999,0,0
0.8,6400,12,-1.0,0.99993,0,0
0.8,6400,12,-1.0,0.77829,0,0
0.8,6400,12,-1.0,0.48594,0,0
0.8,6400,12,-1.0,0.0,0,0
0.8,6400,14,9001.0,1.0,1,2
0.8,6400,14,2866.0,1.0,2,3
0.8,6400,14,1965.0,0.97852,2,3
0.8,6400,14,2403.0,1.0,1,2
0.8,6400,14,3931.0,1.0,1,2
0.8,6400,14,785.0,0.99939,3,4
0.8,6400,14,-1.0,1.0,0,0
0.8,6400,14,7820.0,0.99932,1,2
0.8,6400,14,4464.0,0.99999,1,2
0.8,6400,14,-1.0,1.0,0,0
0.8,6400,14,-1.0,1.0,0,0
0.8,6400,14,2917.0,0.97228,1,2
0.8,6400,14,-1.0,1.0,0,0
0.8,6400,14,-1.0,0.99995,0,0
0.8,6400,14,-1.0,1.0,0,0
0.8,6400,14,-1.0,1.0,0,0
0.8,6400,14,-1.0,1.0,0,0
0.8,6400,14,-1.0,0.95932,0,0
0.8,6400,14,-1.0,1.0,0,0
0.8,6400,14,-1.0,0.9685,0,0
0.8,6400,14,-1.0,0.99999,0,0
0.8,6400,14,-1.0,0.83401,0,0
0.8,6400,14,-1.0,0.99994,0,0
0.8,6400,14,-1.0,0.99994,0,0
0.8,6400,14,-1.0,0.99993,0,0
0.8,6400,14,-1.0,0.99914,0,0
0.8,6400,14,-1.0,0.99902,0,0
0.8,6400,14,-1.0,0.96912,0,0
0.8,6400,14,-1.0,0.96491,0,0
0.8,6400,14,-1.0,0.96013,0,0
0.8,6400,14,-1.0,0.94851,0,0
0.8,6400,14,-1.0,0.78992,0,0
0.8,6400,17,12153.0,0.99997,1,2
0.8,6400,17,2793.0,0.59382,5,6
0.8,6400,17,-1.0,1.0,0,0
0.8,6400,17,2494.0,0.90043,2,3
0.8,6400,17,-1.0,0.83401,0,0
0.8,6400,17,631.0,1.0,1,2
0.8,6400,17,-1.0,1.0,0,0
0.8,6400,17,3478.0,0.98111,1,2
0.8,6400,17,-1.0,0.99976,0,0
0.8,6400,17,-1.0,0.99998,0,0
0.8,6400,17,-1.0,1.0,0,0
0.8,6400,17,-1.0,1.0,0,0
0.8,6400,17,-1.0,0.99998,0,0
0.8,6400,17,-1.0,0.99938,0,0
0.8,6400,17,-1.0,0.94028,0,0
0.8,6400,17,-1.0,0.40396,0,0
0.8,6400,17,-1.0,0.99965,0,0
0.8,6400,17,-1.0,0.99809,0,0
0.8,6400,17,-1.0,0.99754,0,0
0.8,6400,17,-1.0,0.97283,0,0
0.8,6400,17,-1.0,0.91412,0,0
0.8,6400,17,-1.0,0.85682,0,0
0.8,6400,17,-1.0,0.76127,0,0
0.8,6400,17,-1.0,0.41584,0,0
0.8,6400,17,-1.0,0.24566,0,0
0.8,6400,18,3462.0,1.0,1,2
0.8,6400,18,3135.0,1.0,3,4
0.8,6400,18,12944.0,0.99981,1,2
0.8,6400,18,3632.0,0.99964,1,2
0.8,6400,18,836.0,1.0,1,2
0.8,6400,18,-1.0,1.0,0,0
0.8,6400,18,1871.0,1.0,1,2
0.8,6400,18,2449.0,0.99998,1,2
0.8,6400,18,-1.0,0.99923,0,0
0.8,6400,18,-1.0,1.0,0,0
0.8,6400,18,-1.0,1.0,0,0
0.8,6400,18,-1.0,1.0,0,0
0.8,6400,18,-1.0,0.93216,0,0
0.8,6400,18,-1.0,1.0,0,0
0.8,6400,18,-1.0,1.0,0,0
0.8,6400,18,-1.0,1.0,0,0
0.8,6400,18,-1.0,1.0,0,0
0.8,6400,18,-1.0,0.99999,0,0
0.8,6400,18,-1.0,0.99991,0,0
0.8,6400,18,-1.0,0.99989,0,0
0.8,6400,18,-1.0,0.99973,0,0
0.8,6400,18,-1.0,0.99948,0,0
0.8,6400,18,-1.0,0.99902,0,0
0.8,6400,18,-1.0,0.91414,0,0
0.8,6400,21,4776.0,0.0,2,3
0.8,6400,21,-1.0,1.0,0,0
0.8,6400,21,16986.0,0.0,1,2
0.8,6400,21,1020.0,0.0,2,3
0.8,6400,21,-1.0,0.0,0,0
0.8,6400,21,1876.0,0.0,2,3
0.8,6400,21,3200.0,0.0,2,3
0.8,6400,21,3506.0,0.0,1,2
0.8,6400,21,5331.0,0.87146,1,2
0.8,6400,21,-1.0,0.99972,0,0
0.8,6400,21,-1.0,0.0,0,0
0.8,6400,21,-1.0,0.0,0,0
0.8,6400,21,-1.0,0.0,0,0
0.8,6400,21,1709.0,0.0,1,2
0.8,6400,21,-1.0,0.0,0,0
0.8,6400,21,-1.0,0.3226,0,0
0.8,6400,21,-1.0,0.0,0,0
0.8,6400,21,-1.0,0.0,0,0
0.8,6400,21,-1.0,0.83731,0,0
0.8,6400,21,-1.0,0.0,0,0
0.8,6400,21,-1.0,0.1428,0,0
0.8,6400,13,7587.0,0.9403,3,4
0.8,6400,13,2493.0,1.0,3,4
0.8,6400,13,5499.0,0.99999,2,3
0.8,6400,13,6848.0,0.99712,1,2
0.8,6400,13,7736.0,1.0,1,2
0.8,6400,13,-1.0,0.99402,0,0
0.8,6400,13,5066.0,1.0,1,2
0.8,6400,13,3882.0,1.0,1,2
0.8,6400,13,1086.0,1.0,2,3
0.8,6400,13,756.0,0.99715,4,5
0.8,6400,13,4963.0,0.32271,2,3
0.8,6400,13,4306.0,0.99968,1,2
0.8,6400,13,1715.0,0.99959,1,2
0.8,6400,13,-1.0,0.99998,0,0
0.8,6400,13,2959.0,0.85392,2,3
0.8,6400,13,-1.0,1.0,0,0
0.8,6400,13,2642.0,0.99785,1,2
0.8,6400,13,3480.0,1.0,1,2
0.8,6400,13,-1.0,1.0,0,0
0.8,6400,13,7074.0,0.78546,1,2
0.8,6400,13,5143.0,0.99722,1,2
0.8,6400,13,-1.0,1.0,0,0
0.8,6400,13,5541.0,0.23228,1,2
0.8,6400,13,1973.0,0.99999,1,2
0.8,6400,13,-1.0,1.0,0,0
0.8,6400,13,-1.0,1.0,0,0
0.8,6400,13,-1.0,1.0,0,0
0.8,6400,13,-1.0,0.99981,0,0
0.8,6400,13,-1.0,0.99722,0,0
0.8,6400,13,-1.0,0.99989,0,0
0.8,6400,13,-1.0,0.99998,0,0
0.8,6400,13,-1.0,0.99996,0,0
0.8,6400,13,-1.0,0.99972,0,0
0.8,6400,13,-1.0,0.9914,0,0
0.8,6400,13,-1.0,0.06,0,0
0.8,6400,13,-1.0,0.0,0,0
0.8,6400,20,-1.0,1.0,0,0
0.8,6400,20,725.0,1.0,1,2
0.8,6400,20,12930.0,0.99993,2,3
0.8,6400,20,4377.0,0.26444,2,3
0.8,6400,20,2860.0,1.0,1,2
0.8,6400,20,1822.0,1.0,1,2
0.8,6400,20,2923.0,0.47549,3,4
0.8,6400,20,-1.0,1.0,0,0
0.8,6400,20,1596.0,1.0,1,2
0.8,6400,20,5752.0,0.99641,1,2
0.8,6400,20,-1.0,1.0,0,0
0.8,6400,20,-1.0,1.0,0,0
0.8,6400,20,-1.0,1.0,0,0
0.8,6400,20,-1.0,0.99995,0,0
0.8,6400,20,-1.0,0.99756,0,0
0.8,6400,20,941.0,0.99991,1,2
0.8,6400,20,1635.0,0.99989,2,3
0.8,6400,20,671.0,0.99996,1,2
0.8,6400,20,-1.0,0.99998,0,0
0.8,6400,20,-1.0,0.47551,0,0
0.8,6400,20,-1.0,1.0,0,0
0.8,6400,20,-1.0,0.264,0,0
0.8,6400,20,-1.0,0.9124,0,0
0.8,6400,20,-1.0,0.99999,0,0
0.8,6400,20,-1.0,0.99946,0,0
0.8,6400,20,-1.0,0.96848,0,0
0.8,6400,20,-1.0,0.99993,0,0
0.8,6400,20,-1.0,0.99966,0,0
0.8,6400,20,-1.0,0.9999,0,0
0.8,6400,20,-1.0,0.99989,0,0
0.8,6400,20,-1.0,0.99986,0,0
0.8,6400,20,-1.0,0.99924,0,0
0.8,6400,20,-1.0,0.99728,0,0
0.8,6400,20,-1.0,0.88913,0,0
0.8,6400,20,-1.0,0.24566,0,0
0.8,6400,20,-1.0,0.24566,0,0
0.8,6400,20,-1.0,0.0,0,0
0.8,6400,20,-1.0,0.0,0,0
0.8,6400,19,9412.0,1.0,2,3
0.8,6400,19,1114.0,1.0,1,2
0.8,6400,19,1842.0,0.99823,2,3
0.8,6400,19,5504.0,0.99987,2,3
0.8,6400,19,-1.0,1.0,0,0
0.8,6400,19,1974.0,0.81126,5,6
0.8,6400,19,1979.0,0.92287,4,5
0.8,6400,19,9617.0,0.99218,1,2
0.8,6400,19,-1.0,1.0,0,0
0.8,6400,19,3904.0,1.0,1,2
0.8,6400,19,5637.0,0.99996,1,2
0.8,6400,19,3217.0,0.9992,2,3
0.8,6400,19,-1.0,0.92291,0,0
0.8,6400,19,5372.0,0.9998,2,3
0.8,6400,19,-1.0,0.99981,0,0
0.8,6400,19,-1.0,1.0,0,0
0.8,6400,19,-1.0,0.99987,0,0
0.8,6400,19,-1.0,1.0,0,0
0.8,6400,19,-1.0,1.0,0,0
0.8,6400,19,-1.0,1.0,0,0
0.8,6400,19,-1.0,1.0,0,0
0.8,6400,19,-1.0,0.99982,0,0
0.8,6400,19,-1.0,0.96843,0,0
0.8,6400,19,-1.0,1.0,0,0
0.8,6400,19,5296.0,0.83401,1,2
0.8,6400,19,-1.0,1.0,0,0
0.8,6400,19,-1.0,0.99537,0,0
0.8,6400,19,-1.0,0.99978,0,0
0.8,6400,19,-1.0,0.95917,0,0
0.8,6400,19,2910.0,0.99785,1,2
0.8,6400,19,-1.0,0.99003,0,0
0.8,6400,19,-1.0,0.98992,0,0
0.8,6400,19,-1.0,1.0,0,0
0.8,6400,19,-1.0,1.0,0,0
0.8,6400,19,2132.0,0.78543,1,2
0.8,6400,22,990.0,0.99987,2,3
0.8,6400,22,5281.0,0.9124,2,3
0.8,6400,22,7136.0,1.0,2,3
0.8,6400,22,-1.0,1.0,0,0
0.8,6400,22,4457.0,1.0,1,2
0.8,6400,22,1151.0,1.0,2,3
0.8,6400,22,-1.0,1.0,0,0
0.8,6400,22,-1.0,1.0,0,0
0.8,6400,22,5008.0,1.0,1,2
0.8,6400,22,1043.0,1.0,1,2
0.8,6400,22,5094.0,0.99989,1,2
0.8,6400,22,-1.0,1.0,0,0
0.8,6400,22,-1.0,1.0,0,0
0.8,6400,22,510.0,0.66755,1,2
0.8,6400,22,-1.0,0.98537,0,0
0.8,6400,22,-1.0,1.0,0,0
0.8,6400,22,-1.0,1.0,0,0
0.8,6400,22,-1.0,1.0,0,0
0.8,6400,22,-1.0,0.99641,0,0
0.8,6400,22,-1.0,0.99999,0,0
0.8,6400,22,-1.0,0.99998,0,0
0.8,6400,22,-1.0,0.68545,0,0
0.8,6400,22,-1.0,0.99984,0,0
0.8,6400,22,-1.0,0.99981,0,0
0.8,6400,22,-1.0,0.99546,0,0
0.8,6400,22,-1.0,0.63702,0,0
0.8,6400,22,-1.0,0.92445,0,0
0.8,6400,22,-1.0,0.87401,0,0
0.8,6400,22,-1.0,0.60191,0,0
0.8,6400,22,-1.0,0.54763,0,0
0.8,6400,22,-1.0,0.48594,0,0
0.8,6400,23,4725.0,0.99995,2,3
0.8,6400,23,2867.0,1.0,2,3
0.8,6400,23,1842.0,0.97851,5,6
0.8,6400,23,729.0,0.99994,3,4
0.8,6400,23,1537.0,1.0,2,3
0.8,6400,23,3758.0,1.0,4,5
0.8,6400,23,5441.0,0.99976,3,4
0.8,6400,23,1400.0,0.93193,6,7
0.8,6400,23,1458.0,0.9964,1,2
0.8,6400,23,1555.0,1.0,4,5
0.8,6400,23,-1.0,1.0,0,0
0.8,6400,23,3477.0,0.99994,1,2
0.8,6400,23,-1.0,1.0,0,0
0.8,6400,23,-1.0,1.0,0,0
0.8,6400,23,-1.0,1.0,0,0
0.8,6400,23,2208.0,0.99718,2,3
0.8,6400,23,4754.0,0.59383,2,3
0.8,6400,23,2762.0,0.99995,1,2
0.8,6400,23,3478.0,0.99833,2,3
0.8,6400,23,626.0,0.99994,1,2
0.8,6400,23,-1.0,0.99402,0,0
0.8,6400,23,1183.0,1.0,1,2
0.8,6400,23,-1.0,1.0,0,0
0.8,6400,23,-1.0,0.264,0,0
0.8,6400,23,2893.0,0.834,2,3
0.8,6400,23,-1.0,1.0,0,0
0.8,6400,23,2056.0,0.9994,1,2
0.8,6400,23,-1.0,1.0,0,0
0.8,6400,23,-1.0,1.0,0,0
0.8,6400,23,-1.0,1.0,0,0
0.8,6400,23,1977.0,0.99994,1,2
0.8,6400,23,-1.0,0.98998,0,0
0.8,6400,23,-1.0,0.40398,0,0
0.8,6400,23,-1.0,0.99474,0,0
0.8,6400,23,-1.0,0.48594,0,0
0.8,6400,23,-1.0,0.1428,0,0
0.8,6400,23,-1.0,0.0,0,0
0.8,6400,24,1013.0,1.0,3,4
0.8,6400,24,1160.0,1.0,2,3
0.8,6400,24,6935.0,0.26443,3,4
0.8,6400,24,6213.0,0.99468,2,3
0.8,6400,24,11329.0,0.99999,1,2
0.8,6400,24,3761.0,0.99954,3,4
0.8,6400,24,2366.0,0.99999,2,3
0.8,6400,24,3644.0,0.99999,2,3
0.8,6400,24,1538.0,1.0,1,2
0.8,6400,24,-1.0,0.53844,0,0
0.8,6400,24,-1.0,0.99998,0,0
0.8,6400,24,7273.0,0.98337,1,2
0.8,6400,24,-1.0,0.99218,0,0
0.8,6400,24,-1.0,0.92288,0,0
0.8,6400,24,3431.0,0.99998,2,3
0.8,6400,24,5547.0,0.78565,1,2
0.8,6400,24,-1.0,0.99995,0,0
0.8,6400,24,-1.0,1.0,0,0
0.8,6400,24,-1.0,0.99995,0,0
0.8,6400,24,-1.0,0.64257,0,0
0.8,6400,24,-1.0,1.0,0,0
0.8,6400,24,-1.0,0.99981,0,0
0.8,6400,24,-1.0,0.99994,0,0
0.8,6400,24,-1.0,0.99999,0,0
0.8,6400,24,-1.0,1.0,0,0
0.8,6400,24,-1.0,1.0,0,0
0.8,6400,24,-1.0,0.99998,0,0
0.8,6400,24,-1.0,0.99989,0,0
0.8,6400,24,-1.0,1.0,0,0
0.8,6400,24,-1.0,1.0,0,0
0.8,6400,24,-1.0,0.99999,0,0
0.8,6400,24,-1.0,0.99995,0,0
0.8,6400,24,-1.0,0.99999,0,0
0.8,6400,24,-1.0,0.99239,0,0
0.8,6400,24,-1.0,0.33618,0,0
0.8,6400,24,-1.0,0.0,0,0
1.0,3200,5,3445.0,0.96882,3,4
1.0,3200,5,9753.0,0.91531,1,2
1.0,3200,5,5042.0,0.78116,2,3
1.0,3200,5,1724.0,0.9509,1,2
1.0,3200,5,2434.0,0.36018,1,2
1.0,3200,5,847.0,0.81149,4,5
1.0,3200,5,-1.0,0.98185,0,0
1.0,3200,5,2157.0,0.90809,1,2
1.0,3200,5,2411.0,0.93,1,2
1.0,3200,5,1448.0,0.91055,1,2
1.0,3200,5,1243.0,0.97877,1,2
1.0,3200,5,1717.0,0.93421,1,2
1.0,3200,5,-1.0,0.49374,0,0
1.0,3200,5,-1.0,0.90333,0,0
1.0,3200,5,-1.0,0.78596,0,0
1.0,3200,5,753.0,0.78841,1,2
1.0,3200,5,-1.0,0.97533,0,0
1.0,3200,5,1008.0,0.76564,1,2
1.0,3200,5,-1.0,0.89838,0,0
1.0,3200,5,-1.0,0.96892,0,0
1.0,3200,5,564.0,0.78587,2,3
1.0,3200,5,-1.0,0.87345,0,0
1.0,3200,5,-1.0,0.90335,0,0
1.0,3200,5,-1.0,0.8765,0,0
1.0,3200,5,-1.0,0.76247,0,0
1.0,3200,5,-1.0,0.72098,0,0
1.0,3200,5,-1.0,0.86863,0,0
1.0,3200,5,-1.0,0.71651,0,0
1.0,3200,5,-1.0,0.33018,0,0
1.0,3200,3,3214.0,0.99887,3,4
1.0,3200,3,-1.0,1.0,0,0
1.0,3200,3,-1.0,1.0,0,0
1.0,3200,3,2769.0,0.26396,1,2
1.0,3200,3,1983.0,0.99978,5,6
1.0,3200,3,220.0,0.99993,2,3
1.0,3200,3,925.0,0.9999,2,3
1.0,3200,3,-1.0,0.99999,0,0
1.0,3200,3,-1.0,1.0,0,0
1.0,3200,3,-1.0,1.0,0,0
1.0,3200,3,-1.0,0.90046,0,0
1.0,3200,3,-1.0,0.99995,0,0
1.0,3200,3,-1.0,0.99999,0,0
1.0,3200,3,-1.0,0.9994,0,0
1.0,3200,3,-1.0,0.99996,0,0
1.0,3200,3,2612.0,0.97227,1,2
1.0,3200,3,1665.0,0.99121,1,2
1.0,3200,3,1017.0,0.91145,1,2
1.0,3200,3,-1.0,0.99947,0,0
1.0,3200,3,-1.0,0.99996,0,0
1.0,3200,3,-1.0,0.99995,0,0
1.0,3200,3,693.0,0.22959,2,3
1.0,3200,3,-1.0,0.94028,0,0
1.0,3200,3,-1.0,0.99987,0,0
1.0,3200,3,-1.0,0.99981,0,0
1.0,3200,3,-1.0,0.99973,0,0
1.0,3200,3,-1.0,0.53796,0,0
1.0,3200,3,-1.0,0.99691,0,0
1.0,3200,3,-1.0,0.88461,0,0
1.0,3200,3,-1.0,0.98738,0,0
1.0,3200,3,-1.0,0.87401,0,0
1.0,3200,3,-1.0,0.85683,0,0
1.0,3200,3,-1.0,0.41584,0,0
1.0,3200,3,-1.0,0.0,0,0
1.0,3200,3,-1.0,0.0,0,0
1.0,3200,1,2853.0,1.0,4,5
1.0,3200,1,3599.0,1.0,3,4
1.0,3200,1,3213.0,0.59383,6,7
1.0,3200,1,3160.0,0.99968,3,4
1.0,3200,1,9488.0,0.99947,2,3
1.0,3200,1,1331.0,1.0,4,5
1.0,3200,1,3529.0,1.0,3,4
1.0,3200,1,2464.0,1.0,1,2
1.0,3200,1,2150.0,0.99996,2,3
1.0,3200,1,9700.0,0.99954,2,3
1.0,3200,1,-1.0,0.99999,0,0
1.0,3200,1,1350.0,0.53641,5,6
1.0,3200,1,80.0,0.99994,3,4
1.0,3200,1,1646.0,0.99641,5,6
1.0,3200,1,-1.0,1.0,0,0
1.0,3200,1,2953.0,0.94747,3,4
1.0,3200,1,879.0,1.0,1,2
1.0,3200,1,3119.0,0.99722,3,4
1.0,3200,1,6791.0,0.99722,1,2
1.0,3200,1,655.0,0.96742,1,2
1.0,3200,1,5302.0,0.85393,1,2
1.0,3200,1,1122.0,0.93159,3,4
1.0,3200,1,-1.0,1.0,0,0
1.0,3200,1,-1.0,1.0,0,0
1.0,3200,1,-1.0,1.0,0,0
1.0,3200,1,-1.0,1.0,0,0
1.0,3200,1,-1.0,0.99995,0,0
1.0,3200,1,-1.0,0.99995,0,0
1.0,3200,1,-1.0,0.85287,0,0
1.0,3200,1,-1.0,0.99601,0,0
1.0,3200,1,-1.0,0.99546,0,0
1.0,3200,1,-1.0,0.89891,0,0
1.0,3200,1,-1.0,0.92445,0,0
1.0,3200,1,-1.0,0.91414,0,0
1.0,3200,1,-1.0,0.41584,0,0
1.0,3200,1,-1.0,0.33618,0,0
1.0,3200,0,2269.0,0.99995,4,5
1.0,3200,0,639.0,0.99806,5,6
1.0,3200,0,2275.0,0.98337,9,10
1.0,3200,0,2749.0,0.2644,5,6
1.0,3200,0,1939.0,0.99842,3,4
1.0,3200,0,1310.0,0.59204,5,6
1.0,3200,0,2477.0,1.0,4,5
1.0,3200,0,2718.0,1.0,3,4
1.0,3200,0,3684.0,0.99947,2,3
1.0,3200,0,2142.0,1.0,1,2
1.0,3200,0,-1.0,1.0,0,0
1.0,3200,0,6244.0,1.0,4,5
1.0,3200,0,2138.0,0.98337,2,3
1.0,3200,0,7196.0,1.0,1,2
1.0,3200,0,2772.0,0.99947,4,5
1.0,3200,0,1240.0,0.95908,3,4
1.0,3200,0,3554.0,0.9642,4,5
1.0,3200,0,1729.0,1.0,2,3
1.0,3200,0,964.0,0.99911,3,4
1.0,3200,0,7121.0,0.23232,2,3
1.0,3200,0,4328.0,0.40398,2,3
1.0,3200,0,-1.0,1.0,0,0
1.0,3200,0,-1.0,0.98337,0,0
1.0,3200,0,-1.0,0.99972,0,0
1.0,3200,0,-1.0,1.0,0,0
1.0,3200,0,1254.0,0.91187,1,2
1.0,3200,0,-1.0,0.99933,0,0
1.0,3200,0,496.0,0.20722,1,2
1.0,3200,0,-1.0,0.9978,0,0
1.0,3200,0,-1.0,0.9914,0,0
1.0,3200,0,-1.0,0.88907,0,0
1.0,3200,0,-1.0,0.81513,0,0
1.0,3200,0,-1.0,0.41584,0,0
1.0,3200,0,-1.0,0.1428,0,0
1.0,3200,0,-1.0,0.0,0,0
1.0,3200,0,-1.0,0.0,0,0
1.0,3200,0,-1.0,0.0,0,0
1.0,3200,0,-1.0,0.0,0,0
1.0,3200,2,4065.0,0.99912,5,6
1.0,3200,2,1532.0,0.99983,5,6
1.0,3200,2,4233.0,0.99995,1,2
1.0,3200,2,781.0,1.0,3,4
1.0,3200,2,-1.0,1.0,0,0
1.0,3200,2,2312.0,0.99912,3,4
1.0,3200,2,6395.0,0.99853,3,4
1.0,3200,2,2668.0,1.0,4,5
1.0,3200,2,1446.0,0.78498,5,6
1.0,3200,2,882.0,0.99635,6,7
1.0,3200,2,1573.0,0.99871,4,5
1.0,3200,2,1626.0,0.26237,3,4
1.0,3200,2,-1.0,1.0,0,0
1.0,3200,2,5644.0,1.0,1,2
1.0,3200,2,2117.0,0.99003,4,5
1.0,3200,2,2404.0,1.0,2,3
1.0,3200,2,1853.0,0.99995,2,3
1.0,3200,2,6484.0,0.99996,1,2
1.0,3200,2,-1.0,0.9403,0,0
1.0,3200,2,822.0,0.96347,3,4
1.0,3200,2,2719.0,0.68545,2,3
1.0,3200,2,-1.0,0.81137,0,0
1.0,3200,2,1678.0,0.94739,1,2
1.0,3200,2,-1.0,1.0,0,0
1.0,3200,2,-1.0,0.83394,0,0
1.0,3200,2,1288.0,0.89996,1,2
1.0,3200,2,-1.0,0.9756,0,0
1.0,3200,2,-1.0,0.81066,0,0
1.0,3200,2,-1.0,0.99649,0,0
1.0,3200,2,-1.0,0.98738,0,0
1.0,3200,2,-1.0,0.54763,0,0
1.0,3200,2,-1.0,0.0,0,0
1.0,3200,11,3007.0,1.0,4,5
1.0,3200,11,9128.0,0.99991,3,4
1.0,3200,11,494.0,1.0,1,2
1.0,3200,11,-1.0,1.0,0,0
1.0,3200,11,4823.0,0.99785,1,2
1.0,3200,11,2121.0,0.99997,3,4
1.0,3200,11,933.0,0.99991,2,3
1.0,3200,11,-1.0,1.0,0,0
1.0,3200,11,844.0,0.99983,3,4
1.0,3200,11,3198.0,0.99999,1,2
1.0,3200,11,3055.0,0.81137,4,5
1.0,3200,11,3897.0,0.99989,1,2
1.0,3200,11,-1.0,1.0,0,0
1.0,3200,11,-1.0,1.0,0,0
1.0,3200,11,2896.0,0.99641,3,4
1.0,3200,11,2633.0,0.53841,1,2
1.0,3200,11,127.0,1.0,1,2
1.0,3200,11,-1.0,0.99998,0,0
1.0,3200,11,-1.0,1.0,0,0
1.0,3200,11,1062.0,0.92207,3,4
1.0,3200,11,1454.0,0.83349,2,3
1.0,3200,11,-1.0,1.0,0,0
1.0,3200,11,-1.0,0.99968,0,0
1.0,3200,11,1971.0,0.98866,1,2
1.0,3200,11,3201.0,0.85393,1,2
1.0,3200,11,-1.0,0.99997,0,0
1.0,3200,11,-1.0,1.0,0,0
1.0,3200,11,-1.0,1.0,0,0
1.0,3200,11,-1.0,1.0,0,0
1.0,3200,11,1294.0,0.68388,1,2
1.0,3200,11,-1.0,0.99947,0,0
1.0,3200,11,-1.0,0.90034,0,0
1.0,3200,11,-1.0,0.22743,0,0
1.0,3200,11,-1.0,0.0,0,0
1.0,3200,8,1460.0,0.99985,4,5
1.0,3200,8,70.0,0.4482,5,6
1.0,3200,8,2196.0,0.99639,3,4
1.0,3200,8,4063.0,0.99955,3,4
1.0,3200,8,5632.0,0.9972,3,4
1.0,3200,8,2718.0,0.99001,1,2
1.0,3200,8,489.0,0.84446,4,5
1.0,3200,8,3021.0,0.99964,1,2
1.0,3200,8,-1.0,0.99998,0,0
1.0,3200,8,4087.0,0.5938,4,5
1.0,3200,8,3907.0,0.99998,1,2
1.0,3200,8,3101.0,0.99979,2,3
1.0,3200,8,1334.0,0.99982,3,4
1.0,3200,8,1869.0,0.99992,1,2
1.0,3200,8,1195.0,0.99978,1,2
1.0,3200,8,-1.0,0.99997,0,0
1.0,3200,8,4542.0,0.95377,1,2
1.0,3200,8,872.0,0.83044,2,3
1.0,3200,8,5604.0,0.96417,1,2
1.0,3200,8,1371.0,0.99964,2,3
1.0,3200,8,966.0,0.9463,2,3
1.0,3200,8,2668.0,0.97228,1,2
1.0,3200,8,2417.0,0.23219,1,2
1.0,3200,8,-1.0,0.99997,0,0
1.0,3200,8,-1.0,0.99995,0,0
1.0,3200,8,-1.0,0.99587,0,0
1.0,3200,8,-1.0,0.26437,0,0
1.0,3200,8,-1.0,0.99979,0,0
1.0,3200,8,-1.0,0.98548,0,0
1.0,3200,8,-1.0,0.96013,0,0
1.0,3200,8,-1.0,0.95467,0,0
1.0,3200,8,-1.0,0.95466,0,0
1.0,3200,8,-1.0,0.93351,0,0
1.0,3200,8,-1.0,0.41583,0,0
1.0,3200,8,-1.0,0.018,0,0
1.0,3200,8,-1.0,0.0,0,0
1.0,3200,8,-1.0,0.0,0,0
1.0,3200,4,8153.0,0.75642,3,4
1.0,3200,4,8084.0,0.93216,4,5
1.0,3200,4,602.0,1.0,2,3
1.0,3200,4,10854.0,1.0,3,4
1.0,3200,4,1511.0,0.99947,5,6
1.0,3200,4,833.0,0.99997,3,4
1.0,3200,4,11240.0,0.32271,2,3
1.0,3200,4,5320.0,0.98111,2,3
1.0,3200,4,-1.0,1.0,0,0
1.0,3200,4,3124.0,0.59383,3,4
1.0,3200,4,1893.0,1.0,4,5
1.0,3200,4,2739.0,0.99995,1,2
1.0,3200,4,355.0,0.16964,1,2
1.0,3200,4,740.0,0.74998,4,5
1.0,3200,4,2182.0,0.99228,1,2
1.0,3200,4,7590.0,0.99593,1,2
1.0,3200,4,1510.0,0.99993,1,2
1.0,3200,4,-1.0,1.0,0,0
1.0,3200,4,1025.0,1.0,1,2
1.0,3200,4,1036.0,0.98853,3,4
1.0,3200,4,-1.0,1.0,0,0
1.0,3200,4,-1.0,0.78565,0,0
1.0,3200,4,-1.0,1.0,0,0
1.0,3200,4,-1.0,0.99999,0,0
1.0,3200,4,-1.0,0.99999,0,0
1.0,3200,4,-1.0,0.95377,0,0
1.0,3200,4,-1.0,0.99948,0,0
1.0,3200,4,-1.0,0.2638,0,0
1.0,3200,4,-1.0,0.99856,0,0
1.0,3200,4,-1.0,0.99484,0,0
1.0,3200,4,-1.0,0.99023,0,0
1.0,3200,4,-1.0,0.94149,0,0
1.0,3200,4,-1.0,0.91414,0,0
1.0,3200,4,-1.0,0.48594,0,0
1.0,3200,4,-1.0,0.06,0,0
1.0,3200,4,-1.0,0.0,0,0
1.0,3200,4,-1.0,0.0,0,0
1.0,3200,7,4273.0,1.0,2,3
1.0,3200,7,3295.0,0.95932,6,7
1.0,3200,7,4942.0,0.99964,2,3
1.0,3200,7,7629.0,1.0,6,7
1.0,3200,7,15559.0,0.9685,1,2
1.0,3200,7,5138.0,0.99999,6,7
1.0,3200,7,-1.0,1.0,0,0
1.0,3200,7,1755.0,0.26292,5,6
1.0,3200,7,1342.0,0.98531,4,5
1.0,3200,7,721.0,1.0,4,5
1.0,3200,7,3011.0,0.99785,5,6
1.0,3200,7,5268.0,0.99321,4,5
1.0,3200,7,1002.0,0.78302,2,3
1.0,3200,7,12532.0,0.32271,2,3
1.0,3200,7,785.0,0.98067,3,4
1.0,3200,7,946.0,0.85189,5,6
1.0,3200,7,776.0,1.0,1,2
1.0,3200,7,-1.0,1.0,0,0
1.0,3200,7,-1.0,1.0,0,0
1.0,3200,7,2481.0,0.64253,2,3
1.0,3200,7,-1.0,0.99994,0,0
1.0,3200,7,2089.0,0.9932,2,3
1.0,3200,7,3290.0,0.3227,2,3
1.0,3200,7,-1.0,0.99999,0,0
1.0,3200,7,-1.0,0.99959,0,0
1.0,3200,7,-1.0,0.99535,0,0
1.0,3200,7,-1.0,0.98108,0,0
1.0,3200,7,-1.0,0.98998,0,0
1.0,3200,7,-1.0,0.8713,0,0
1.0,3200,7,-1.0,0.68529,0,0
1.0,3200,7,-1.0,0.99728,0,0
1.0,3200,7,-1.0,0.94149,0,0
1.0,3200,7,-1.0,0.1428,0,0
1.0,3200,7,-1.0,0.1428,0,0
1.0,3200,7,-1.0,0.0,0,0
1.0,3200,6,159.0,0.12592,8,9
1.0,3200,6,5807.0,0.99993,4,5
1.0,3200,6,2994.0,0.99993,4,5
1.0,3200,6,3226.0,0.99985,3,4
1.0,3200,6,1696.0,0.87128,4,5
1.0,3200,6,5372.0,0.78565,4,5
1.0,3200,6,1652.0,0.99863,2,3
1.0,3200,6,4480.0,0.99995,1,2
1.0,3200,6,709.0,0.99993,3,4
1.0,3200,6,7281.0,0.99993,2,3
1.0,3200,6,2101.0,0.99228,6,7
1.0,3200,6,1407.0,0.32063,2,3
1.0,3200,6,4904.0,0.99984,3,4
1.0,3200,6,11064.0,0.99593,1,2
1.0,3200,6,5187.0,1.0,1,2
1.0,3200,6,1746.0,0.78542,3,4
1.0,3200,6,1867.0,0.87136,2,3
1.0,3200,6,4363.0,0.99523,2,3
1.0,3200,6,1029.0,0.99989,1,2
1.0,3200,6,-1.0,1.0,0,0
1.0,3200,6,-1.0,1.0,0,0
1.0,3200,6,883.0,0.31045,3,4
1.0,3200,6,-1.0,0.64257,0,0
1.0,3200,6,-1.0,0.99959,0,0
1.0,3200,6,-1.0,0.98711,0,0
1.0,3200,6,-1.0,0.98856,0,0
1.0,3200,6,-1.0,0.78516,0,0
1.0,3200,6,-1.0,0.9981,0,0
1.0,3200,6,-1.0,0.83329,0,0
1.0,3200,6,-1.0,0.9932,0,0
1.0,3200,6,-1.0,0.98148,0,0
1.0,3200,6,-1.0,0.33618,0,0
1.0,3200,6,-1.0,0.1428,0,0
1.0,3200,6,-1.0,0.06,0,0
1.0,3200,6,-1.0,0.0,0,0
1.0,3200,10,2869.0,0.99321,5,6
1.0,3200,10,1681.0,0.99999,3,4
1.0,3200,10,993.0,0.58884,6,7
1.0,3200,10,5293.0,0.99722,2,3
1.0,3200,10,1203.0,1.0,5,6
1.0,3200,10,4776.0,1.0,3,4
1.0,3200,10,2273.0,0.72315,1,2
1.0,3200,10,2107.0,0.99964,3,4
1.0,3200,10,8734.0,0.99985,1,2
1.0,3200,10,1932.0,0.98866,2,3
1.0,3200,10,4948.0,1.0,1,2
1.0,3200,10,7104.0,0.99999,1,2
1.0,3200,10,3876.0,0.98867,1,2
1.0,3200,10,1772.0,0.99227,3,4
1.0,3200,10,7866.0,0.98337,1,2
1.0,3200,10,1394.0,0.99989,1,2
1.0,3200,10,582.0,0.22588,5,6
1.0,3200,10,6116.0,0.87146,3,4
1.0,3200,10,3711.0,0.75642,2,3
1.0,3200,10,6379.0,0.9756,1,2
1.0,3200,10,-1.0,1.0,0,0
1.0,3200,10,2259.0,0.95376,3,4
1.0,3200,10,6563.0,0.85393,1,2
1.0,3200,10,3552.0,0.9403,1,2
1.0,3200,10,2075.0,0.98712,1,2
1.0,3200,10,1096.0,0.99852,1,2
1.0,3200,10,1093.0,0.93159,1,2
1.0,3200,10,-1.0,0.99948,0,0
1.0,3200,10,-1.0,0.25474,0,0
1.0,3200,10,-1.0,0.93351,0,0
1.0,3200,10,-1.0,0.91414,0,0
1.0,3200,10,-1.0,0.0,0,0
1.0,3200,10,-1.0,0.0,0,0
1.0,3200,9,1408.0,0.59244,6,7
1.0,3200,9,5612.0,0.91231,5,6
1.0,3200,9,2477.0,0.99994,5,6
1.0,3200,9,857.0,0.99303,2,3
1.0,3200,9,4044.0,1.0,2,3
1.0,3200,9,4857.0,1.0,1,2
1.0,3200,9,3725.0,0.99983,1,2
1.0,3200,9,2845.0,0.99923,1,2
1.0,3200,9,4133.0,0.9124,3,4
1.0,3200,9,1823.0,0.92274,4,5
1.0,3200,9,5893.0,0.99881,2,3
1.0,3200,9,691.0,0.38359,4,5
1.0,3200,9,805.0,0.99996,3,4
1.0,3200,9,1991.0,0.99984,4,5
1.0,3200,9,672.0,0.99978,3,4
1.0,3200,9,6129.0,0.75637,3,4
1.0,3200,9,1203.0,0.99991,3,4
1.0,3200,9,-1.0,1.0,0,0
1.0,3200,9,-1.0,0.83401,0,0
1.0,3200,9,6265.0,0.99983,1,2
1.0,3200,9,-1.0,0.99985,0,0
1.0,3200,9,5932.0,0.99868,1,2
1.0,3200,9,2450.0,0.32259,2,3
1.0,3200,9,1999.0,0.99641,1,2
1.0,3200,9,-1.0,1.0,0,0
1.0,3200,9,1225.0,0.98326,1,2
1.0,3200,9,-1.0,0.99975,0,0
1.0,3200,9,-1.0,0.99902,0,0
1.0,3200,9,-1.0,0.998,0,0
1.0,3200,9,-1.0,0.80938,0,0
1.0,3200,9,-1.0,0.92432,0,0
1.0,3200,9,-1.0,0.78992,0,0
1.0,3200,9,-1.0,0.6496,0,0
1.0,3200,9,-1.0,0.41584,0,0
1.0,3200,9,-1.0,0.14278,0,0
1.0,3200,15,647.0,0.0,2,3
1.0,3200,15,5809.0,0.0,2,3
1.0,3200,15,-1.0,0.0,0,0
1.0,3200,15,4686.0,0.0,2,3
1.0,3200,15,372.0,0.0,3,4
1.0,3200,15,249.0,0.0,1,2
1.0,3200,15,3424.0,0.0,2,3
1.0,3200,15,834.0,0.0,1,2
1.0,3200,15,1600.0,0.0,2,3
1.0,3200,15,-1.0,0.0,0,0
1.0,3200,15,-1.0,0.0,0,0
1.0,3200,15,-1.0,0.0,0,0
1.0,3200,15,-1.0,0.0,0,0
1.0,3200,15,-1.0,0.0,0,0
1.0,3200,15,-1.0,0.0,0,0
1.0,3200,15,-1.0,0.0,0,0
1.0,3200,15,-1.0,0.0,0,0
1.0,3200,15,-1.0,0.0,0,0
1.0,3200,15,-1.0,0.0,0,0
1.0,3200,15,-1.0,0.0,0,0
1.0,3200,13,4214.0,0.99954,3,4
1.0,3200,13,1325.0,1.0,4,5
1.0,3200,13,2776.0,0.5937,3,4
1.0,3200,13,3129.0,0.99978,3,4
1.0,3200,13,1233.0,1.0,3,4
1.0,3200,13,2378.0,0.99923,2,3
1.0,3200,13,12065.0,0.99907,1,2
1.0,3200,13,1395.0,0.99784,7,8
1.0,3200,13,828.0,0.99583,7,8
1.0,3200,13,1440.0,1.0,4,5
1.0,3200,13,4932.0,0.99985,3,4
1.0,3200,13,2079.0,0.99992,3,4
1.0,3200,13,1304.0,1.0,2,3
1.0,3200,13,11809.0,0.99003,1,2
1.0,3200,13,-1.0,1.0,0,0
1.0,3200,13,3167.0,0.99972,4,5
1.0,3200,13,10270.0,0.40398,1,2
1.0,3200,13,-1.0,1.0,0,0
1.0,3200,13,3153.0,1.0,2,3
1.0,3200,13,1477.0,1.0,1,2
1.0,3200,13,5083.0,0.99976,2,3
1.0,3200,13,3695.0,1.0,2,3
1.0,3200,13,1285.0,0.99399,3,4
1.0,3200,13,580.0,0.99287,2,3
1.0,3200,13,4065.0,0.9685,1,2
1.0,3200,13,-1.0,1.0,0,0
1.0,3200,13,-1.0,1.0,0,0
1.0,3200,13,-1.0,0.99998,0,0
1.0,3200,13,-1.0,0.99537,0,0
1.0,3200,13,-1.0,0.99996,0,0
1.0,3200,13,-1.0,0.4712,0,0
1.0,3200,13,-1.0,0.95469,0,0
1.0,3200,13,-1.0,0.41582,0,0
1.0,3200,13,-1.0,0.24566,0,0
1.0,3200,13,-1.0,0.24566,0,0
1.0,3200,12,732.0,0.99991,5,6
1.0,3200,12,5597.0,0.99132,3,4
1.0,3200,12,1543.0,0.98474,5,6
1.0,3200,12,620.0,0.97758,6,7
1.0,3200,12,5556.0,0.99781,4,5
1.0,3200,12,1740.0,1.0,3,4
1.0,3200,12,7097.0,0.99999,3,4
1.0,3200,12,1332.0,0.99318,5,6
1.0,3200,12,3609.0,0.99912,2,3
1.0,3200,12,6946.0,0.98945,6,7
1.0,3200,12,2121.0,0.22943,8,9
1.0,3200,12,823.0,0.99041,3,4
1.0,3200,12,1538.0,0.59287,7,8
1.0,3200,12,-1.0,0.99681,0,0
1.0,3200,12,1750.0,0.98897,4,5
1.0,3200,12,1711.0,1.0,2,3
1.0,3200,12,1240.0,0.78442,4,5
1.0,3200,12,1022.0,0.98516,3,4
1.0,3200,12,715.0,1.0,1,2
1.0,3200,12,926.0,0.89887,2,3
1.0,3200,12,1620.0,1.0,3,4
1.0,3200,12,1095.0,0.93151,4,5
1.0,3200,12,850.0,0.94638,5,6
1.0,3200,12,3729.0,0.99978,1,2
1.0,3200,12,77.0,0.91833,2,3
1.0,3200,12,1091.0,0.98787,1,2
1.0,3200,12,-1.0,0.99923,0,0
1.0,3200,12,-1.0,1.0,0,0
1.0,3200,12,-1.0,1.0,0,0
1.0,3200,12,876.0,0.8513,1,2
1.0,3200,12,-1.0,0.81513,0,0
1.0,3200,12,-1.0,0.18261,0,0
1.0,3200,12,-1.0,0.41584,0,0
1.0,3200,12,-1.0,0.0,0,0
1.0,3200,12,-1.0,0.0,0,0
1.0,3200,14,926.0,0.99869,4,5
1.0,3200,14,9005.0,0.99959,5,6
1.0,3200,14,2064.0,1.0,4,5
1.0,3200,14,-1.0,1.0,0,0
1.0,3200,14,14874.0,0.264,2,3
1.0,3200,14,3346.0,0.99998,3,4
1.0,3200,14,1648.0,1.0,1,2
1.0,3200,14,9883.0,0.85393,2,3
1.0,3200,14,-1.0,1.0,0,0
1.0,3200,14,2393.0,1.0,3,4
1.0,3200,14,2380.0,0.94029,2,3
1.0,3200,14,9730.0,0.98337,2,3
1.0,3200,14,2463.0,1.0,3,4
1.0,3200,14,734.0,1.0,1,2
1.0,3200,14,138.0,0.08519,5,6
1.0,3200,14,906.0,0.99529,3,4
1.0,3200,14,4779.0,0.98867,3,4
1.0,3200,14,689.0,0.94567,2,3
1.0,3200,14,832.0,0.86875,3,4
1.0,3200,14,6480.0,0.99402,1,2
1.0,3200,14,3577.0,1.0,1,2
1.0,3200,14,770.0,1.0,1,2
1.0,3200,14,863.0,0.46466,4,5
1.0,3200,14,-1.0,1.0,0,0
1.0,3200,14,-1.0,1.0,0,0
1.0,3200,14,2528.0,0.99722,2,3
1.0,3200,14,-1.0,1.0,0,0
1.0,3200,14,1806.0,0.47501,1,2
1.0,3200,14,-1.0,0.9403,0,0
1.0,3200,14,-1.0,0.9871,0,0
1.0,3200,14,-1.0,0.99761,0,0
1.0,3200,14,-1.0,0.99649,0,0
1.0,3200,14,-1.0,0.78992,0,0
1.0,3200,14,-1.0,0.24566,0,0
1.0,3200,14,-1.0,0.1428,0,0
1.0,3200,14,-1.0,0.0,0,0
1.0,3200,14,-1.0,0.0,0,0
1.0,3200,17,2632.0,0.99999,4,5
1.0,3200,17,4563.0,0.9403,7,8
1.0,3200,17,-1.0,0.99993,0,0
1.0,3200,17,6871.0,0.99722,3,4
1.0,3200,17,3917.0,1.0,2,3
1.0,3200,17,2643.0,0.99996,2,3
1.0,3200,17,6541.0,0.99869,2,3
1.0,3200,17,3174.0,0.99985,1,2
1.0,3200,17,-1.0,0.99998,0,0
1.0,3200,17,1249.0,0.99982,3,4
1.0,3200,17,4826.0,0.9992,2,3
1.0,3200,17,6965.0,0.99898,2,3
1.0,3200,17,3690.0,0.99992,1,2
1.0,3200,17,831.0,1.0,3,4
1.0,3200,17,3307.0,1.0,2,3
1.0,3200,17,3550.0,0.99998,1,2
1.0,3200,17,-1.0,1.0,0,0
1.0,3200,17,-1.0,1.0,0,0
1.0,3200,17,-1.0,0.99998,0,0
1.0,3200,17,7206.0,0.93216,1,2
1.0,3200,17,2758.0,1.0,2,3
1.0,3200,17,-1.0,0.99998,0,0
1.0,3200,17,1884.0,0.72298,1,2
1.0,3200,17,3848.0,0.9403,2,3
1.0,3200,17,-1.0,0.99474,0,0
1.0,3200,17,4992.0,0.88687,1,2
1.0,3200,17,-1.0,0.99993,0,0
1.0,3200,17,-1.0,1.0,0,0
1.0,3200,17,-1.0,0.99649,0,0
1.0,3200,17,-1.0,0.99334,0,0
1.0,3200,17,-1.0,0.8373,0,0
1.0,3200,17,-1.0,0.72871,0,0
1.0,3200,17,-1.0,0.6019,0,0
1.0,3200,16,1493.0,1.0,4,5
1.0,3200,16,4446.0,1.0,2,3
1.0,3200,16,3642.0,0.99983,3,4
1.0,3200,16,3178.0,0.98111,7,8
1.0,3200,16,621.0,0.22544,7,8
1.0,3200,16,9549.0,0.99785,2,3
1.0,3200,16,6323.0,1.0,2,3
1.0,3200,16,878.0,0.39324,5,6
1.0,3200,16,854.0,0.98072,4,5
1.0,3200,16,4922.0,1.0,2,3
1.0,3200,16,3340.0,1.0,2,3
1.0,3200,16,1424.0,1.0,1,2
1.0,3200,16,2838.0,1.0,1,2
1.0,3200,16,1890.0,0.99932,2,3
1.0,3200,16,4423.0,0.47551,3,4
1.0,3200,16,3441.0,0.87146,2,3
1.0,3200,16,-1.0,1.0,0,0
1.0,3200,16,3353.0,1.0,1,2
1.0,3200,16,6741.0,0.99991,2,3
1.0,3200,16,-1.0,1.0,0,0
1.0,3200,16,1751.0,1.0,3,4
1.0,3200,16,1619.0,0.98535,4,5
1.0,3200,16,2376.0,0.99998,2,3
1.0,3200,16,1233.0,0.59152,3,4
1.0,3200,16,-1.0,1.0,0,0
1.0,3200,16,-1.0,0.99947,0,0
1.0,3200,16,-1.0,0.99998,0,0
1.0,3200,16,-1.0,0.9972,0,0
1.0,3200,16,-1.0,0.99589,0,0
1.0,3200,16,-1.0,0.99924,0,0
1.0,3200,16,-1.0,0.75613,0,0
1.0,3200,16,-1.0,0.99023,0,0
1.0,3200,16,-1.0,0.97896,0,0
1.0,3200,16,-1.0,0.97283,0,0
1.0,3200,16,-1.0,0.95469,0,0
1.0,3200,16,-1.0,0.33618,0,0
1.0,3200,16,-1.0,0.0,0,0
1.0,3200,18,2551.0,1.0,4,5
1.0,3200,18,7833.0,0.40398,5,6
1.0,3200,18,3200.0,0.26399,2,3
1.0,3200,18,2305.0,0.99981,4,5
1.0,3200,18,26.0,0.99451,7,8
1.0,3200,18,5189.0,1.0,1,2
1.0,3200,18,2928.0,0.29997,3,4
1.0,3200,18,979.0,0.99311,3,4
1.0,3200,18,1011.0,0.22287,2,3
1.0,3200,18,3007.0,0.99811,5,6
1.0,3200,18,2937.0,1.0,2,3
1.0,3200,18,1731.0,1.0,1,2
1.0,3200,18,99.0,0.06968,2,3
1.0,3200,18,1210.0,0.98704,5,6
1.0,3200,18,1723.0,0.53788,6,7
1.0,3200,18,1498.0,1.0,2,3
1.0,3200,18,-1.0,0.53844,0,0
1.0,3200,18,718.0,0.97789,1,2
1.0,3200,18,-1.0,1.0,0,0
1.0,3200,18,698.0,1.0,1,2
1.0,3200,18,-1.0,1.0,0,0
1.0,3200,18,-1.0,0.99641,0,0
1.0,3200,18,1181.0,0.40012,3,4
1.0,3200,18,943.0,0.83169,1,2
1.0,3200,18,131.0,0.05102,2,3
1.0,3200,18,-1.0,1.0,0,0
1.0,3200,18,-1.0,1.0,0,0
1.0,3200,18,-1.0,0.98336,0,0
1.0,3200,18,-1.0,0.98148,0,0
1.0,3200,18,-1.0,0.95469,0,0
1.0,3200,18,-1.0,0.83731,0,0
1.0,3200,18,-1.0,0.78992,0,0
1.0,3200,18,-1.0,0.60191,0,0
1.0,3200,18,-1.0,0.33618,0,0
1.0,3200,18,-1.0,0.33618,0,0
1.0,3200,18,-1.0,0.0377,0,0
1.0,3200,18,-1.0,0.1428,0,0
1.0,3200,18,-1.0,0.1428,0,0
1.0,3200,18,-1.0,0.0,0,0
1.0,3200,18,-1.0,0.0,0,0
1.0,3200,18,-1.0,0.0,0,0
1.0,3200,18,-1.0,0.0,0,0
1.0,3200,18,-1.0,0.0,0,0
1.0,3200,18,-1.0,0.0,0,0
1.0,3200,19,6062.0,0.83388,5,6
1.0,3200,19,5803.0,0.97217,2,3
1.0,3200,19,2567.0,0.47546,7,8
1.0,3200,19,1965.0,0.99998,2,3
1.0,3200,19,3607.0,0.99998,3,4
1.0,3200,19,1995.0,0.64239,2,3
1.0,3200,19,5412.0,0.99967,3,4
1.0,3200,19,10336.0,0.99955,2,3
1.0,3200,19,1331.0,0.99991,2,3
1.0,3200,19,4885.0,0.97853,1,2
1.0,3200,19,4776.0,0.99997,2,3
1.0,3200,19,1208.0,0.97524,1,2
1.0,3200,19,1151.0,0.99968,1,2
1.0,3200,19,4793.0,0.78565,2,3
1.0,3200,19,914.0,0.99974,3,4
1.0,3200,19,1341.0,0.64118,2,3
1.0,3200,19,1590.0,1.0,1,2
1.0,3200,19,2561.0,0.99895,2,3
1.0,3200,19,1882.0,0.99988,2,3
1.0,3200,19,5448.0,0.99999,1,2
1.0,3200,19,-1.0,1.0,0,0
1.0,3200,19,6656.0,0.88666,1,2
1.0,3200,19,-1.0,1.0,0,0
1.0,3200,19,5878.0,0.59383,3,4
1.0,3200,19,2592.0,0.75634,3,4
1.0,3200,19,1940.0,0.99981,1,2
1.0,3200,19,-1.0,1.0,0,0
1.0,3200,19,-1.0,0.99995,0,0
1.0,3200,19,-1.0,0.99981,0,0
1.0,3200,19,-1.0,0.98855,0,0
1.0,3200,19,-1.0,0.99641,0,0
1.0,3200,19,-1.0,0.99484,0,0
1.0,3200,19,-1.0,0.85662,0,0
1.0,3200,19,-1.0,0.24566,0,0
1.0,6400,3,-1.0,0.0,0,0
1.0,6400,3,1327.0,0.0,3,4
1.0,6400,3,-1.0,1.0,0,0
1.0,6400,3,-1.0,0.0,0,0
1.0,6400,3,11054.0,0.0,3,4
1.0,6400,3,336.0,0.0,5,6
1.0,6400,3,9644.0,0.0,2,3
1.0,6400,3,-1.0,0.0,0,0
1.0,6400,3,-1.0,0.0,0,0
1.0,6400,3,9011.0,0.0,1,2
1.0,6400,3,-1.0,0.0,0,0
1.0,6400,3,-1.0,0.0,0,0
1.0,6400,3,-1.0,0.0,0,0
1.0,6400,3,-1.0,0.0,0,0
1.0,6400,3,-1.0,0.0,0,0
1.0,6400,3,-1.0,0.0,0,0
1.0,6400,3,-1.0,0.0,0,0
1.0,6400,3,-1.0,0.0,0,0
1.0,6400,3,-1.0,0.0,0,0
1.0,6400,5,-1.0,0.0,0,0
1.0,6400,5,7668.0,0.0,1,2
1.0,6400,5,-1.0,0.0,0,0
1.0,6400,5,2801.0,0.0,2,3
1.0,6400,5,3506.0,0.0,2,3
1.0,6400,5,5929.0,0.0,2,3
1.0,6400,5,3538.0,0.0,1,2
1.0,6400,5,-1.0,0.0,0,0
1.0,6400,5,-1.0,0.94969,0,0
1.0,6400,5,-1.0,0.0,0,0
1.0,6400,5,-1.0,0.0,0,0
1.0,6400,5,2275.0,0.65905,1,2
1.0,6400,5,-1.0,0.0,0,0
1.0,6400,5,-1.0,0.0,0,0
1.0,6400,5,-1.0,0.0,0,0
1.0,6400,5,-1.0,0.0,0,0
1.0,6400,5,-1.0,0.94913,0,0
1.0,6400,5,-1.0,0.0,0,0
1.0,6400,5,-1.0,0.0,0,0
1.0,6400,5,-1.0,0.52504,0,0
1.0,6400,5,-1.0,0.0,0,0
1.0,3200,21,15554.0,0.81137,3,4
1.0,3200,21,2983.0,1.0,6,7
1.0,3200,21,11155.0,0.99123,2,3
1.0,3200,21,4814.0,0.88688,2,3
1.0,3200,21,2796.0,0.99998,3,4
1.0,3200,21,2645.0,0.99991,3,4
1.0,3200,21,4667.0,0.99684,3,4
1.0,3200,21,909.0,0.92169,6,7
1.0,3200,21,2388.0,0.99968,4,5
1.0,3200,21,6732.0,0.88688,1,2
1.0,3200,21,-1.0,1.0,0,0
1.0,3200,21,2738.0,0.99999,3,4
1.0,3200,21,2579.0,0.99321,3,4
1.0,3200,21,2003.0,1.0,2,3
1.0,3200,21,-1.0,1.0,0,0
1.0,3200,21,-1.0,1.0,0,0
1.0,3200,21,3031.0,1.0,1,2
1.0,3200,21,1413.0,0.72237,2,3
1.0,3200,21,789.0,1.0,2,3
1.0,3200,21,2663.0,1.0,1,2
1.0,3200,21,-1.0,1.0,0,0
1.0,3200,21,-1.0,1.0,0,0
1.0,3200,21,1012.0,0.2518,2,3
1.0,3200,21,-1.0,1.0,0,0
1.0,3200,21,-1.0,0.9994,0,0
1.0,3200,21,-1.0,0.26441,0,0
1.0,3200,21,-1.0,0.99546,0,0
1.0,3200,21,-1.0,0.8697,0,0
1.0,3200,21,-1.0,0.96491,0,0
1.0,3200,21,-1.0,0.94149,0,0
1.0,3200,21,-1.0,0.94149,0,0
1.0,3200,21,-1.0,0.72871,0,0
1.0,3200,21,-1.0,0.64968,0,0
1.0,3200,21,-1.0,0.0,0,0
1.0,3200,21,-1.0,0.0,0,0
1.0,6400,0,74.0,1.0,3,4
1.0,6400,0,1844.0,0.64227,3,4
1.0,6400,0,9410.0,0.99976,2,3
1.0,6400,0,18374.0,0.99003,1,2
1.0,6400,0,1204.0,1.0,2,3
1.0,6400,0,4547.0,0.95912,3,4
1.0,6400,0,5728.0,1.0,1,2
1.0,6400,0,314.0,1.0,2,3
1.0,6400,0,-1.0,1.0,0,0
1.0,6400,0,4687.0,0.99522,3,4
1.0,6400,0,-1.0,0.99974,0,0
1.0,6400,0,3692.0,1.0,2,3
1.0,6400,0,3118.0,0.99999,2,3
1.0,6400,0,-1.0,1.0,0,0
1.0,6400,0,2691.0,0.90045,1,2
1.0,6400,0,-1.0,0.96829,0,0
1.0,6400,0,-1.0,1.0,0,0
1.0,6400,0,-1.0,1.0,0,0
1.0,6400,0,1692.0,0.99975,1,2
1.0,6400,0,1391.0,0.88649,1,2
1.0,6400,0,1085.0,1.0,2,3
1.0,6400,0,3352.0,0.99964,1,2
1.0,6400,0,-1.0,1.0,0,0
1.0,6400,0,-1.0,1.0,0,0
1.0,6400,0,2424.0,0.23221,1,2
1.0,6400,0,4614.0,0.8867,1,2
1.0,6400,0,-1.0,0.99974,0,0
1.0,6400,0,-1.0,1.0,0,0
1.0,6400,0,-1.0,0.98337,0,0
1.0,6400,0,-1.0,1.0,0,0
1.0,6400,0,-1.0,0.99995,0,0
1.0,6400,0,-1.0,0.23227,0,0
1.0,6400,0,-1.0,0.48594,0,0
1.0,6400,0,-1.0,0.0,0,0
1.0,6400,0,-1.0,0.0,0,0
1.0,3200,23,14375.0,0.99936,1,2
1.0,3200,23,2958.0,0.99003,1,2
1.0,3200,23,2595.0,0.99991,3,4
1.0,3200,23,1631.0,0.99994,6,7
1.0,3200,23,6654.0,0.99995,2,3
1.0,3200,23,1409.0,0.96403,5,6
1.0,3200,23,1406.0,0.8534,2,3
1.0,3200,23,2002.0,0.99993,3,4
1.0,3200,23,9731.0,0.99805,1,2
1.0,3200,23,3313.0,0.99634,4,5
1.0,3200,23,2771.0,0.7232,3,4
1.0,3200,23,11650.0,0.83398,1,2
1.0,3200,23,-1.0,0.99985,0,0
1.0,3200,23,3572.0,0.99994,2,3
1.0,3200,23,4137.0,0.98106,1,2
1.0,3200,23,-1.0,0.99994,0,0
1.0,3200,23,6043.0,0.9999,1,2
1.0,3200,23,1618.0,0.9641,5,6
1.0,3200,23,4666.0,1.0,1,2
1.0,3200,23,4974.0,0.99991,2,3
1.0,3200,23,-1.0,0.99996,0,0
1.0,3200,23,3848.0,0.96415,1,2
1.0,3200,23,-1.0,1.0,0,0
1.0,3200,23,-1.0,0.72316,0,0
1.0,3200,23,1306.0,0.96398,3,4
1.0,3200,23,-1.0,0.99996,0,0
1.0,3200,23,-1.0,0.99988,0,0
1.0,3200,23,-1.0,0.88684,0,0
1.0,3200,23,-1.0,0.9999,0,0
1.0,3200,23,-1.0,0.99866,0,0
1.0,3200,23,-1.0,0.98566,0,0
1.0,3200,23,-1.0,0.78988,0,0
1.0,3200,23,-1.0,0.78988,0,0
1.0,3200,23,-1.0,0.60191,0,0
1.0,6400,2,8905.0,1.0,1,2
1.0,6400,2,17443.0,0.95932,1,2
1.0,6400,2,11255.0,1.0,2,3
1.0,6400,2,8651.0,1.0,3,4
1.0,6400,2,-1.0,0.99995,0,0
1.0,6400,2,-1.0,1.0,0,0
1.0,6400,2,3506.0,0.98337,3,4
1.0,6400,2,3119.0,1.0,2,3
1.0,6400,2,16158.0,0.32271,1,2
1.0,6400,2,2887.0,1.0,3,4
1.0,6400,2,2148.0,0.64245,4,5
1.0,6400,2,-1.0,1.0,0,0
1.0,6400,2,-1.0,1.0,0,0
1.0,6400,2,-1.0,1.0,0,0
1.0,6400,2,6313.0,1.0,1,2
1.0,6400,2,1426.0,0.99998,2,3
1.0,6400,2,-1.0,1.0,0,0
1.0,6400,2,-1.0,1.0,0,0
1.0,6400,2,-1.0,0.68546,0,0
1.0,6400,2,4298.0,0.99999,1,2
1.0,6400,2,180.0,1.0,2,3
1.0,6400,2,-1.0,1.0,0,0
1.0,6400,2,4549.0,0.99402,2,3
1.0,6400,2,-1.0,1.0,0,0
1.0,6400,2,3418.0,0.99722,2,3
1.0,6400,2,-1.0,1.0,0,0
1.0,6400,2,2500.0,1.0,1,2
1.0,6400,2,1421.0,0.99996,1,2
1.0,6400,2,-1.0,1.0,0,0
1.0,6400,2,-1.0,1.0,0,0
1.0,6400,2,-1.0,1.0,0,0
1.0,6400,2,-1.0,0.99885,0,0
1.0,6400,2,-1.0,0.99601,0,0
1.0,6400,2,-1.0,0.06,0,0
1.0,3200,20,719.0,0.99997,3,4
1.0,3200,20,1099.0,0.98523,9,10
1.0,3200,20,670.0,0.29958,9,10
1.0,3200,20,1853.0,0.99997,4,5
1.0,3200,20,1687.0,0.53778,5,6
1.0,3200,20,1242.0,0.99781,6,7
1.0,3200,20,2138.0,0.99682,7,8
1.0,3200,20,1574.0,1.0,3,4
1.0,3200,20,4696.0,0.99849,3,4
1.0,3200,20,6038.0,0.99684,4,5
1.0,3200,20,4023.0,0.9999,4,5
1.0,3200,20,509.0,0.84561,3,4
1.0,3200,20,2879.0,0.99537,1,2
1.0,3200,20,-1.0,0.99976,0,0
1.0,3200,20,753.0,0.99997,1,2
1.0,3200,20,1421.0,0.99782,4,5
1.0,3200,20,5455.0,0.9999,2,3
1.0,3200,20,-1.0,0.98337,0,0
1.0,3200,20,361.0,0.9999,2,3
1.0,3200,20,-1.0,0.99997,0,0
1.0,3200,20,1064.0,0.99998,1,2
1.0,3200,20,-1.0,0.99998,0,0
1.0,3200,20,595.0,0.99967,2,3
1.0,3200,20,3425.0,0.9124,1,2
1.0,3200,20,-1.0,0.9871,0,0
1.0,3200,20,-1.0,0.99996,0,0
1.0,3200,20,-1.0,0.99996,0,0
1.0,3200,20,-1.0,0.99944,0,0
1.0,3200,20,-1.0,0.99986,0,0
1.0,3200,20,-1.0,0.91236,0,0
1.0,3200,20,-1.0,0.99969,0,0
1.0,3200,20,-1.0,0.99969,0,0
1.0,3200,20,-1.0,0.88913,0,0
1.0,3200,20,-1.0,0.88913,0,0
1.0,3200,20,-1.0,0.87401,0,0
1.0,3200,20,-1.0,0.41584,0,0
1.0,3200,22,1416.0,1.0,1,2
1.0,3200,22,7519.0,0.99593,3,4
1.0,3200,22,5921.0,0.99987,6,7
1.0,3200,22,2519.0,0.94746,6,7
1.0,3200,22,1249.0,0.98329,3,4
1.0,3200,22,2317.0,0.88686,5,6
1.0,3200,22,740.0,0.99099,4,5
1.0,3200,22,1098.0,0.99989,7,8
1.0,3200,22,8467.0,0.97228,3,4
1.0,3200,22,11.0,1.0,4,5
1.0,3200,22,3524.0,1.0,2,3
1.0,3200,22,-1.0,1.0,0,0
1.0,3200,22,2313.0,0.93215,4,5
1.0,3200,22,3650.0,1.0,2,3
1.0,3200,22,7065.0,1.0,1,2
1.0,3200,22,2463.0,1.0,2,3
1.0,3200,22,733.0,0.99523,4,5
1.0,3200,22,6054.0,0.99474,2,3
1.0,3200,22,1991.0,0.99537,2,3
1.0,3200,22,5587.0,0.68546,1,2
1.0,3200,22,1230.0,0.99999,2,3
1.0,3200,22,6756.0,0.90046,1,2
1.0,3200,22,-1.0,1.0,0,0
1.0,3200,22,-1.0,1.0,0,0
1.0,3200,22,728.0,1.0,1,2
1.0,3200,22,723.0,0.52457,2,3
1.0,3200,22,1217.0,0.99886,1,2
1.0,3200,22,-1.0,0.98712,0,0
1.0,3200,22,-1.0,0.99989,0,0
1.0,3200,22,-1.0,0.9996,0,0
1.0,3200,22,-1.0,0.99933,0,0
1.0,3200,22,-1.0,0.99902,0,0
1.0,3200,22,-1.0,0.54763,0,0
1.0,3200,24,3458.0,1.0,2,3
1.0,3200,24,7058.0,0.81137,2,3
1.0,3200,24,1421.0,0.99996,3,4
1.0,3200,24,2979.0,0.5938,4,5
1.0,3200,24,5159.0,0.9972,4,5
1.0,3200,24,1592.0,0.88661,5,6
1.0,3200,24,4044.0,0.99995,2,3
1.0,3200,24,942.0,0.99907,4,5
1.0,3200,24,3230.0,0.99808,4,5
1.0,3200,24,696.0,0.67462,4,5
1.0,3200,24,-1.0,0.99995,0,0
1.0,3200,24,-1.0,0.99995,0,0
1.0,3200,24,4414.0,0.99995,2,3
1.0,3200,24,15.0,1.0,3,4
1.0,3200,24,1006.0,0.99996,1,2
1.0,3200,24,-1.0,0.99993,0,0
1.0,3200,24,2423.0,0.97555,1,2
1.0,3200,24,1100.0,0.99995,1,2
1.0,3200,24,-1.0,1.0,0,0
1.0,3200,24,-1.0,0.99999,0,0
1.0,3200,24,1042.0,0.99999,1,2
1.0,3200,24,719.0,0.89743,2,3
1.0,3200,24,-1.0,1.0,0,0
1.0,3200,24,1983.0,0.99981,1,2
1.0,3200,24,-1.0,0.99993,0,0
1.0,3200,24,-1.0,0.81134,0,0
1.0,3200,24,-1.0,1.0,0,0
1.0,3200,24,-1.0,0.99981,0,0
1.0,3200,24,-1.0,0.99961,0,0
1.0,3200,24,-1.0,0.87035,0,0
1.0,3200,24,-1.0,0.98733,0,0
1.0,3200,24,-1.0,0.96487,0,0
1.0,3200,24,-1.0,0.94847,0,0
1.0,3200,24,-1.0,0.48592,0,0
1.0,6400,1,4623.0,0.83401,2,3
1.0,6400,1,3131.0,0.9999,4,5
1.0,6400,1,2572.0,1.0,1,2
1.0,6400,1,3510.0,1.0,2,3
1.0,6400,1,1948.0,0.99978,5,6
1.0,6400,1,5495.0,1.0,3,4
1.0,6400,1,12647.0,0.99954,2,3
1.0,6400,1,6953.0,1.0,1,2
1.0,6400,1,-1.0,1.0,0,0
1.0,6400,1,106.0,1.0,2,3
1.0,6400,1,-1.0,1.0,0,0
1.0,6400,1,5551.0,1.0,1,2
1.0,6400,1,-1.0,1.0,0,0
1.0,6400,1,-1.0,1.0,0,0
1.0,6400,1,-1.0,1.0,0,0
1.0,6400,1,5262.0,0.64257,2,3
1.0,6400,1,-1.0,1.0,0,0
1.0,6400,1,8345.0,0.98337,1,2
1.0,6400,1,2100.0,0.99003,1,2
1.0,6400,1,-1.0,0.99684,0,0
1.0,6400,1,3943.0,0.99947,1,2
1.0,6400,1,-1.0,0.99993,0,0
1.0,6400,1,-1.0,1.0,0,0
1.0,6400,1,5203.0,0.75642,2,3
1.0,6400,1,-1.0,1.0,0,0
1.0,6400,1,-1.0,1.0,0,0
1.0,6400,1,-1.0,1.0,0,0
1.0,6400,1,-1.0,1.0,0,0
1.0,6400,1,-1.0,1.0,0,0
1.0,6400,1,-1.0,0.99321,0,0
1.0,6400,1,4076.0,0.86479,1,2
1.0,6400,1,-1.0,1.0,0,0
1.0,6400,1,-1.0,0.99995,0,0
1.0,6400,1,-1.0,0.48594,0,0
1.0,6400,4,8051.0,0.99003,2,3
1.0,6400,4,5086.0,0.99972,3,4
1.0,6400,4,8806.0,0.69343,5,6
1.0,6400,4,1089.0,0.87038,4,5
1.0,6400,4,-1.0,1.0,0,0
1.0,6400,4,1198.0,0.62825,1,2
1.0,6400,4,-1.0,0.98867,0,0
1.0,6400,4,-1.0,0.64241,0,0
1.0,6400,4,-1.0,1.0,0,0
1.0,6400,4,6520.0,0.999,1,2
1.0,6400,4,4773.0,0.99756,1,2
1.0,6400,4,-1.0,1.0,0,0
1.0,6400,4,-1.0,0.98863,0,0
1.0,6400,4,-1.0,1.0,0,0
1.0,6400,4,6448.0,0.95932,1,2
1.0,6400,4,-1.0,1.0,0,0
1.0,6400,4,564.0,1.0,1,2
1.0,6400,4,-1.0,1.0,0,0
1.0,6400,4,-1.0,1.0,0,0
1.0,6400,4,1276.0,0.53613,2,3
1.0,6400,4,-1.0,0.54924,0,0
1.0,6400,4,-1.0,1.0,0,0
1.0,6400,4,-1.0,1.0,0,0
1.0,6400,4,-1.0,0.40398,0,0
1.0,6400,4,-1.0,0.99886,0,0
1.0,6400,4,-1.0,0.99985,0,0
1.0,6400,4,-1.0,0.9996,0,0
1.0,6400,4,-1.0,0.26357,0,0
1.0,6400,4,-1.0,0.99856,0,0
1.0,6400,4,-1.0,0.99484,0,0
1.0,6400,4,-1.0,0.9889,0,0
1.0,6400,4,-1.0,0.81513,0,0
1.0,6400,4,-1.0,0.33618,0,0
1.0,6400,4,-1.0,0.24566,0,0
1.0,6400,4,-1.0,0.0,0,0
1.0,6400,6,3193.0,1.0,2,3
1.0,6400,6,2582.0,1.0,3,4
1.0,6400,6,954.0,0.99993,5,6
1.0,6400,6,3197.0,0.99999,2,3
1.0,6400,6,-1.0,0.99995,0,0
1.0,6400,6,-1.0,1.0,0,0
1.0,6400,6,2184.0,0.94029,2,3
1.0,6400,6,713.0,1.0,1,2
1.0,6400,6,-1.0,1.0,0,0
1.0,6400,6,3425.0,1.0,1,2
1.0,6400,6,4150.0,0.68546,2,3
1.0,6400,6,-1.0,1.0,0,0
1.0,6400,6,1997.0,0.99993,1,2
1.0,6400,6,-1.0,0.72321,0,0
1.0,6400,6,-1.0,1.0,0,0
1.0,6400,6,804.0,1.0,2,3
1.0,6400,6,-1.0,1.0,0,0
1.0,6400,6,-1.0,0.99994,0,0
1.0,6400,6,875.0,1.0,1,2
1.0,6400,6,-1.0,1.0,0,0
1.0,6400,6,-1.0,0.99993,0,0
1.0,6400,6,-1.0,0.99993,0,0
1.0,6400,6,-1.0,1.0,0,0
1.0,6400,6,-1.0,1.0,0,0
1.0,6400,6,-1.0,0.99989,0,0
1.0,6400,6,-1.0,1.0,0,0
1.0,6400,6,-1.0,0.99999,0,0
1.0,6400,6,-1.0,1.0,0,0
1.0,6400,6,1075.0,0.68241,1,2
1.0,6400,6,-1.0,1.0,0,0
1.0,6400,6,-1.0,1.0,0,0
1.0,6400,6,-1.0,0.99992,0,0
1.0,6400,6,-1.0,0.9856,0,0
1.0,6400,8,-1.0,1.0,0,0
1.0,6400,8,1884.0,0.99997,3,4
1.0,6400,8,4746.0,0.99998,3,4
1.0,6400,8,414.0,0.99996,1,2
1.0,6400,8,5207.0,0.99997,5,6
1.0,6400,8,148.0,0.99997,1,2
1.0,6400,8,-1.0,0.98864,0,0
1.0,6400,8,3014.0,0.99997,1,2
1.0,6400,8,-1.0,0.99998,0,0
1.0,6400,8,-1.0,0.99119,0,0
1.0,6400,8,-1.0,0.99997,0,0
1.0,6400,8,-1.0,0.99985,0,0
1.0,6400,8,-1.0,0.99998,0,0
1.0,6400,8,1772.0,0.99987,1,2
1.0,6400,8,-1.0,0.99997,0,0
1.0,6400,8,-1.0,0.99997,0,0
1.0,6400,8,-1.0,0.90043,0,0
1.0,6400,8,-1.0,0.99985,0,0
1.0,6400,8,1679.0,0.99638,1,2
1.0,6400,8,-1.0,0.99997,0,0
1.0,6400,8,1421.0,0.47391,1,2
1.0,6400,8,-1.0,0.99896,0,0
1.0,6400,8,-1.0,0.99997,0,0
1.0,6400,8,-1.0,0.99997,0,0
1.0,6400,8,-1.0,0.99989,0,0
1.0,6400,8,-1.0,0.99949,0,0
1.0,6400,8,-1.0,0.99994,0,0
1.0,6400,8,-1.0,0.99988,0,0
1.0,6400,8,-1.0,0.9998,0,0
1.0,6400,8,-1.0,0.99986,0,0
1.0,6400,8,-1.0,0.99981,0,0
1.0,6400,8,-1.0,0.9993,0,0
1.0,6400,8,-1.0,0.99852,0,0
1.0,6400,8,-1.0,0.99544,0,0
1.0,6400,8,-1.0,0.85682,0,0
1.0,6400,8,-1.0,0.33615,0,0
1.0,6400,7,-1.0,1.0,0,0
1.0,6400,7,1506.0,1.0,4,5
1.0,6400,7,2808.0,1.0,4,5
1.0,6400,7,5602.0,1.0,2,3
1.0,6400,7,-1.0,1.0,0,0
1.0,6400,7,7778.0,1.0,1,2
1.0,6400,7,-1.0,1.0,0,0
1.0,6400,7,5991.0,0.81137,1,2
1.0,6400,7,5267.0,1.0,1,2
1.0,6400,7,3115.0,1.0,1,2
1.0,6400,7,-1.0,1.0,0,0
1.0,6400,7,180.0,1.0,1,2
1.0,6400,7,-1.0,1.0,0,0
1.0,6400,7,1306.0,0.98707,1,2
1.0,6400,7,-1.0,1.0,0,0
1.0,6400,7,-1.0,1.0,0,0
1.0,6400,7,3496.0,1.0,1,2
1.0,6400,7,1077.0,1.0,1,2
1.0,6400,7,1853.0,0.95928,2,3
1.0,6400,7,-1.0,1.0,0,0
1.0,6400,7,-1.0,1.0,0,0
1.0,6400,7,-1.0,1.0,0,0
1.0,6400,7,-1.0,1.0,0,0
1.0,6400,7,-1.0,1.0,0,0
1.0,6400,7,2690.0,0.96849,1,2
1.0,6400,7,-1.0,0.26444,0,0
1.0,6400,7,-1.0,1.0,0,0
1.0,6400,7,-1.0,1.0,0,0
1.0,6400,7,-1.0,0.26444,0,0
1.0,6400,7,-1.0,1.0,0,0
1.0,6400,7,-1.0,0.99999,0,0
1.0,6400,7,-1.0,1.0,0,0
1.0,6400,7,-1.0,0.99999,0,0
1.0,6400,7,-1.0,0.06,0,0
1.0,6400,7,-1.0,0.0,0,0
1.0,6400,11,-1.0,0.0,0,0
1.0,6400,11,3910.0,0.0,1,2
1.0,6400,11,4755.0,0.0,1,2
1.0,6400,11,-1.0,0.0,0,0
1.0,6400,11,1990.0,1.0,1,2
1.0,6400,11,-1.0,0.0,0,0
1.0,6400,11,7931.0,0.0,1,2
1.0,6400,11,3181.0,1.0,1,2
1.0,6400,11,-1.0,1.0,0,0
1.0,6400,11,-1.0,0.0,0,0
1.0,6400,11,-1.0,0.99947,0,0
1.0,6400,11,1873.0,0.92285,1,2
1.0,6400,11,-1.0,1.0,0,0
1.0,6400,11,-1.0,0.99973,0,0
1.0,6400,11,-1.0,0.99933,0,0
1.0,6400,11,-1.0,0.0,0,0
1.0,6400,11,-1.0,0.0,0,0
1.0,6400,11,-1.0,0.0,0,0
1.0,6400,11,-1.0,0.0,0,0
1.0,6400,11,-1.0,0.88913,0,0
1.0,6400,11,-1.0,0.0,0,0
1.0,6400,9,7089.0,1.0,2,3
1.0,6400,9,755.0,0.99704,4,5
1.0,6400,9,-1.0,0.98337,0,0
1.0,6400,9,2023.0,0.83377,7,8
1.0,6400,9,-1.0,0.99987,0,0
1.0,6400,9,-1.0,0.99983,0,0
1.0,6400,9,2166.0,0.99962,1,2
1.0,6400,9,4360.0,0.99982,1,2
1.0,6400,9,993.0,1.0,3,4
1.0,6400,9,-1.0,0.99984,0,0
1.0,6400,9,-1.0,1.0,0,0
1.0,6400,9,-1.0,1.0,0,0
1.0,6400,9,1520.0,0.53737,1,2
1.0,6400,9,-1.0,0.83377,0,0
1.0,6400,9,-1.0,1.0,0,0
1.0,6400,9,-1.0,0.99994,0,0
1.0,6400,9,-1.0,1.0,0,0
1.0,6400,9,1135.0,0.93166,1,2
1.0,6400,9,-1.0,0.99984,0,0
1.0,6400,9,-1.0,0.99989,0,0
1.0,6400,9,-1.0,0.99981,0,0
1.0,6400,9,-1.0,1.0,0,0
1.0,6400,9,-1.0,0.99984,0,0
1.0,6400,9,-1.0,0.99987,0,0
1.0,6400,9,-1.0,0.99983,0,0
1.0,6400,9,-1.0,0.99999,0,0
1.0,6400,9,-1.0,0.99999,0,0
1.0,6400,9,-1.0,0.99981,0,0
1.0,6400,9,-1.0,0.99994,0,0
1.0,6400,9,-1.0,0.99946,0,0
1.0,6400,9,-1.0,0.99952,0,0
1.0,6400,9,-1.0,0.99947,0,0
1.0,6400,9,-1.0,0.99761,0,0
1.0,6400,9,-1.0,0.40244,0,0
1.0,6400,9,-1.0,0.97609,0,0
1.0,6400,9,-1.0,0.33618,0,0
1.0,6400,9,-1.0,0.24566,0,0
1.0,6400,15,15493.0,0.0,1,2
1.0,6400,15,-1.0,0.0,0,0
1.0,6400,15,-1.0,0.0,0,0
1.0,6400,15,-1.0,0.0,0,0
1.0,6400,15,4914.0,0.0,2,3
1.0,6400,15,5443.0,0.0,2,3
1.0,6400,15,3734.0,0.0,1,2
1.0,6400,15,5138.0,0.0,1,2
1.0,6400,15,1768.0,0.0,1,2
1.0,6400,15,1170.0,0.0,2,3
1.0,6400,15,-1.0,0.0,0,0
1.0,6400,15,2422.0,0.0,1,2
1.0,6400,15,-1.0,0.0,0,0
1.0,6400,15,-1.0,0.0,0,0
1.0,6400,15,-1.0,0.0,0,0
1.0,6400,15,2221.0,0.0,1,2
1.0,6400,15,-1.0,0.0,0,0
1.0,6400,15,-1.0,0.0,0,0
1.0,6400,15,-1.0,0.0,0,0
1.0,6400,15,-1.0,0.0,0,0
1.0,6400,15,-1.0,0.0,0,0
1.0,6400,15,-1.0,0.0,0,0
1.0,6400,10,10650.0,0.9403,2,3
1.0,6400,10,8129.0,0.97228,2,3
1.0,6400,10,240.0,1.0,6,7
1.0,6400,10,-1.0,0.99997,0,0
1.0,6400,10,9735.0,0.92291,2,3
1.0,6400,10,5375.0,0.72321,1,2
1.0,6400,10,-1.0,1.0,0,0
1.0,6400,10,2472.0,0.9999,5,6
1.0,6400,10,-1.0,1.0,0,0
1.0,6400,10,-1.0,1.0,0,0
1.0,6400,10,-1.0,0.94747,0,0
1.0,6400,10,3851.0,1.0,1,2
1.0,6400,10,-1.0,1.0,0,0
1.0,6400,10,996.0,0.46906,2,3
1.0,6400,10,2001.0,1.0,1,2
1.0,6400,10,2552.0,0.99976,2,3
1.0,6400,10,4223.0,1.0,1,2
1.0,6400,10,1667.0,1.0,1,2
1.0,6400,10,-1.0,1.0,0,0
1.0,6400,10,1179.0,0.98327,2,3
1.0,6400,10,-1.0,0.98713,0,0
1.0,6400,10,-1.0,1.0,0,0
1.0,6400,10,-1.0,1.0,0,0
1.0,6400,10,-1.0,0.98337,0,0
1.0,6400,10,1481.0,0.97847,1,2
1.0,6400,10,-1.0,1.0,0,0
1.0,6400,10,-1.0,1.0,0,0
1.0,6400,10,-1.0,1.0,0,0
1.0,6400,10,-1.0,1.0,0,0
1.0,6400,10,-1.0,1.0,0,0
1.0,6400,10,-1.0,1.0,0,0
1.0,6400,10,-1.0,1.0,0,0
1.0,6400,10,-1.0,0.92445,0,0
1.0,6400,10,-1.0,0.91414,0,0
1.0,6400,10,-1.0,0.88913,0,0
1.0,6400,18,1251.0,0.99978,3,4
1.0,6400,18,-1.0,1.0,0,0
1.0,6400,18,2445.0,0.68542,4,5
1.0,6400,18,-1.0,1.0,0,0
1.0,6400,18,6643.0,0.99989,2,3
1.0,6400,18,-1.0,1.0,0,0
1.0,6400,18,-1.0,1.0,0,0
1.0,6400,18,-1.0,1.0,0,0
1.0,6400,18,893.0,1.0,1,2
1.0,6400,18,-1.0,0.264,0,0
1.0,6400,18,-1.0,1.0,0,0
1.0,6400,18,-1.0,0.32271,0,0
1.0,6400,18,-1.0,0.99999,0,0
1.0,6400,18,961.0,0.98851,1,2
1.0,6400,18,-1.0,0.99986,0,0
1.0,6400,18,-1.0,0.99981,0,0
1.0,6400,18,-1.0,0.99632,0,0
1.0,6400,18,-1.0,0.99924,0,0
1.0,6400,18,-1.0,0.99484,0,0
1.0,6400,18,-1.0,0.53356,0,0
1.0,6400,18,-1.0,0.54763,0,0
1.0,6400,18,-1.0,0.41584,0,0
1.0,6400,18,-1.0,0.06,0,0
1.0,6400,18,-1.0,0.0,0,0
1.0,6400,16,10428.0,0.99987,3,4
1.0,6400,16,2101.0,0.99932,3,4
1.0,6400,16,-1.0,1.0,0,0
1.0,6400,16,4337.0,1.0,1,2
1.0,6400,16,8811.0,1.0,1,2
1.0,6400,16,2468.0,0.7564,3,4
1.0,6400,16,3425.0,1.0,1,2
1.0,6400,16,2579.0,0.99994,2,3
1.0,6400,16,7336.0,0.9642,2,3
1.0,6400,16,-1.0,0.78565,0,0
1.0,6400,16,-1.0,1.0,0,0
1.0,6400,16,-1.0,1.0,0,0
1.0,6400,16,-1.0,0.99999,0,0
1.0,6400,16,6229.0,0.99228,1,2
1.0,6400,16,1802.0,0.99996,2,3
1.0,6400,16,-1.0,1.0,0,0
1.0,6400,16,3840.0,0.99912,2,3
1.0,6400,16,-1.0,0.99968,0,0
1.0,6400,16,-1.0,0.99997,0,0
1.0,6400,16,-1.0,1.0,0,0
1.0,6400,16,-1.0,0.99833,0,0
1.0,6400,16,-1.0,0.99999,0,0
1.0,6400,16,-1.0,1.0,0,0
1.0,6400,16,-1.0,1.0,0,0
1.0,6400,16,-1.0,1.0,0,0
1.0,6400,16,-1.0,0.99999,0,0
1.0,6400,16,-1.0,0.99999,0,0
1.0,6400,16,-1.0,0.88688,0,0
1.0,6400,16,-1.0,0.99999,0,0
1.0,6400,16,-1.0,0.87144,0,0
1.0,6400,16,-1.0,0.99992,0,0
1.0,6400,16,-1.0,0.99989,0,0
1.0,6400,16,-1.0,0.99981,0,0
1.0,6400,16,-1.0,0.9996,0,0
1.0,6400,16,-1.0,0.9889,0,0
1.0,6400,21,3399.0,0.90046,3,4
1.0,6400,21,703.0,0.84954,4,5
1.0,6400,21,3918.0,0.99684,2,3
1.0,6400,21,-1.0,1.0,0,0
1.0,6400,21,5734.0,0.99968,1,2
1.0,6400,21,633.0,0.99988,1,2
1.0,6400,21,731.0,0.96325,1,2
1.0,6400,21,1970.0,0.96848,1,2
1.0,6400,21,-1.0,1.0,0,0
1.0,6400,21,-1.0,1.0,0,0
1.0,6400,21,-1.0,0.99998,0,0
1.0,6400,21,-1.0,0.99992,0,0
1.0,6400,21,-1.0,0.99984,0,0
1.0,6400,21,-1.0,0.99821,0,0
1.0,6400,21,-1.0,0.99789,0,0
1.0,6400,21,-1.0,0.99601,0,0
1.0,6400,21,-1.0,0.97092,0,0
1.0,6400,21,-1.0,0.97896,0,0
1.0,6400,21,-1.0,0.96491,0,0
1.0,6400,21,-1.0,0.96013,0,0
1.0,6400,21,-1.0,0.95469,0,0
1.0,6400,21,-1.0,0.85683,0,0
1.0,6400,21,-1.0,0.73213,0,0
1.0,6400,21,-1.0,0.69172,0,0
1.0,6400,14,797.0,1.0,2,3
1.0,6400,14,1777.0,0.72291,3,4
1.0,6400,14,4458.0,1.0,1,2
1.0,6400,14,4934.0,1.0,1,2
1.0,6400,14,1812.0,1.0,1,2
1.0,6400,14,6160.0,1.0,2,3
1.0,6400,14,-1.0,1.0,0,0
1.0,6400,14,6306.0,0.99993,2,3
1.0,6400,14,2953.0,1.0,1,2
1.0,6400,14,-1.0,1.0,0,0
1.0,6400,14,5370.0,0.59383,2,3
1.0,6400,14,-1.0,1.0,0,0
1.0,6400,14,4298.0,1.0,1,2
1.0,6400,14,1994.0,1.0,1,2
1.0,6400,14,-1.0,1.0,0,0
1.0,6400,14,-1.0,1.0,0,0
1.0,6400,14,-1.0,1.0,0,0
1.0,6400,14,2132.0,0.99999,1,2
1.0,6400,14,-1.0,1.0,0,0
1.0,6400,14,-1.0,1.0,0,0
1.0,6400,14,-1.0,1.0,0,0
1.0,6400,14,-1.0,0.53844,0,0
1.0,6400,14,1286.0,0.91196,1,2
1.0,6400,14,2865.0,0.88688,1,2
1.0,6400,14,-1.0,0.99999,0,0
1.0,6400,14,-1.0,0.99321,0,0
1.0,6400,14,-1.0,0.99995,0,0
1.0,6400,14,-1.0,1.0,0,0
1.0,6400,14,-1.0,1.0,0,0
1.0,6400,14,-1.0,1.0,0,0
1.0,6400,14,-1.0,0.99999,0,0
1.0,6400,14,-1.0,0.99999,0,0
1.0,6400,14,-1.0,0.99856,0,0
1.0,6400,14,-1.0,0.87401,0,0
1.0,6400,14,-1.0,0.41584,0,0
1.0,6400,14,-1.0,0.33618,0,0
1.0,6400,19,-1.0,1.0,0,0
1.0,6400,19,962.0,0.99988,1,2
1.0,6400,19,6399.0,0.98996,2,3
1.0,6400,19,1072.0,0.97537,3,4
1.0,6400,19,10598.0,0.83401,1,2
1.0,6400,19,-1.0,0.88688,0,0
1.0,6400,19,658.0,0.77822,3,4
1.0,6400,19,-1.0,0.99985,0,0
1.0,6400,19,218.0,0.12553,3,4
1.0,6400,19,4276.0,0.99915,1,2
1.0,6400,19,-1.0,0.99932,0,0
1.0,6400,19,-1.0,0.99969,0,0
1.0,6400,19,-1.0,0.99308,0,0
1.0,6400,19,271.0,1.0,2,3
1.0,6400,19,1954.0,0.78553,2,3
1.0,6400,19,-1.0,1.0,0,0
1.0,6400,19,-1.0,0.99985,0,0
1.0,6400,19,-1.0,0.99999,0,0
1.0,6400,19,-1.0,1.0,0,0
1.0,6400,19,-1.0,0.75642,0,0
1.0,6400,19,-1.0,0.98076,0,0
1.0,6400,19,-1.0,0.99998,0,0
1.0,6400,19,1449.0,0.75564,2,3
1.0,6400,19,-1.0,1.0,0,0
1.0,6400,19,4421.0,0.264,1,2
1.0,6400,19,-1.0,0.99972,0,0
1.0,6400,19,-1.0,1.0,0,0
1.0,6400,19,-1.0,0.99992,0,0
1.0,6400,19,-1.0,0.99999,0,0
1.0,6400,19,-1.0,0.96849,0,0
1.0,6400,19,-1.0,0.99996,0,0
1.0,6400,19,-1.0,0.85683,0,0
1.0,6400,19,-1.0,0.78992,0,0
1.0,6400,19,-1.0,0.0,0,0
1.0,6400,19,-1.0,0.0,0,0
1.0,6400,20,10452.0,0.99995,3,4
1.0,6400,20,-1.0,1.0,0,0
1.0,6400,20,3239.0,0.98867,5,6
1.0,6400,20,-1.0,1.0,0,0
1.0,6400,20,8964.0,0.99782,1,2
1.0,6400,20,6491.0,1.0,1,2
1.0,6400,20,4565.0,0.9124,1,2
1.0,6400,20,10879.0,0.72319,2,3
1.0,6400,20,-1.0,0.99996,0,0
1.0,6400,20,580.0,0.99994,2,3
1.0,6400,20,3302.0,1.0,1,2
1.0,6400,20,3978.0,0.99721,1,2
1.0,6400,20,2133.0,1.0,2,3
1.0,6400,20,-1.0,0.99997,0,0
1.0,6400,20,-1.0,1.0,0,0
1.0,6400,20,-1.0,1.0,0,0
1.0,6400,20,-1.0,1.0,0,0
1.0,6400,20,-1.0,0.99868,0,0
1.0,6400,20,2703.0,0.98337,1,2
1.0,6400,20,-1.0,0.9972,0,0
1.0,6400,20,-1.0,0.99993,0,0
1.0,6400,20,-1.0,1.0,0,0
1.0,6400,20,-1.0,1.0,0,0
1.0,6400,20,-1.0,1.0,0,0
1.0,6400,20,-1.0,0.92291,0,0
1.0,6400,20,-1.0,1.0,0,0
1.0,6400,20,-1.0,0.99996,0,0
1.0,6400,20,-1.0,0.40398,0,0
1.0,6400,20,-1.0,0.99996,0,0
1.0,6400,20,-1.0,0.99978,0,0
1.0,6400,20,-1.0,0.99961,0,0
1.0,6400,20,-1.0,0.99812,0,0
1.0,6400,20,-1.0,0.97609,0,0
1.0,6400,20,-1.0,0.90244,0,0
1.0,6400,20,-1.0,0.87401,0,0
1.0,6400,20,-1.0,0.1428,0,0
1.0,6400,17,3551.0,0.99999,3,4
1.0,6400,17,12959.0,0.95932,3,4
1.0,6400,17,5766.0,0.99995,4,5
1.0,6400,17,3966.0,0.99963,4,5
1.0,6400,17,982.0,0.99467,3,4
1.0,6400,17,9855.0,0.9912,2,3
1.0,6400,17,2454.0,0.85391,2,3
1.0,6400,17,-1.0,0.99999,0,0
1.0,6400,17,2409.0,1.0,1,2
1.0,6400,17,1539.0,1.0,1,2
1.0,6400,17,-1.0,0.99999,0,0
1.0,6400,17,-1.0,0.99998,0,0
1.0,6400,17,-1.0,0.99998,0,0
1.0,6400,17,4265.0,0.99999,1,2
1.0,6400,17,-1.0,1.0,0,0
1.0,6400,17,6268.0,0.99912,1,2
1.0,6400,17,4115.0,1.0,1,2
1.0,6400,17,-1.0,1.0,0,0
1.0,6400,17,4788.0,0.87146,2,3
1.0,6400,17,-1.0,0.99997,0,0
1.0,6400,17,493.0,1.0,1,2
1.0,6400,17,-1.0,0.99998,0,0
1.0,6400,17,2320.0,0.99963,1,2
1.0,6400,17,-1.0,1.0,0,0
1.0,6400,17,-1.0,1.0,0,0
1.0,6400,17,-1.0,0.3227,0,0
1.0,6400,17,-1.0,0.95932,0,0
1.0,6400,17,-1.0,1.0,0,0
1.0,6400,17,-1.0,1.0,0,0
1.0,6400,17,-1.0,1.0,0,0
1.0,6400,17,2390.0,0.99957,2,3
1.0,6400,17,1007.0,0.97528,2,3
1.0,6400,17,-1.0,0.99921,0,0
1.0,6400,17,-1.0,0.9403,0,0
1.0,6400,17,-1.0,0.1428,0,0
1.0,6400,12,2734.0,0.9994,5,6
1.0,6400,12,7918.0,0.98705,2,3
1.0,6400,12,1039.0,0.25612,2,3
1.0,6400,12,7384.0,0.94743,2,3
1.0,6400,12,4544.0,0.81137,3,4
1.0,6400,12,5234.0,1.0,2,3
1.0,6400,12,3924.0,1.0,3,4
1.0,6400,12,831.0,0.99634,4,5
1.0,6400,12,1479.0,0.90019,5,6
1.0,6400,12,-1.0,0.99998,0,0
1.0,6400,12,8857.0,1.0,1,2
1.0,6400,12,1302.0,0.99254,1,2
1.0,6400,12,2984.0,1.0,1,2
1.0,6400,12,-1.0,0.99991,0,0
1.0,6400,12,-1.0,1.0,0,0
1.0,6400,12,3856.0,1.0,2,3
1.0,6400,12,-1.0,0.99756,0,0
1.0,6400,12,7792.0,0.72321,1,2
1.0,6400,12,-1.0,0.98768,0,0
1.0,6400,12,1557.0,0.99999,2,3
1.0,6400,12,6064.0,0.99981,2,3
1.0,6400,12,-1.0,0.9878,0,0
1.0,6400,12,5922.0,0.99785,1,2
1.0,6400,12,2063.0,1.0,1,2
1.0,6400,12,-1.0,1.0,0,0
1.0,6400,12,-1.0,0.82494,0,0
1.0,6400,12,-1.0,0.98713,0,0
1.0,6400,12,-1.0,1.0,0,0
1.0,6400,12,-1.0,0.23232,0,0
1.0,6400,12,-1.0,1.0,0,0
1.0,6400,12,-1.0,0.99691,0,0
1.0,6400,12,-1.0,0.98878,0,0
1.0,6400,12,-1.0,0.25911,0,0
1.0,6400,12,-1.0,0.92439,0,0
1.0,6400,12,-1.0,0.0,0,0
1.0,6400,12,-1.0,0.0,0,0
1.0,6400,12,-1.0,0.0,0,0
1.0,6400,13,7113.0,0.99785,3,4
1.0,6400,13,12124.0,0.98713,3,4
1.0,6400,13,250.0,1.0,3,4
1.0,6400,13,3851.0,0.99518,2,3
1.0,6400,13,6923.0,0.99964,4,5
1.0,6400,13,898.0,1.0,2,3
1.0,6400,13,-1.0,1.0,0,0
1.0,6400,13,7606.0,1.0,1,2
1.0,6400,13,2227.0,0.9229,5,6
1.0,6400,13,8403.0,0.88688,1,2
1.0,6400,13,-1.0,1.0,0,0
1.0,6400,13,-1.0,1.0,0,0
1.0,6400,13,-1.0,1.0,0,0
1.0,6400,13,-1.0,1.0,0,0
1.0,6400,13,-1.0,1.0,0,0
1.0,6400,13,1.0,1.0,1,2
1.0,6400,13,-1.0,1.0,0,0
1.0,6400,13,1342.0,1.0,2,3
1.0,6400,13,1010.0,0.99395,2,3
1.0,6400,13,8388.0,0.97228,1,2
1.0,6400,13,-1.0,0.99997,0,0
1.0,6400,13,-1.0,1.0,0,0
1.0,6400,13,2214.0,1.0,1,2
1.0,6400,13,-1.0,1.0,0,0
1.0,6400,13,4417.0,1.0,1,2
1.0,6400,13,5134.0,1.0,1,2
1.0,6400,13,1638.0,0.72277,1,2
1.0,6400,13,-1.0,1.0,0,0
1.0,6400,13,-1.0,0.99996,0,0
1.0,6400,13,5218.0,0.99996,1,2
1.0,6400,13,-1.0,1.0,0,0
1.0,6400,13,-1.0,0.9756,0,0
1.0,6400,13,-1.0,1.0,0,0
1.0,6400,13,-1.0,1.0,0,0
1.0,6400,22,-1.0,1.0,0,0
1.0,6400,22,2702.0,1.0,1,2
1.0,6400,22,1938.0,1.0,3,4
1.0,6400,22,-1.0,1.0,0,0
1.0,6400,22,1847.0,1.0,5,6
1.0,6400,22,7267.0,1.0,1,2
1.0,6400,22,-1.0,1.0,0,0
1.0,6400,22,-1.0,1.0,0,0
1.0,6400,22,-1.0,1.0,0,0
1.0,6400,22,7738.0,0.93216,1,2
1.0,6400,22,-1.0,1.0,0,0
1.0,6400,22,-1.0,0.99684,0,0
1.0,6400,22,1342.0,0.96404,3,4
1.0,6400,22,-1.0,1.0,0,0
1.0,6400,22,-1.0,1.0,0,0
1.0,6400,22,-1.0,1.0,0,0
1.0,6400,22,2407.0,0.99994,2,3
1.0,6400,22,3505.0,0.75642,2,3
1.0,6400,22,-1.0,1.0,0,0
1.0,6400,22,5319.0,0.94747,1,2
1.0,6400,22,-1.0,1.0,0,0
1.0,6400,22,-1.0,1.0,0,0
1.0,6400,22,-1.0,1.0,0,0
1.0,6400,22,3848.0,0.99976,1,2
1.0,6400,22,-1.0,1.0,0,0
1.0,6400,22,1183.0,1.0,1,2
1.0,6400,22,-1.0,1.0,0,0
1.0,6400,22,-1.0,1.0,0,0
1.0,6400,22,-1.0,1.0,0,0
1.0,6400,22,-1.0,0.99998,0,0
1.0,6400,22,-1.0,1.0,0,0
1.0,6400,22,1279.0,0.95911,1,2
1.0,6400,22,-1.0,0.99537,0,0
1.0,6400,22,-1.0,0.99414,0,0
1.0,6400,23,6772.0,0.9983,2,3
1.0,6400,23,-1.0,1.0,0,0
1.0,6400,23,1382.0,0.85343,3,4
1.0,6400,23,8609.0,0.99987,1,2
1.0,6400,23,3589.0,1.0,1,2
1.0,6400,23,6098.0,0.9978,4,5
1.0,6400,23,-1.0,0.99806,0,0
1.0,6400,23,-1.0,0.99996,0,0
1.0,6400,23,3507.0,0.99987,1,2
1.0,6400,23,-1.0,0.99993,0,0
1.0,6400,23,760.0,0.99997,1,2
1.0,6400,23,-1.0,1.0,0,0
1.0,6400,23,1884.0,0.9995,1,2
1.0,6400,23,-1.0,0.99995,0,0
1.0,6400,23,-1.0,0.99996,0,0
1.0,6400,23,-1.0,0.99995,0,0
1.0,6400,23,4453.0,0.83397,1,2
1.0,6400,23,-1.0,0.98867,0,0
1.0,6400,23,-1.0,1.0,0,0
1.0,6400,23,-1.0,0.99992,0,0
1.0,6400,23,-1.0,0.99998,0,0
1.0,6400,23,3190.0,0.59381,1,2
1.0,6400,23,-1.0,0.99996,0,0
1.0,6400,23,-1.0,0.99995,0,0
1.0,6400,23,-1.0,0.94743,0,0
1.0,6400,23,-1.0,0.99994,0,0
1.0,6400,23,-1.0,0.99998,0,0
1.0,6400,23,-1.0,0.99992,0,0
1.0,6400,23,-1.0,0.99977,0,0
1.0,6400,23,-1.0,0.59361,0,0
1.0,6400,23,-1.0,0.8997,0,0
1.0,6400,23,-1.0,0.99755,0,0
1.0,6400,23,-1.0,0.99761,0,0
1.0,6400,23,-1.0,0.40315,0,0
1.0,6400,23,-1.0,0.14279,0,0
1.0,6400,24,2925.0,0.59382,3,4
1.0,6400,24,-1.0,1.0,0,0
1.0,6400,24,966.0,0.99714,5,6
1.0,6400,24,526.0,0.99995,1,2
1.0,6400,24,3729.0,0.4755,4,5
1.0,6400,24,-1.0,0.81134,0,0
1.0,6400,24,-1.0,0.99996,0,0
1.0,6400,24,2179.0,0.99998,1,2
1.0,6400,24,-1.0,1.0,0,0
1.0,6400,24,-1.0,0.75642,0,0
1.0,6400,24,-1.0,1.0,0,0
1.0,6400,24,-1.0,0.99896,0,0
1.0,6400,24,-1.0,1.0,0,0
1.0,6400,24,-1.0,1.0,0,0
1.0,6400,24,417.0,0.9499,2,3
1.0,6400,24,-1.0,0.83401,0,0
1.0,6400,24,-1.0,0.99995,0,0
1.0,6400,24,2133.0,0.64246,1,2
1.0,6400,24,55.0,0.99998,1,2
1.0,6400,24,-1.0,0.99999,0,0
1.0,6400,24,-1.0,0.99995,0,0
1.0,6400,24,-1.0,0.99993,0,0
1.0,6400,24,-1.0,0.99998,0,0
1.0,6400,24,-1.0,0.99998,0,0
1.0,6400,24,-1.0,0.59382,0,0
1.0,6400,24,-1.0,0.99994,0,0
1.0,6400,24,-1.0,0.93206,0,0
1.0,6400,24,-1.0,0.99948,0,0
1.0,6400,24,-1.0,0.99941,0,0
1.0,6400,24,-1.0,0.80648,0,0
1.0,6400,24,-1.0,0.9141,0,0
1.0,6400,24,-1.0,0.76123,0,0
1.0,6400,24,-1.0,0.48594,0,0
1.0,6400,24,-1.0,0.41584,0,0
1.0,6400,24,-1.0,0.33618,0,0
