imposed_cv,imposed_T,seed,max_ticks,steady_S,final_S,S_crossed,S_cross_tick,measured_cv,final_pop,total_div,n_rv,rv_median,pct_premature,S_q1,S_q2,S_q3,S_q4,S_q5
0.0,200,0,20000,nan,0.0677,0,-1,0.0,0,306,306,0.5936,100.0,0.0456,,,,
0.0,200,1,20000,nan,0.0384,0,-1,0.0,0,130,130,0.5986,100.0,0.0331,,,,
0.0,200,2,20000,nan,0.0382,0,-1,0.0,0,104,104,0.6087,100.0,0.0327,,,,
0.0,200,3,20000,nan,0.0297,0,-1,0.0,0,194,194,0.5802,100.0,0.0286,,,,
0.0,200,4,20000,nan,0.0677,0,-1,0.0,0,254,254,0.5917,100.0,0.042,,,,
0.0,200,5,20000,nan,0.0,0,-1,0.0,0,128,128,0.5557,100.0,0.0,,,,
0.0,200,6,20000,nan,0.0677,0,-1,0.0,0,204,204,0.5882,100.0,0.0408,,,,
0.0,200,7,20000,nan,0.0677,0,-1,0.0,0,306,306,0.5887,100.0,0.0456,,,,
0.0,200,8,20000,nan,0.0384,0,-1,0.0,0,131,131,0.5771,100.0,0.0332,,,,
0.0,200,9,20000,nan,0.0678,0,-1,0.0,0,128,128,0.5718,100.0,0.0316,,,,
0.0,200,10,20000,nan,0.0384,0,-1,0.0,0,130,130,0.5766,100.0,0.0332,,,,
0.0,200,11,20000,nan,0.0384,0,-1,0.0,0,132,132,0.5613,100.0,0.0334,,,,
0.0,200,12,20000,nan,0.0381,0,-1,0.0,0,104,104,0.5829,100.0,0.0329,,,,
0.0,200,13,20000,nan,0.0677,0,-1,0.0,0,203,203,0.581,100.0,0.0408,,,,
0.0,200,14,20000,nan,0.0678,0,-1,0.0,0,131,131,0.5763,100.0,0.0334,,,,
0.0,200,15,20000,nan,0.0,0,-1,1.0,0,56,56,0.568,100.0,0.0,,,,
0.0,200,16,20000,nan,0.0384,0,-1,0.0,0,129,129,0.5618,100.0,0.0333,,,,
0.0,200,17,20000,nan,0.0384,0,-1,0.0,0,130,130,0.5929,100.0,0.0332,,,,
0.0,200,18,20000,nan,0.0384,0,-1,0.0,0,131,131,0.5633,100.0,0.0332,,,,
0.0,200,19,20000,nan,0.0677,0,-1,0.0,0,307,307,0.5905,100.0,0.0455,,,,
0.0,200,20,20000,nan,0.0384,0,-1,0.0,0,200,200,0.5709,100.0,0.0362,,,,
0.0,200,21,20000,nan,0.0384,0,-1,0.0,0,134,134,0.5776,100.0,0.0333,,,,
0.0,200,22,20000,nan,0.0678,0,-1,0.0,0,131,131,0.5784,100.0,0.0335,,,,
0.0,200,23,20000,nan,0.0384,0,-1,0.0,0,188,188,0.576,100.0,0.0412,,,,
0.0,200,24,20000,nan,0.038,0,-1,0.0,0,205,205,0.5872,100.0,0.038,,,,
0.0,400,0,20000,0.2655,0.0955,1,1000,0.0,66,1099,1099,0.4953,100.0,0.225,0.2676,0.2715,0.2676,0.2676
0.0,400,1,20000,0.2621,0.0936,1,1000,0.0,52,1012,1012,0.4995,100.0,0.226,0.2657,0.268,0.264,0.2642
0.0,400,2,20000,nan,0.194,1,1000,0.0,0,163,163,0.504,100.0,0.2051,,,,
0.0,400,3,20000,nan,0.1938,1,1000,0.0,0,114,114,0.4292,100.0,0.1813,,,,
0.0,400,4,20000,0.2654,0.0982,1,1000,0.0,48,1008,1008,0.4928,100.0,0.2159,0.2675,0.2698,0.2668,0.2675
0.0,400,5,20000,nan,0.0,0,-1,1.0,0,45,45,0.4266,100.0,0.0,,,,
0.0,400,6,20000,0.2655,0.0955,1,1000,0.0,66,1099,1099,0.5002,100.0,0.2251,0.2676,0.2715,0.2676,0.2676
0.0,400,7,20000,0.2655,0.0955,1,1000,0.0,66,1099,1099,0.5024,100.0,0.2251,0.2676,0.2715,0.2676,0.2676
0.0,400,8,20000,nan,0.1939,1,1000,0.0,0,111,111,0.4476,100.0,0.1754,,,,
0.0,400,9,20000,0.2695,0.0985,1,1000,0.0,36,918,918,0.523,100.0,0.2215,0.272,0.2716,0.2716,0.2716
0.0,400,10,20000,nan,0.1939,1,1000,0.0,0,111,111,0.437,100.0,0.1754,,,,
0.0,400,11,20000,nan,0.1938,1,1000,0.0,0,114,114,0.4322,100.0,0.1812,,,,
0.0,400,12,20000,0.2641,0.0983,1,1000,0.0,22,1080,1080,0.4974,100.0,0.2263,0.2702,0.2653,0.2658,0.2662
0.0,400,13,20000,nan,0.1938,1,1000,0.0,0,179,179,0.4718,100.0,0.2068,,,,
0.0,400,14,20000,0.2688,0.0981,1,1000,0.0,36,918,918,0.5213,100.0,0.2231,0.2713,0.271,0.271,0.2709
0.0,400,15,20000,nan,0.0,0,-1,1.0,0,45,45,0.4315,100.0,0.0,,,,
0.0,400,16,20000,nan,0.1939,1,1000,0.0,0,111,111,0.4487,100.0,0.1754,,,,
0.0,400,17,20000,nan,0.1939,1,1000,0.0,0,111,111,0.449,100.0,0.1754,,,,
0.0,400,18,20000,nan,0.1939,1,1000,0.0,0,111,111,0.4425,100.0,0.1754,,,,
0.0,400,19,20000,nan,0.1938,1,1000,0.0,0,179,179,0.4799,100.0,0.2073,,,,
0.0,400,20,20000,nan,0.1939,1,1000,0.0,0,111,111,0.4452,100.0,0.1754,,,,
0.0,400,21,20000,nan,0.1938,1,1000,0.0,0,114,114,0.4384,100.0,0.1813,,,,
0.0,400,22,20000,0.2695,0.0985,1,1000,0.0,36,918,918,0.5208,100.0,0.2233,0.272,0.2716,0.2716,0.2716
0.0,400,23,20000,0.2677,0.0985,1,1000,0.0,24,1004,1004,0.4958,100.0,0.2225,0.2698,0.2668,0.2676,0.2698
0.0,400,24,20000,0.2694,0.0985,1,1000,0.0,36,918,918,0.5194,100.0,0.2215,0.2722,0.2717,0.2716,0.2715
0.0,800,0,20000,0.538,0.135,1,1350,0.0,64,642,642,0.3684,99.8,0.3826,0.5431,0.5477,0.5411,0.5431
0.0,800,1,20000,0.5346,0.1364,1,600,0.0,34,645,645,0.3616,99.8,0.3969,0.5345,0.5399,0.5323,0.5396
0.0,800,2,20000,0.5389,0.1365,1,600,0.0,48,588,588,0.3857,100.0,0.4057,0.5439,0.5439,0.5439,0.5439
0.0,800,3,20000,0.5362,0.1365,1,1850,0.0,64,603,603,0.3764,98.8,0.3263,0.541,0.5431,0.5477,0.5412
0.0,800,4,20000,0.5468,0.1364,1,1350,0.0,56,661,661,0.4023,100.0,0.3623,0.5454,0.5519,0.5519,0.5519
0.0,800,5,20000,nan,0.0,0,-1,1.0,0,30,30,0.2389,100.0,0.0,,,,
0.0,800,6,20000,0.538,0.1349,1,1350,0.0,64,642,642,0.3707,100.0,0.3827,0.5431,0.5477,0.5411,0.5431
0.0,800,7,20000,0.5381,0.135,1,1350,0.0,64,642,642,0.3691,100.0,0.3827,0.5431,0.5477,0.5412,0.5431
0.0,800,8,20000,0.5344,0.135,1,1800,0.0,80,702,702,0.3919,100.0,0.3509,0.5456,0.5394,0.5464,0.5394
0.0,800,9,20000,0.5388,0.1365,1,1350,0.0,48,573,573,0.3867,100.0,0.3637,0.5439,0.5439,0.5437,0.5438
0.0,800,10,20000,0.5427,0.1365,1,1800,0.0,32,616,616,0.3697,100.0,0.346,0.5477,0.5411,0.5431,0.5477
0.0,800,11,20000,0.5352,0.1365,1,1850,0.0,62,601,601,0.3734,98.5,0.3263,0.541,0.5431,0.5477,0.5402
0.0,800,12,20000,0.5398,0.1363,1,600,0.0,38,680,680,0.3745,100.0,0.3943,0.5374,0.5447,0.5378,0.5449
0.0,800,13,20000,0.5379,0.1349,1,1350,0.0,64,642,642,0.3678,100.0,0.3821,0.5431,0.5477,0.5412,0.5429
0.0,800,14,20000,0.5344,0.135,1,1500,0.0,80,702,702,0.3902,100.0,0.3578,0.5463,0.5394,0.5464,0.5394
0.0,800,15,20000,nan,0.0,0,-1,1.0,0,30,30,0.2445,96.7,0.0,,,,
0.0,800,16,20000,0.5381,0.135,1,1800,0.0,64,617,617,0.3681,100.0,0.3235,0.5408,0.5477,0.5412,0.5431
0.0,800,17,20000,0.5427,0.1365,1,1800,0.0,32,616,616,0.3694,100.0,0.346,0.5477,0.5411,0.5431,0.5477
0.0,800,18,20000,0.5427,0.1365,1,1800,0.0,32,616,616,0.3706,99.8,0.346,0.5477,0.5412,0.5431,0.5477
0.0,800,19,20000,0.538,0.1349,1,1350,0.0,64,642,642,0.3726,100.0,0.3826,0.5431,0.5477,0.5411,0.5431
0.0,800,20,20000,0.5427,0.1365,1,1800,0.0,32,616,616,0.3694,100.0,0.346,0.5477,0.5412,0.5431,0.5477
0.0,800,21,20000,0.5362,0.1365,1,1850,0.0,64,603,603,0.3731,98.7,0.3264,0.541,0.5431,0.5477,0.5412
0.0,800,22,20000,0.5389,0.1365,1,1350,0.0,48,573,573,0.3832,100.0,0.3667,0.5439,0.544,0.544,0.544
0.0,800,23,20000,0.5361,0.1365,1,1350,0.0,64,645,645,0.3763,100.0,0.3755,0.5411,0.5431,0.5477,0.5411
0.0,800,24,20000,0.5389,0.1365,1,1350,0.0,48,573,573,0.3852,100.0,0.3618,0.5438,0.5439,0.5438,0.5439
0.0,1600,0,20000,0.7211,0.9122,1,1000,0.0,32,338,338,0.2442,85.2,0.3,0.7937,0.7187,0.8005,0.7187
0.0,1600,1,20000,0.7203,0.9115,1,600,0.0,32,335,335,0.2471,86.0,0.4154,0.7856,0.7183,0.8,0.7179
0.0,1600,2,20000,0.7185,0.9122,1,600,0.0,24,267,267,0.1941,84.6,0.4521,0.7979,0.7161,0.7988,0.7161
0.0,1600,3,20000,0.7211,0.9122,1,5050,0.0,32,297,297,0.2416,75.4,0.0744,0.6299,0.7128,0.8006,0.7187
0.0,1600,4,20000,0.7185,0.9122,1,1000,0.0,24,271,271,0.1933,81.5,0.2714,0.7361,0.7161,0.7988,0.7161
0.0,1600,5,20000,0.7153,0.9122,1,11700,0.0,32,212,212,0.1213,30.2,0.0,0.0,0.0891,0.5121,0.7128
0.0,1600,6,20000,0.721,0.9122,1,1000,0.0,32,338,338,0.2444,85.2,0.3,0.7936,0.7187,0.8005,0.7187
0.0,1600,7,20000,0.7211,0.9122,1,1000,0.0,32,338,338,0.2445,85.2,0.3,0.7937,0.7187,0.8006,0.7187
0.0,1600,8,20000,0.7211,0.9122,1,3600,0.0,32,312,312,0.2452,82.1,0.1892,0.7878,0.7187,0.8006,0.7187
0.0,1600,9,20000,0.7185,0.9122,1,2150,0.0,24,261,261,0.1926,75.5,0.2482,0.7928,0.716,0.7988,0.7161
0.0,1600,10,20000,0.7211,0.9122,1,3600,0.0,32,312,312,0.2427,82.1,0.1886,0.7878,0.7187,0.8005,0.7187
0.0,1600,11,20000,0.7211,0.9122,1,5050,0.0,32,297,297,0.2436,75.4,0.0744,0.6299,0.7128,0.8006,0.7187
0.0,1600,12,20000,0.7118,0.9095,1,600,0.0,22,246,246,0.182,80.5,0.4361,0.7922,0.7092,0.7935,0.7093
0.0,1600,13,20000,0.724,0.9122,1,1000,0.0,36,370,370,0.2688,87.6,0.3169,0.7947,0.7216,0.8025,0.7216
0.0,1600,14,20000,0.7183,0.9122,1,2150,0.0,24,261,261,0.1925,78.5,0.2516,0.7929,0.7161,0.7988,0.7159
0.0,1600,15,20000,0.0,0.0,0,-1,0.0,15,180,180,0.1157,0.0,0.0,0.0,0.0,0.0,0.0
0.0,1600,16,20000,0.7211,0.9122,1,3500,0.0,32,327,327,0.245,79.2,0.1784,0.6678,0.7193,0.8006,0.7187
0.0,1600,17,20000,0.7211,0.9122,1,3600,0.0,32,312,312,0.245,82.1,0.1886,0.7878,0.7187,0.8006,0.7187
0.0,1600,18,20000,0.7211,0.9122,1,3600,0.0,32,312,312,0.2455,82.1,0.1892,0.7878,0.7187,0.8006,0.7187
0.0,1600,19,20000,0.7211,0.9122,1,1000,0.0,32,338,338,0.2455,85.2,0.3,0.7936,0.7187,0.8005,0.7187
0.0,1600,20,20000,0.7211,0.9122,1,3600,0.0,32,312,312,0.2436,82.1,0.1892,0.7878,0.7187,0.8006,0.7187
0.0,1600,21,20000,0.7211,0.9122,1,5050,0.0,32,297,297,0.2424,75.4,0.0744,0.63,0.7128,0.8006,0.7187
0.0,1600,22,20000,0.7186,0.9122,1,2150,0.0,24,261,261,0.192,76.2,0.2516,0.7929,0.7161,0.7988,0.7161
0.0,1600,23,20000,0.7211,0.9122,1,800,0.0,32,337,337,0.244,85.5,0.3111,0.7675,0.7187,0.8005,0.7187
0.0,1600,24,20000,0.7161,0.9122,1,2150,0.0,23,256,256,0.189,74.6,0.2456,0.7928,0.7135,0.7973,0.7137
0.0,3200,0,20000,0.8157,0.9123,1,1000,0.0,32,146,146,0.1021,0.0,0.2214,0.5441,0.8967,0.9033,0.8145
0.0,3200,1,20000,0.8024,0.909,1,600,0.0,23,119,119,0.0728,0.0,0.2896,0.8721,0.8882,0.8921,0.801
0.0,3200,2,20000,0.814,0.9124,1,600,0.0,24,123,123,0.0769,0.0,0.3164,0.8844,0.9018,0.9024,0.8127
0.0,3200,3,20000,0.8098,0.9124,1,10100,0.0,32,105,105,0.0407,0.0,0.0564,0.1366,0.548,0.8973,0.8085
0.0,3200,4,20000,0.8121,0.9112,1,1000,0.0,26,130,130,0.0854,0.0,0.204,0.5217,0.8014,0.8911,0.8108
0.0,3200,5,20000,0.0,0.0,0,-1,0.0,15,90,90,0.036,0.0,0.0,0.0,0.0,0.0,0.0
0.0,3200,6,20000,0.8157,0.9123,1,1000,0.0,32,146,146,0.1011,0.0,0.2215,0.5441,0.8967,0.9033,0.8145
0.0,3200,7,20000,0.8157,0.9124,1,1000,0.0,32,146,146,0.104,0.0,0.2215,0.5441,0.8968,0.9033,0.8145
0.0,3200,8,20000,0.8157,0.9124,1,6850,0.0,32,120,120,0.096,0.0,0.112,0.3806,0.8968,0.8973,0.8145
0.0,3200,9,20000,0.8139,0.9123,1,3750,0.0,25,115,115,0.0571,0.0,0.1636,0.4733,0.8849,0.8991,0.8127
0.0,3200,10,20000,0.8116,0.9008,1,4050,0.0,2,104,104,0.0514,0.0,0.1153,0.4339,0.8967,0.8973,0.8105
0.0,3200,11,20000,0.8098,0.9124,1,10100,0.0,32,105,105,0.0405,0.0,0.0564,0.1366,0.548,0.8973,0.8085
0.0,3200,12,20000,0.8108,0.9095,1,600,0.0,24,123,123,0.0771,0.0,0.2859,0.8812,0.8987,0.8994,0.8096
0.0,3200,13,20000,0.8157,0.9124,1,1000,0.0,32,146,146,0.1031,0.0,0.2208,0.5441,0.8968,0.9033,0.8145
0.0,3200,14,20000,0.8112,0.9124,1,3750,0.0,22,111,111,0.0624,0.0,0.167,0.474,0.8842,0.901,0.8099
0.0,3200,15,20000,0.8047,0.9008,1,13050,0.0,32,91,91,0.0391,0.0,0.0047,0.0699,0.149,0.7316,0.8035
0.0,3200,16,20000,0.8157,0.9124,1,5500,0.0,33,125,125,0.0993,0.0,0.1177,0.3649,0.807,0.8742,0.8145
0.0,3200,17,20000,0.8157,0.9124,1,6850,0.0,32,120,120,0.0941,0.0,0.112,0.3806,0.8968,0.8973,0.8145
0.0,3200,18,20000,0.8157,0.9124,1,6850,0.0,32,120,120,0.0945,0.0,0.112,0.3806,0.8968,0.8973,0.8145
0.0,3200,19,20000,0.8157,0.9123,1,1000,0.0,32,146,146,0.1034,0.0,0.2215,0.5441,0.8967,0.9033,0.8145
0.0,3200,20,20000,0.8157,0.9124,1,6850,0.0,32,120,120,0.0975,0.0,0.112,0.3806,0.8968,0.8973,0.8145
0.0,3200,21,20000,0.806,0.9124,1,10100,0.0,32,108,108,0.0445,0.0,0.0564,0.1366,0.4999,0.7976,0.8047
0.0,3200,22,20000,0.814,0.9124,1,3750,0.0,24,117,117,0.068,0.0,0.167,0.474,0.8968,0.9025,0.8128
0.0,3200,23,20000,0.8157,0.9124,1,800,0.0,32,145,145,0.1068,0.0,0.2443,0.6026,0.8456,0.9033,0.8145
0.0,3200,24,20000,0.8125,0.9124,1,3750,0.0,23,114,114,0.066,0.0,0.1609,0.474,0.8905,0.9017,0.8112
0.0,6400,0,20000,0.906,0.9007,1,1000,1.0,32,50,50,0.013,0.0,0.2387,0.2771,0.4207,0.7784,0.9061
0.0,6400,1,20000,0.9031,0.9041,1,600,1.0,22,48,48,0.0099,0.0,0.3165,0.4661,0.9968,0.8915,0.9031
0.0,6400,2,20000,0.9102,0.9124,1,600,1.0,24,51,51,0.0099,0.0,0.3439,0.4799,0.9993,0.8973,0.9102
0.0,6400,3,20000,0.2482,0.9008,1,19700,1.0,8,49,49,0.0116,0.0,0.0597,0.0741,0.1249,0.1764,0.2401
0.0,6400,4,20000,0.737,0.8807,1,1000,1.0,27,52,52,0.0152,0.0,0.2226,0.2631,0.3898,0.6177,0.7352
0.0,6400,5,20000,0.0,0.0,0,-1,1.0,15,45,45,0.0101,0.0,0.0,0.0,0.0,0.0,0.0
0.0,6400,6,20000,0.906,0.9007,1,1000,1.0,32,50,50,0.0129,0.0,0.2387,0.2771,0.4207,0.7786,0.9061
0.0,6400,7,20000,0.9061,0.9008,1,1000,1.0,32,50,50,0.0129,0.0,0.2388,0.2771,0.4208,0.7786,0.9061
0.0,6400,8,20000,0.9061,0.9008,1,7250,1.0,20,43,43,0.0092,0.0,0.1194,0.1562,0.2776,0.7135,0.9061
0.0,6400,9,20000,0.906,0.9007,1,6950,1.0,24,45,45,0.0095,0.0,0.1757,0.2121,0.3331,0.7331,0.9061
0.0,6400,10,20000,0.9042,0.8995,1,7000,1.0,24,46,46,0.0092,0.0,0.1194,0.1659,0.3149,0.7501,0.9043
0.0,6400,11,20000,0.2482,0.9008,1,19700,1.0,8,49,49,0.0116,0.0,0.0597,0.0741,0.1249,0.1764,0.2401
0.0,6400,12,20000,0.9069,0.9093,1,600,1.0,24,51,51,0.0098,0.0,0.3123,0.478,0.9951,0.8942,0.9069
0.0,6400,13,20000,0.9053,0.9011,1,1000,1.0,31,50,50,0.0128,0.0,0.2381,0.2771,0.4208,0.7786,0.9054
0.0,6400,14,20000,0.9061,0.9008,1,6950,1.0,24,45,45,0.0094,0.0,0.179,0.2121,0.3331,0.7331,0.9061
0.0,6400,15,20000,0.0,0.0,0,-1,1.0,15,45,45,0.0101,0.0,0.0,0.0,0.0,0.0,0.0
0.0,6400,16,20000,0.8194,0.8565,1,13250,1.0,18,41,41,0.0094,0.0,0.1271,0.151,0.2415,0.628,0.8189
0.0,6400,17,20000,0.9061,0.9007,1,13250,1.0,16,40,40,0.0092,0.0,0.1194,0.1446,0.2351,0.6879,0.9061
0.0,6400,18,20000,0.9061,0.9008,1,13250,1.0,16,40,40,0.0094,0.0,0.1194,0.1446,0.2351,0.6879,0.9061
0.0,6400,19,20000,0.906,0.9007,1,1000,1.0,32,50,50,0.0131,0.0,0.2387,0.2771,0.4207,0.7785,0.9061
0.0,6400,20,20000,0.9061,0.9008,1,13250,1.0,16,40,40,0.0094,0.0,0.1194,0.1446,0.2351,0.6879,0.9061
0.0,6400,21,20000,0.2482,0.9008,1,19700,1.0,8,49,49,0.0115,0.0,0.0597,0.0741,0.1249,0.1764,0.2401
0.0,6400,22,20000,0.9061,0.9008,1,6950,1.0,24,45,45,0.0094,0.0,0.1791,0.2121,0.3331,0.7331,0.9061
0.0,6400,23,20000,0.8151,0.9007,1,800,1.0,36,47,47,0.0097,0.0,0.2646,0.3778,0.8828,0.7901,0.814
0.0,6400,24,20000,0.9031,0.8732,1,7100,1.0,20,42,42,0.0095,0.0,0.173,0.2011,0.2939,0.7111,0.9034
0.05,200,0,20000,nan,0.0494,0,-1,0.0349,0,761,761,0.5984,100.0,0.0704,0.0752,0.0735,,
0.05,200,1,20000,nan,0.0642,0,-1,0.0546,0,1204,1204,0.5903,100.0,0.0761,0.0817,0.0764,0.0796,
0.05,200,2,20000,nan,0.0715,0,-1,0.0281,0,198,198,0.5916,100.0,0.0664,,,,
0.05,200,3,20000,nan,0.0682,0,-1,0.0124,0,458,458,0.5793,100.0,0.0655,0.08,,,
0.05,200,4,20000,nan,0.1208,0,-1,0.04,0,131,131,0.576,100.0,0.0546,,,,
0.05,200,5,20000,nan,0.0,0,-1,0.0413,0,139,139,0.5553,100.0,0.0,,,,
0.05,200,6,20000,0.0786,0.0759,1,1600,0.0428,16,1387,1387,0.5932,100.0,0.0772,0.0884,0.0836,0.0807,0.0786
0.05,200,7,20000,nan,0.0823,1,2400,0.0047,0,876,876,0.5995,100.0,0.0774,0.0811,0.0856,,
0.05,200,8,20000,nan,0.0952,1,5200,0.0413,0,1009,1009,0.5771,100.0,0.0685,0.0854,0.0797,0.0785,
0.05,200,9,20000,nan,0.0741,0,-1,0.0409,0,291,291,0.5886,100.0,0.0604,,,,
0.05,200,10,20000,nan,0.0678,0,-1,0.0197,0,770,770,0.5926,100.0,0.0621,0.0794,0.0783,,
0.05,200,11,20000,nan,0.0678,1,1600,0.0472,0,532,532,0.5727,100.0,0.0657,0.0793,0.0578,,
0.05,200,12,20000,nan,0.0524,1,9300,0.0276,0,803,803,0.587,100.0,0.0685,0.078,0.0827,,
0.05,200,13,20000,nan,0.0406,0,-1,0.0353,0,258,258,0.5907,100.0,0.0665,,,,
0.05,200,14,20000,nan,0.055,1,1600,0.0573,0,662,662,0.5819,100.0,0.0709,0.0886,0.0794,,
0.05,200,15,20000,nan,0.0,0,-1,0.0632,0,354,354,0.5497,100.0,0.0,0.0,,,
0.05,200,16,20000,nan,0.042,1,2950,0.0381,0,668,668,0.5861,100.0,0.0697,0.0814,0.0805,,
0.05,200,17,20000,nan,0.0542,1,3100,0.0244,0,462,462,0.577,100.0,0.0709,0.0749,,,
0.05,200,18,20000,nan,0.137,0,-1,0.0548,0,148,148,0.5658,100.0,0.0518,,,,
0.05,200,19,20000,nan,0.0573,1,3000,0.034,0,751,751,0.587,100.0,0.0722,0.0803,0.0803,,
0.05,200,20,20000,0.08,0.0332,1,800,0.0393,64,1472,1472,0.5873,100.0,0.0756,0.0834,0.0773,0.0811,0.0806
0.05,200,21,20000,nan,0.0621,1,11350,0.0235,0,1079,1079,0.5875,100.0,0.0628,0.0762,0.0824,0.0857,
0.05,200,22,20000,nan,0.0509,1,3800,0.039,0,370,370,0.5886,100.0,0.07,0.0856,,,
0.05,200,23,20000,nan,0.0524,1,2600,0.031,0,292,292,0.5775,100.0,0.0677,,,,
0.05,200,24,20000,0.0794,0.0547,1,17550,0.0399,28,1485,1485,0.5887,100.0,0.0642,0.0826,0.0852,0.0797,0.0797
0.05,400,0,20000,0.2724,0.3016,1,1000,0.0457,27,1021,1021,0.5316,100.0,0.2403,0.2807,0.2743,0.2763,0.272
0.05,400,1,20000,0.2816,0.263,1,1050,0.0452,31,1050,1050,0.517,100.0,0.2432,0.2817,0.2763,0.2728,0.2818
0.05,400,2,20000,0.2701,0.3018,1,1000,0.0491,27,1034,1034,0.5268,100.0,0.2422,0.2816,0.2741,0.2717,0.2698
0.05,400,3,20000,0.2779,0.3516,1,1000,0.0454,27,983,983,0.5297,100.0,0.2273,0.2775,0.2771,0.2714,0.277
0.05,400,4,20000,0.2734,0.2417,1,1000,0.0462,29,1011,1011,0.5259,100.0,0.2382,0.2811,0.271,0.2714,0.2738
0.05,400,5,20000,nan,0.0,0,-1,1.0,0,45,45,0.4303,100.0,0.0,,,,
0.05,400,6,20000,0.2727,0.2453,1,1000,0.048,30,1016,1016,0.5274,100.0,0.236,0.274,0.265,0.2713,0.2731
0.05,400,7,20000,0.2703,0.3002,1,1000,0.0467,27,1016,1016,0.5256,100.0,0.2328,0.2726,0.2666,0.2696,0.27
0.05,400,8,20000,0.2811,0.3035,1,1000,0.0462,25,1016,1016,0.5287,100.0,0.2245,0.2656,0.2665,0.2707,0.2808
0.05,400,9,20000,0.2685,0.3366,1,1050,0.0452,25,986,986,0.5291,100.0,0.2387,0.2837,0.2765,0.2721,0.2676
0.05,400,10,20000,0.2661,0.292,1,1000,0.0452,26,1006,1006,0.5205,100.0,0.2315,0.2805,0.2712,0.268,0.2658
0.05,400,11,20000,0.2777,0.3158,1,1000,0.0466,26,997,997,0.5233,100.0,0.2287,0.2805,0.2732,0.2703,0.2772
0.05,400,12,20000,0.2722,0.2576,1,1000,0.0443,29,1021,1021,0.526,100.0,0.2415,0.277,0.2744,0.2671,0.2724
0.05,400,13,20000,0.2721,0.2485,1,1000,0.0462,30,1031,1031,0.5216,100.0,0.242,0.2906,0.27,0.2692,0.2724
0.05,400,14,20000,0.275,0.2954,1,1000,0.0497,27,1037,1037,0.5284,100.0,0.234,0.2727,0.2755,0.2772,0.2748
0.05,400,15,20000,nan,0.0,0,-1,1.0,0,45,45,0.4396,100.0,0.0,,,,
0.05,400,16,20000,0.2696,0.2663,1,1000,0.0452,29,1004,1004,0.5276,100.0,0.225,0.2712,0.2671,0.2738,0.2696
0.05,400,17,20000,0.2715,0.2189,1,1000,0.0483,31,1013,1013,0.5238,100.0,0.2349,0.2769,0.273,0.2749,0.2722
0.05,400,18,20000,0.27,0.3288,1,1000,0.0457,24,998,998,0.5216,100.0,0.2314,0.2815,0.2636,0.2673,0.2693
0.05,400,19,20000,0.2811,0.3305,1,1000,0.0429,27,1032,1032,0.5257,100.0,0.2415,0.2786,0.2676,0.2717,0.2805
0.05,400,20,20000,0.2696,0.3613,1,1000,0.0416,22,1018,1018,0.5164,100.0,0.2361,0.2849,0.2739,0.2736,0.2685
0.05,400,21,20000,0.2665,0.2745,1,1000,0.0485,27,996,996,0.5247,100.0,0.2246,0.2834,0.2656,0.2694,0.2664
0.05,400,22,20000,0.2721,0.2635,1,1000,0.0487,29,1042,1042,0.5236,100.0,0.2375,0.2799,0.2748,0.2766,0.2722
0.05,400,23,20000,0.2704,0.3059,1,1000,0.0447,25,1046,1046,0.5221,100.0,0.2396,0.2812,0.2717,0.272,0.2699
0.05,400,24,20000,0.2745,0.2985,1,1000,0.0444,27,1010,1010,0.5306,100.0,0.2421,0.2772,0.2754,0.2794,0.2742
0.05,800,0,20000,0.5066,0.4218,1,1350,0.0504,37,643,643,0.4091,100.0,0.3715,0.5304,0.537,0.5183,0.5077
0.05,800,1,20000,0.5043,0.4934,1,500,0.0475,36,648,648,0.4084,99.5,0.3947,0.5118,0.5095,0.5048,0.5044
0.05,800,2,20000,0.5135,0.3818,1,600,0.0482,40,648,648,0.4103,100.0,0.3962,0.5248,0.5144,0.5135,0.5151
0.05,800,3,20000,0.5034,0.4912,1,1850,0.0453,35,602,602,0.4044,99.0,0.258,0.5118,0.4992,0.4977,0.5036
0.05,800,4,20000,0.5142,0.5478,1,1350,0.0477,34,624,624,0.4041,99.8,0.3425,0.5311,0.5233,0.5043,0.5137
0.05,800,5,20000,0.0,0.0,0,-1,0.0298,19,295,295,0.2125,87.8,0.0,0.0,0.0,0.0,0.0
0.05,800,6,20000,0.5164,0.4802,1,1350,0.05,36,659,659,0.4106,99.4,0.3766,0.5327,0.5234,0.523,0.5169
0.05,800,7,20000,0.5146,0.5313,1,1350,0.0488,35,644,644,0.4108,100.0,0.3742,0.5307,0.5234,0.5273,0.5144
0.05,800,8,20000,0.5172,0.5162,1,1800,0.0494,36,633,633,0.4086,99.7,0.3489,0.539,0.5341,0.5201,0.5172
0.05,800,9,20000,0.5095,0.4918,1,1450,0.0437,36,632,632,0.408,99.7,0.364,0.5273,0.5195,0.5173,0.5097
0.05,800,10,20000,0.51,0.5201,1,1800,0.0449,36,623,623,0.4089,100.0,0.3481,0.5305,0.5122,0.515,0.5099
0.05,800,11,20000,0.5137,0.5779,1,1850,0.0483,34,600,600,0.4122,98.8,0.3255,0.5304,0.5174,0.5101,0.5129
0.05,800,12,20000,0.5059,0.52,1,600,0.0455,34,634,634,0.4057,99.5,0.3926,0.5244,0.5172,0.5115,0.5057
0.05,800,13,20000,0.5134,0.4535,1,1350,0.0467,37,637,637,0.4083,100.0,0.3769,0.5347,0.527,0.5175,0.5142
0.05,800,14,20000,0.5022,0.4686,1,1400,0.0467,35,623,623,0.409,99.8,0.3581,0.5282,0.5128,0.505,0.5026
0.05,800,15,20000,0.0,0.0,0,-1,0.0312,15,316,316,0.2426,88.6,0.0,0.0,0.0,0.0,0.0
0.05,800,16,20000,0.5135,0.4925,1,1800,0.0461,36,622,622,0.4044,100.0,0.2998,0.5139,0.5049,0.5096,0.5137
0.05,800,17,20000,0.5174,0.4824,1,1800,0.0476,35,638,638,0.4088,99.7,0.3177,0.5203,0.5094,0.5221,0.5178
0.05,800,18,20000,0.5049,0.4517,1,1800,0.0484,36,624,624,0.4048,99.7,0.3183,0.5359,0.5115,0.5134,0.5056
0.05,800,19,20000,0.5144,0.5574,1,1350,0.0478,35,647,647,0.4091,99.8,0.3786,0.5375,0.5294,0.5198,0.5139
0.05,800,20,20000,0.5028,0.5472,1,1850,0.0472,33,613,613,0.4089,99.8,0.3037,0.5233,0.5127,0.5091,0.5023
0.05,800,21,20000,0.5094,0.4669,1,1900,0.0463,38,593,593,0.4017,98.3,0.2518,0.5231,0.5109,0.5036,0.5099
0.05,800,22,20000,0.5159,0.5603,1,1400,0.0485,33,628,628,0.4065,99.7,0.3627,0.5378,0.5306,0.5275,0.5153
0.05,800,23,20000,0.5141,0.5099,1,1350,0.0477,35,641,641,0.4036,100.0,0.3703,0.528,0.5091,0.5122,0.5141
0.05,800,24,20000,0.5126,0.5303,1,1400,0.0521,35,626,626,0.407,100.0,0.3565,0.5391,0.5257,0.5151,0.5124
0.05,1600,0,20000,0.6862,0.7916,1,1000,0.0499,36,345,345,0.2603,86.1,0.2931,0.7421,0.6909,0.7353,0.6849
0.05,1600,1,20000,0.6837,0.7588,1,500,0.0481,37,353,353,0.2639,87.5,0.38,0.7763,0.6913,0.7445,0.6828
0.05,1600,2,20000,0.7001,0.8958,1,600,0.0475,34,357,357,0.2669,88.0,0.3595,0.7629,0.7025,0.7442,0.6977
0.05,1600,3,20000,0.7129,0.9097,1,3600,0.0471,33,300,300,0.2509,76.3,0.1002,0.4896,0.7172,0.736,0.7104
0.05,1600,4,20000,0.6891,0.7804,1,1000,0.0459,36,337,337,0.2539,86.4,0.2731,0.7097,0.6918,0.7387,0.6879
0.05,1600,5,20000,0.7401,0.9189,1,11750,0.0358,33,229,229,0.1407,42.4,0.0,0.0128,0.2049,0.6321,0.7379
0.05,1600,6,20000,0.6961,0.7907,1,1000,0.0488,37,346,346,0.2619,86.1,0.288,0.7448,0.689,0.7363,0.6949
0.05,1600,7,20000,0.6889,0.7664,1,1000,0.0431,37,341,341,0.2602,87.1,0.2908,0.7404,0.691,0.7335,0.6879
0.05,1600,8,20000,0.6957,0.8275,1,3550,0.0449,36,329,329,0.2643,82.1,0.1854,0.7045,0.7017,0.7432,0.6941
0.05,1600,9,20000,0.6899,0.8079,1,2400,0.0457,36,335,335,0.2635,83.0,0.2021,0.6705,0.6897,0.7361,0.6884
0.05,1600,10,20000,0.6967,0.8279,1,3600,0.0487,37,336,336,0.2695,82.4,0.1785,0.7073,0.6977,0.7431,0.6951
0.05,1600,11,20000,0.6944,0.8509,1,5300,0.0436,35,314,314,0.259,75.2,0.0743,0.4208,0.6961,0.7399,0.6924
0.05,1600,12,20000,0.6954,0.8121,1,600,0.0447,36,361,361,0.2676,86.1,0.355,0.7701,0.7026,0.744,0.694
0.05,1600,13,20000,0.698,0.8569,1,1000,0.046,35,346,346,0.2643,86.7,0.3092,0.7452,0.6972,0.7256,0.696
0.05,1600,14,20000,0.6891,0.7882,1,2200,0.0453,37,335,335,0.2611,81.5,0.2525,0.7712,0.6969,0.7387,0.6878
0.05,1600,15,20000,0.0,0.0,0,-1,0.0491,18,178,178,0.1166,0.6,0.0,0.0,0.0,0.0,0.0
0.05,1600,16,20000,0.7012,0.8814,1,3450,0.0447,35,332,332,0.2598,82.5,0.1748,0.6161,0.7076,0.7387,0.699
0.05,1600,17,20000,0.691,0.8025,1,3500,0.0452,36,330,330,0.2615,80.6,0.1715,0.6202,0.6956,0.7248,0.6896
0.05,1600,18,20000,0.6949,0.8361,1,2600,0.0478,36,345,345,0.268,82.3,0.1978,0.7165,0.7016,0.7476,0.6931
0.05,1600,19,20000,0.6939,0.87,1,1000,0.0445,35,355,355,0.2722,86.8,0.3031,0.7606,0.6927,0.7255,0.6917
0.05,1600,20,20000,0.696,0.829,1,3600,0.046,36,328,328,0.2607,81.1,0.1699,0.6594,0.6982,0.7491,0.6943
0.05,1600,21,20000,0.6933,0.7992,1,3700,0.0437,35,308,308,0.2553,74.7,0.0828,0.4562,0.6913,0.7502,0.692
0.05,1600,22,20000,0.6923,0.8506,1,2250,0.0455,36,326,326,0.2509,82.2,0.2405,0.7727,0.7022,0.7504,0.6903
0.05,1600,23,20000,0.7004,0.8649,1,900,0.0462,36,364,364,0.2685,86.8,0.3369,0.7652,0.7056,0.7521,0.6984
0.05,1600,24,20000,0.701,0.8949,1,2200,0.0462,34,333,333,0.2588,82.0,0.2427,0.7352,0.7125,0.7529,0.6986
0.05,3200,0,20000,0.8136,0.8767,1,1000,0.0386,36,146,146,0.1058,0.0,0.2184,0.5515,0.8891,0.8493,0.8128
0.05,3200,1,20000,0.8035,0.7514,1,500,0.0455,39,156,156,0.1164,0.0,0.3156,0.6774,0.8837,0.8445,0.8042
0.05,3200,2,20000,0.8089,0.9057,1,600,0.0392,34,151,151,0.1157,0.0,0.2728,0.6757,0.8912,0.8614,0.8077
0.05,3200,3,20000,0.8055,0.6893,1,7650,0.0369,36,108,108,0.0456,0.0,0.0561,0.1326,0.3352,0.6489,0.807
0.05,3200,4,20000,0.8102,0.8472,1,1000,0.0344,36,145,145,0.1003,0.0,0.2054,0.4873,0.7882,0.8283,0.8097
0.05,3200,5,20000,0.0,0.0,0,-1,0.0393,19,98,98,0.0411,0.0,0.0,0.0,0.0,0.0,0.0
0.05,3200,6,20000,0.8121,0.8089,1,1000,0.0328,36,143,143,0.1072,0.0,0.2156,0.4888,0.835,0.8562,0.8122
0.05,3200,7,20000,0.8111,0.615,1,1000,0.0412,41,140,140,0.1031,0.0,0.2178,0.5004,0.8572,0.8585,0.8135
0.05,3200,8,20000,0.8109,0.8167,1,6800,0.0337,37,126,126,0.0851,0.0,0.1116,0.3155,0.664,0.8372,0.8108
0.05,3200,9,20000,0.8048,0.7263,1,4100,0.0409,38,133,133,0.0776,0.0,0.1603,0.3905,0.7632,0.8785,0.8058
0.05,3200,10,20000,0.8031,0.665,1,7000,0.0377,41,124,124,0.0905,0.0,0.1107,0.3134,0.6593,0.868,0.8049
0.05,3200,11,20000,0.8138,0.9115,1,7150,0.038,33,109,109,0.0446,0.0,0.0554,0.1445,0.3489,0.7336,0.8125
0.05,3200,12,20000,0.803,0.701,1,600,0.0329,38,151,151,0.1093,0.0,0.2856,0.733,0.8871,0.858,0.8043
0.05,3200,13,20000,0.8154,0.848,1,1000,0.0448,37,144,144,0.1084,0.0,0.2197,0.5623,0.8508,0.8363,0.815
0.05,3200,14,20000,0.8219,0.8085,1,3850,0.0332,36,137,137,0.0798,0.0,0.1658,0.4835,0.8905,0.8531,0.8221
0.05,3200,15,20000,0.0,0.0,0,-1,0.0424,18,90,90,0.0396,0.0,0.0,0.0,0.0,0.0,0.0
0.05,3200,16,20000,0.8137,0.8523,1,6800,0.043,34,130,130,0.066,0.0,0.1175,0.2884,0.6223,0.8195,0.8132
0.05,3200,17,20000,0.8326,0.9394,1,6800,0.034,33,128,128,0.071,0.0,0.1096,0.2858,0.6732,0.839,0.8313
0.05,3200,18,20000,0.82,0.8577,1,6900,0.0371,34,129,129,0.0802,0.0,0.1106,0.2838,0.6476,0.8433,0.8195
0.05,3200,19,20000,0.8118,0.8215,1,1000,0.034,36,146,146,0.1066,0.0,0.2212,0.5534,0.8885,0.8492,0.8116
0.05,3200,20,20000,0.8194,0.8895,1,6800,0.038,35,128,128,0.0884,0.0,0.1099,0.3036,0.6644,0.8416,0.8185
0.05,3200,21,20000,0.8089,0.5744,1,10500,0.0335,40,111,111,0.0471,0.0,0.0539,0.1259,0.3157,0.6288,0.8118
0.05,3200,22,20000,0.8174,0.7939,1,3950,0.0449,37,141,141,0.0849,0.0,0.1641,0.4098,0.7666,0.8541,0.8177
0.05,3200,23,20000,0.8037,0.7847,1,900,0.0376,36,149,149,0.1094,0.0,0.2432,0.5563,0.8497,0.8703,0.8039
0.05,3200,24,20000,0.8115,0.903,1,3850,0.0389,32,132,132,0.0759,0.0,0.1606,0.4201,0.7893,0.8672,0.8103
0.05,6400,0,20000,0.83,0.8028,1,1000,1.0,29,44,44,0.0125,0.0,0.2386,0.2817,0.4995,0.6642,0.8303
0.05,6400,1,20000,0.9124,0.7945,1,500,1.0,38,48,48,0.0132,0.0,0.351,0.3909,0.6802,0.7765,0.9139
0.05,6400,2,20000,0.9042,0.7766,1,600,1.0,33,55,55,0.0134,0.0,0.2984,0.4067,0.7493,0.8123,0.9058
0.05,6400,3,20000,0.2355,0.4813,1,19600,1.0,16,48,48,0.0151,0.0,0.0597,0.0714,0.1051,0.1708,0.2324
0.05,6400,4,20000,0.7352,0.7414,1,1000,1.0,32,50,50,0.0147,0.0,0.2277,0.2561,0.4789,0.6078,0.7352
0.05,6400,5,20000,0.0,0.0,0,-1,1.0,22,46,46,0.0137,0.0,0.0,0.0,0.0,0.0,0.0
0.05,6400,6,20000,0.8711,0.7293,1,1000,1.0,29,44,44,0.0123,0.0,0.2387,0.2673,0.4986,0.6598,0.8729
0.05,6400,7,20000,0.8243,0.8149,1,1000,1.0,31,45,45,0.0155,0.0,0.2388,0.2652,0.4178,0.6967,0.8244
0.05,6400,8,20000,0.5296,0.526,1,13300,1.0,26,45,45,0.0106,0.0,0.1194,0.141,0.2221,0.4188,0.5297
0.05,6400,9,20000,0.5192,0.4722,1,7550,1.0,25,44,44,0.0134,0.0,0.1791,0.1849,0.2934,0.4048,0.5198
0.05,6400,10,20000,0.4183,0.5269,1,13200,1.0,22,48,48,0.014,0.0,0.1194,0.1348,0.2103,0.3388,0.417
0.05,6400,11,20000,0.229,0.3316,1,19850,1.0,16,50,50,0.0135,0.0,0.0597,0.0673,0.1052,0.178,0.2277
0.05,6400,12,20000,0.9009,0.8475,1,600,1.0,35,52,52,0.0129,0.0,0.3188,0.4193,0.796,0.8183,0.9015
0.05,6400,13,20000,0.8347,0.8156,1,1000,1.0,31,46,46,0.0132,0.0,0.2381,0.289,0.4954,0.6973,0.8349
0.05,6400,14,20000,0.6877,0.8967,1,7050,1.0,24,48,48,0.013,0.0,0.1784,0.2133,0.3527,0.5722,0.6851
0.05,6400,15,20000,0.0,0.0,0,-1,1.0,17,48,48,0.0121,0.0,0.0,0.0,0.0,0.0,0.0
0.05,6400,16,20000,0.4919,0.7866,1,12950,1.0,20,43,43,0.0141,0.0,0.1268,0.1471,0.2299,0.3564,0.4882
0.05,6400,17,20000,0.4404,0.5716,1,7350,1.0,22,47,47,0.0118,0.0,0.1194,0.1438,0.2665,0.3546,0.4388
0.05,6400,18,20000,0.4567,0.5114,1,13300,1.0,27,46,46,0.012,0.0,0.1194,0.1401,0.235,0.3822,0.456
0.05,6400,19,20000,0.843,0.8999,1,1000,1.0,31,47,47,0.0134,0.0,0.2387,0.2871,0.4989,0.7306,0.8423
0.05,6400,20,20000,0.437,0.44,1,13350,1.0,28,48,48,0.0129,0.0,0.1192,0.1359,0.2219,0.3612,0.4369
0.05,6400,21,20000,0.259,0.1822,1,14400,1.0,23,42,42,0.0106,0.0,0.0597,0.0653,0.1108,0.1879,0.2599
0.05,6400,22,20000,0.7726,0.5967,1,7200,1.0,27,45,45,0.0109,0.0,0.1791,0.2057,0.3526,0.6121,0.7748
0.05,6400,23,20000,0.842,0.7057,1,900,1.0,39,48,48,0.0134,0.0,0.2653,0.3137,0.552,0.7153,0.8437
0.05,6400,24,20000,0.5503,0.7191,1,7200,1.0,24,48,48,0.014,0.0,0.1743,0.1933,0.2776,0.4391,0.5482
0.1,200,0,20000,0.0791,0.0767,0,-1,0.0749,16,1619,1619,0.6038,100.0,0.0734,0.0766,0.0787,0.0766,0.0791
0.1,200,1,20000,0.0752,0.0817,0,-1,0.0998,22,1623,1623,0.596,100.0,0.0684,0.0763,0.0752,0.0747,0.0751
0.1,200,2,20000,0.0803,0.069,1,13850,0.0809,61,1608,1608,0.5976,100.0,0.0662,0.075,0.077,0.0803,0.0804
0.1,200,3,20000,0.0748,0.081,1,11450,0.0559,16,1568,1568,0.5962,100.0,0.0669,0.0765,0.0788,0.0799,0.0747
0.1,200,4,20000,0.0767,0.0627,0,-1,0.0816,8,1585,1585,0.5992,100.0,0.0702,0.0768,0.0761,0.0717,0.0769
0.1,200,5,20000,nan,0.0,0,-1,0.064,0,1018,1018,0.5602,100.0,0.0,0.0,0.0,0.0,
0.1,200,6,20000,0.0747,0.0599,0,-1,0.0811,57,1644,1644,0.6017,100.0,0.0684,0.0754,0.0805,0.0823,0.0749
0.1,200,7,20000,0.0823,0.1022,1,17400,0.0905,25,1576,1576,0.5964,100.0,0.0715,0.0759,0.0768,0.076,0.082
0.1,200,8,20000,0.0775,0.0925,1,1800,0.0958,31,1622,1622,0.5956,100.0,0.071,0.0786,0.0788,0.0724,0.0773
0.1,200,9,20000,0.0777,0.0682,0,-1,0.0916,19,1607,1607,0.5992,100.0,0.067,0.0759,0.0763,0.0729,0.0778
0.1,200,10,20000,0.0735,0.0533,0,-1,0.0761,18,1610,1610,0.5956,100.0,0.0677,0.0795,0.0822,0.0786,0.0738
0.1,200,11,20000,0.0751,0.062,0,-1,0.0931,49,1604,1604,0.5938,100.0,0.0549,0.0802,0.0757,0.0834,0.0753
0.1,200,12,20000,0.0754,0.0434,0,-1,0.0717,61,1619,1619,0.596,100.0,0.0707,0.077,0.074,0.0765,0.0758
0.1,200,13,20000,nan,0.0556,0,-1,0.0927,0,130,130,0.5954,100.0,0.0463,,,,
0.1,200,14,20000,0.08,0.1179,0,-1,0.0854,29,1590,1590,0.5967,100.0,0.0711,0.0724,0.0829,0.0774,0.0796
0.1,200,15,20000,nan,0.0,0,-1,1.0,0,126,126,0.5485,100.0,0.0,,,,
0.1,200,16,20000,0.078,0.067,1,7100,0.0992,21,1616,1616,0.5942,100.0,0.0666,0.0792,0.0821,0.079,0.0782
0.1,200,17,20000,0.0786,0.0744,1,6700,0.0541,10,1562,1562,0.5938,100.0,0.0668,0.0877,0.0809,0.0789,0.0786
0.1,200,18,20000,0.0446,0.0446,0,-1,0.085,0,1302,1302,0.5991,100.0,0.0665,0.08,0.0786,0.0725,0.0446
0.1,200,19,20000,0.0789,0.0613,0,-1,0.1053,11,1621,1621,0.5981,100.0,0.0668,0.0806,0.0795,0.0788,0.0791
0.1,200,20,20000,0.0812,0.0879,0,-1,0.086,24,1583,1583,0.5924,100.0,0.0667,0.0778,0.0818,0.0777,0.0811
0.1,200,21,20000,0.0766,0.1135,0,-1,0.0801,22,1632,1632,0.5957,100.0,0.0614,0.0809,0.0781,0.0781,0.0761
0.1,200,22,20000,0.0773,0.0766,0,-1,0.0913,23,1599,1599,0.593,100.0,0.0683,0.0765,0.0767,0.0757,0.0773
0.1,200,23,20000,nan,0.0713,0,-1,0.0688,0,259,259,0.5876,100.0,0.0642,,,,
0.1,200,24,20000,0.0807,0.0783,1,16750,0.0895,26,1621,1621,0.5984,100.0,0.0636,0.0787,0.074,0.0769,0.0807
0.1,400,0,20000,0.2799,0.2354,1,1000,0.0946,32,1022,1022,0.5284,100.0,0.2304,0.273,0.2772,0.275,0.2805
0.1,400,1,20000,0.273,0.2977,1,1000,0.0883,29,1023,1023,0.5311,100.0,0.2275,0.274,0.2768,0.274,0.2727
0.1,400,2,20000,0.2799,0.3,1,1000,0.0928,27,1030,1030,0.529,100.0,0.2299,0.2724,0.2751,0.2812,0.2796
0.1,400,3,20000,0.2781,0.2569,1,1050,0.0859,26,1005,1005,0.5297,100.0,0.2104,0.272,0.2826,0.2794,0.2783
0.1,400,4,20000,0.2708,0.3485,1,1050,0.0918,24,1021,1021,0.53,100.0,0.2242,0.2766,0.2727,0.2806,0.2698
0.1,400,5,20000,0.2791,0.301,1,3850,0.0886,28,978,978,0.5251,100.0,0.0379,0.2668,0.279,0.2769,0.2788
0.1,400,6,20000,0.2799,0.2895,1,1050,0.0922,26,1037,1037,0.531,100.0,0.2197,0.2808,0.2763,0.2746,0.2798
0.1,400,7,20000,0.2873,0.2778,1,1000,0.1012,30,1028,1028,0.5309,100.0,0.2305,0.2734,0.276,0.2776,0.2875
0.1,400,8,20000,0.2696,0.2128,1,1000,0.0908,32,1022,1022,0.5326,100.0,0.2202,0.2793,0.2734,0.2757,0.2703
0.1,400,9,20000,0.2732,0.2323,1,1100,0.0876,30,1023,1023,0.5309,100.0,0.2208,0.2737,0.2701,0.2766,0.2737
0.1,400,10,20000,0.2733,0.2599,1,1050,0.0905,33,1025,1025,0.5303,100.0,0.2156,0.2701,0.279,0.2682,0.2735
0.1,400,11,20000,0.2753,0.4098,1,1050,0.0929,21,998,998,0.5244,100.0,0.211,0.2648,0.2745,0.2743,0.2736
0.1,400,12,20000,0.2707,0.2204,1,1050,0.088,28,1031,1031,0.5313,100.0,0.2299,0.2721,0.27,0.2727,0.2714
0.1,400,13,20000,0.2781,0.2616,1,1000,0.0933,29,1028,1028,0.5293,100.0,0.2306,0.273,0.2757,0.2767,0.2784
0.1,400,14,20000,0.2734,0.2357,1,1050,0.0824,28,1020,1020,0.5312,100.0,0.2286,0.2751,0.2736,0.2741,0.2739
0.1,400,15,20000,nan,0.0,0,-1,0.0474,0,378,378,0.3968,100.0,0.0,0.0,0.0,0.0,
0.1,400,16,20000,0.2775,0.2572,1,1000,0.0987,28,1024,1024,0.5303,100.0,0.2168,0.2727,0.2709,0.2722,0.2777
0.1,400,17,20000,0.2733,0.2694,1,1050,0.0899,31,1013,1013,0.5296,100.0,0.2185,0.2716,0.2801,0.277,0.2734
0.1,400,18,20000,0.2734,0.2806,1,1000,0.0864,27,1017,1017,0.531,100.0,0.2193,0.2823,0.272,0.2715,0.2733
0.1,400,19,20000,0.2724,0.2552,1,1000,0.0999,31,1027,1027,0.5295,100.0,0.2279,0.2737,0.2783,0.277,0.2727
0.1,400,20,20000,0.2688,0.2303,1,1050,0.0947,30,1018,1018,0.5301,100.0,0.2128,0.2731,0.2784,0.2769,0.2693
0.1,400,21,20000,0.2781,0.3817,1,1100,0.0833,26,1005,1005,0.5297,100.0,0.1832,0.2799,0.2726,0.2749,0.2768
0.1,400,22,20000,0.2774,0.3854,1,1000,0.0888,24,1033,1033,0.5298,100.0,0.2307,0.2683,0.2746,0.2791,0.276
0.1,400,23,20000,0.275,0.288,1,1050,0.0804,27,1043,1043,0.5237,100.0,0.2323,0.2743,0.2696,0.276,0.2748
0.1,400,24,20000,0.2859,0.2487,1,1050,0.0956,31,1031,1031,0.5287,100.0,0.2149,0.2676,0.2779,0.2777,0.2863
0.1,800,0,20000,0.5064,0.5934,1,1350,0.09,29,645,645,0.4093,99.4,0.3628,0.5134,0.5053,0.5048,0.5054
0.1,800,1,20000,0.5034,0.5481,1,500,0.0891,33,649,649,0.4107,99.4,0.3806,0.5058,0.5081,0.512,0.5029
0.1,800,2,20000,0.499,0.6026,1,600,0.0923,29,643,643,0.4086,100.0,0.3912,0.5081,0.503,0.5049,0.4978
0.1,800,3,20000,0.5079,0.6319,1,1800,0.0967,28,620,620,0.4072,99.4,0.2004,0.5096,0.5032,0.5093,0.5064
0.1,800,4,20000,0.5158,0.4795,1,1400,0.0913,35,646,646,0.4087,99.7,0.3086,0.5046,0.5089,0.512,0.5163
0.1,800,5,20000,0.5121,0.491,1,3650,0.0891,36,593,593,0.4028,99.2,0.0493,0.4333,0.5165,0.5086,0.5124
0.1,800,6,20000,0.5149,0.5617,1,1400,0.0911,33,649,649,0.411,99.1,0.3565,0.5091,0.508,0.5075,0.5144
0.1,800,7,20000,0.5073,0.4428,1,1400,0.0832,36,647,647,0.4088,99.7,0.3493,0.5034,0.5054,0.5011,0.5082
0.1,800,8,20000,0.5077,0.43,1,1800,0.0933,39,627,627,0.4072,99.7,0.306,0.5139,0.5113,0.5142,0.5087
0.1,800,9,20000,0.5038,0.4486,1,1500,0.0936,36,635,635,0.4112,99.5,0.3105,0.5073,0.5103,0.5063,0.5045
0.1,800,10,20000,0.5076,0.5803,1,1800,0.0922,30,625,625,0.4106,99.7,0.3331,0.5171,0.5053,0.508,0.5067
0.1,800,11,20000,0.5079,0.5105,1,1850,0.0912,35,609,609,0.4063,98.5,0.2502,0.4947,0.507,0.5119,0.5078
0.1,800,12,20000,0.5036,0.573,1,600,0.086,32,648,648,0.4089,99.4,0.3757,0.5052,0.5026,0.5027,0.5027
0.1,800,13,20000,0.5024,0.4433,1,1350,0.0929,35,648,648,0.4092,100.0,0.3549,0.5078,0.5066,0.5052,0.5031
0.1,800,14,20000,0.5149,0.5146,1,1400,0.0924,34,642,642,0.4127,99.8,0.3446,0.5087,0.5035,0.5176,0.5149
0.1,800,15,20000,0.0,0.0,0,-1,0.0726,30,340,340,0.2469,96.8,0.0,0.0,0.0,0.0,0.0
0.1,800,16,20000,0.5067,0.4611,1,1850,0.0919,36,624,624,0.4055,99.8,0.2864,0.5092,0.5152,0.5118,0.5073
0.1,800,17,20000,0.5109,0.4991,1,1900,0.0997,35,636,636,0.4085,99.7,0.2541,0.5031,0.5097,0.5008,0.511
0.1,800,18,20000,0.5075,0.4244,1,1850,0.0942,39,634,634,0.4058,99.5,0.2718,0.5105,0.5094,0.5145,0.5086
0.1,800,19,20000,0.5142,0.5801,1,1350,0.0857,29,652,652,0.4092,99.8,0.3699,0.5065,0.507,0.5107,0.5134
0.1,800,20,20000,0.5047,0.5698,1,1900,0.0899,32,630,630,0.4115,99.7,0.2716,0.4993,0.5049,0.5104,0.5039
0.1,800,21,20000,0.5039,0.4409,1,2150,0.0883,36,620,620,0.4061,99.2,0.1594,0.5058,0.5017,0.5033,0.5047
0.1,800,22,20000,0.4987,0.596,1,1850,0.0909,30,636,636,0.4108,99.5,0.3244,0.5063,0.5053,0.5125,0.4975
0.1,800,23,20000,0.5168,0.5571,1,1350,0.089,33,644,644,0.4093,99.8,0.3569,0.5058,0.5084,0.5038,0.5163
0.1,800,24,20000,0.509,0.4856,1,1800,0.0972,36,640,640,0.4095,100.0,0.3303,0.5038,0.5018,0.5071,0.5093
0.1,1600,0,20000,0.7046,0.8586,1,1000,0.0901,35,344,344,0.2636,88.1,0.3063,0.7119,0.6964,0.6888,0.7027
0.1,1600,1,20000,0.6952,0.6854,1,500,0.0905,38,351,351,0.2667,88.3,0.3797,0.7301,0.693,0.6863,0.6953
0.1,1600,2,20000,0.7014,0.738,1,600,0.0913,38,356,356,0.265,89.3,0.3702,0.7368,0.6953,0.7063,0.7009
0.1,1600,3,20000,0.6996,0.7876,1,3650,0.0913,37,309,309,0.2592,77.7,0.0854,0.4525,0.7094,0.7098,0.6985
0.1,1600,4,20000,0.6947,0.7437,1,1000,0.088,37,341,341,0.2612,87.1,0.2686,0.6647,0.695,0.7032,0.6941
0.1,1600,5,20000,0.7039,0.5345,1,8150,0.0798,44,265,265,0.2328,60.0,0.0058,0.081,0.4167,0.714,0.706
0.1,1600,6,20000,0.7008,0.7149,1,1000,0.0916,38,353,353,0.2662,87.5,0.2777,0.7216,0.6858,0.712,0.7006
0.1,1600,7,20000,0.6863,0.8077,1,1000,0.0955,36,338,338,0.2599,87.6,0.2751,0.7152,0.6885,0.7167,0.6848
0.1,1600,8,20000,0.6974,0.7684,1,3400,0.0908,38,330,330,0.2628,83.6,0.1825,0.6368,0.7087,0.7064,0.6965
0.1,1600,9,20000,0.696,0.6809,1,2500,0.09,39,325,325,0.2609,85.8,0.2103,0.6805,0.6856,0.7045,0.6962
0.1,1600,10,20000,0.6888,0.7478,1,3600,0.0839,37,321,321,0.2565,82.9,0.1552,0.6202,0.6889,0.7209,0.6881
0.1,1600,11,20000,0.7058,0.7403,1,3600,0.087,39,317,317,0.2604,77.6,0.0876,0.4377,0.6967,0.7058,0.7054
0.1,1600,12,20000,0.6959,0.7209,1,600,0.0888,38,348,348,0.2616,88.5,0.3496,0.7152,0.6978,0.7023,0.6956
0.1,1600,13,20000,0.6905,0.7612,1,1000,0.0918,37,346,346,0.2633,87.6,0.3,0.7045,0.6994,0.7,0.6897
0.1,1600,14,20000,0.6865,0.6928,1,2250,0.0921,38,337,337,0.2597,86.4,0.2423,0.697,0.6983,0.7036,0.6864
0.1,1600,15,20000,0.704,0.7463,1,8700,0.0863,37,249,249,0.1915,56.6,0.0,0.0485,0.3305,0.711,0.7034
0.1,1600,16,20000,0.7005,0.661,1,3400,0.0899,42,335,335,0.2639,83.6,0.1645,0.5994,0.6916,0.7019,0.701
0.1,1600,17,20000,0.6932,0.6767,1,3550,0.0912,40,331,331,0.2658,83.4,0.1585,0.5831,0.6915,0.7029,0.6934
0.1,1600,18,20000,0.7129,0.7661,1,2650,0.0917,38,335,335,0.2659,83.6,0.1748,0.6482,0.7017,0.6985,0.7122
0.1,1600,19,20000,0.7018,0.7841,1,1000,0.0997,37,352,352,0.2676,87.2,0.311,0.73,0.6934,0.7093,0.7007
0.1,1600,20,20000,0.695,0.6116,1,3450,0.0959,42,315,315,0.2528,81.9,0.1685,0.635,0.6886,0.6974,0.696
0.1,1600,21,20000,0.6899,0.7187,1,3850,0.0782,38,312,312,0.2591,75.3,0.0774,0.4053,0.6886,0.7254,0.6896
0.1,1600,22,20000,0.6885,0.7486,1,2350,0.086,37,336,336,0.2623,86.3,0.2339,0.6894,0.6918,0.7117,0.6878
0.1,1600,23,20000,0.6873,0.7514,1,900,0.0937,37,357,357,0.2645,88.0,0.3077,0.7181,0.6901,0.7238,0.6865
0.1,1600,24,20000,0.6875,0.6923,1,2250,0.0949,41,336,336,0.2697,85.7,0.2076,0.6812,0.694,0.7175,0.6874
0.1,3200,0,20000,0.8262,0.8905,1,1000,0.0826,36,144,144,0.1109,2.8,0.2142,0.5259,0.8406,0.8185,0.8254
0.1,3200,1,20000,0.8244,0.8072,1,500,0.082,39,151,151,0.1164,5.3,0.3115,0.6532,0.8789,0.818,0.8246
0.1,3200,2,20000,0.8255,0.8485,1,600,0.078,36,150,150,0.1114,2.0,0.2674,0.6503,0.879,0.8142,0.8252
0.1,3200,3,20000,0.8517,0.9118,1,9550,0.0429,35,100,100,0.0539,0.0,0.057,0.144,0.3276,0.7761,0.8509
0.1,3200,4,20000,0.8245,0.7947,1,1000,0.065,38,146,146,0.1021,0.7,0.2064,0.4865,0.787,0.8141,0.8249
0.1,3200,5,20000,0.3557,0.4907,1,14350,0.0998,26,90,90,0.0443,0.0,0.0,0.0076,0.0544,0.1783,0.3541
0.1,3200,6,20000,0.8362,0.8291,1,1000,0.1079,38,142,142,0.1021,2.1,0.2139,0.4851,0.8302,0.834,0.8363
0.1,3200,7,20000,0.8272,0.6433,1,1000,0.0718,42,140,140,0.1034,0.7,0.2102,0.4634,0.8301,0.8474,0.8295
0.1,3200,8,20000,0.8336,0.792,1,6700,0.0791,39,128,128,0.0731,0.0,0.1108,0.2634,0.6182,0.818,0.8342
0.1,3200,9,20000,0.8326,0.9054,1,4300,0.0925,35,131,131,0.0861,0.0,0.1564,0.3575,0.7346,0.831,0.8316
0.1,3200,10,20000,0.8302,0.8267,1,6950,0.0905,36,115,115,0.0539,0.0,0.1078,0.2564,0.5936,0.8341,0.8302
0.1,3200,11,20000,0.83,0.8641,1,10100,0.0703,37,97,97,0.0511,0.0,0.0537,0.108,0.2648,0.6275,0.8295
0.1,3200,12,20000,0.8267,0.8067,1,600,0.089,39,156,156,0.1169,5.1,0.2822,0.7118,0.8725,0.8231,0.8269
0.1,3200,13,20000,0.824,0.8627,1,1000,0.0709,36,142,142,0.1056,1.4,0.22,0.5388,0.8418,0.8312,0.8235
0.1,3200,14,20000,0.8041,0.726,1,3850,0.0622,37,135,135,0.0851,2.2,0.1643,0.4228,0.844,0.8587,0.8051
0.1,3200,15,20000,0.0,0.0,0,-1,0.0594,24,91,91,0.0465,0.0,0.0,0.0,0.0,0.0,0.0
0.1,3200,16,20000,0.8212,0.8338,1,6050,0.068,36,126,126,0.0811,0.8,0.1166,0.2912,0.5612,0.8397,0.8211
0.1,3200,17,20000,0.8239,0.8008,1,4150,0.0828,37,124,124,0.0681,0.8,0.1074,0.28,0.5946,0.8413,0.8242
0.1,3200,18,20000,0.8343,0.7462,1,6900,0.0759,41,129,129,0.0837,0.0,0.109,0.2721,0.6387,0.8126,0.8354
0.1,3200,19,20000,0.8317,0.788,1,1000,0.083,39,147,147,0.1113,2.0,0.22,0.5473,0.8542,0.8121,0.8323
0.1,3200,20,20000,0.8492,0.912,1,6800,0.0694,37,119,119,0.0581,0.8,0.1075,0.2884,0.6276,0.8102,0.8484
0.1,3200,21,20000,0.8588,0.8975,1,10200,0.099,36,100,100,0.0504,0.0,0.0518,0.122,0.2751,0.6659,0.8583
0.1,3200,22,20000,0.8328,0.8648,1,4000,0.0791,37,136,136,0.0873,0.7,0.16,0.3697,0.7647,0.82,0.8324
0.1,3200,23,20000,0.8269,0.8622,1,900,0.0708,36,145,145,0.1065,0.0,0.2399,0.5466,0.8215,0.826,0.8265
0.1,3200,24,20000,0.8209,0.8838,1,3900,0.0823,35,133,133,0.0834,1.5,0.1585,0.3917,0.7471,0.8414,0.8201
0.1,6400,0,20000,0.8482,0.885,1,1000,1.0,30,43,43,0.0154,0.0,0.2386,0.2655,0.4272,0.6984,0.8477
0.1,6400,1,20000,0.903,0.8141,1,500,1.0,33,41,41,0.0153,0.0,0.351,0.3716,0.5984,0.7675,0.9042
0.1,6400,2,20000,0.9151,0.8698,1,600,1.0,38,48,48,0.0159,0.0,0.2984,0.3827,0.6882,0.8156,0.9156
0.1,6400,3,20000,0.2388,0.3988,1,18200,1.0,16,42,42,0.0137,0.0,0.0597,0.0729,0.1008,0.1874,0.2368
0.1,6400,4,20000,0.7391,0.7185,1,1000,1.0,32,45,45,0.0152,0.0,0.2277,0.2572,0.4139,0.5941,0.7393
0.1,6400,5,20000,0.0,0.0,0,-1,1.0,22,41,41,0.0128,0.0,0.0,0.0,0.0,0.0,0.0
0.1,6400,6,20000,0.8879,0.8121,1,1000,1.0,26,43,43,0.0141,0.0,0.2387,0.2453,0.4223,0.646,0.8888
0.1,6400,7,20000,0.8664,0.8073,1,1000,1.0,24,41,41,0.0133,0.0,0.2388,0.242,0.4634,0.5704,0.8671
0.1,6400,8,20000,0.4916,0.8943,1,12150,1.0,15,42,42,0.0133,0.0,0.1194,0.1365,0.2051,0.3928,0.4866
0.1,6400,9,20000,0.6825,0.5447,1,7850,1.0,23,38,38,0.0131,0.0,0.1791,0.1723,0.3432,0.4161,0.6842
0.1,6400,10,20000,0.4194,0.3825,1,13900,1.0,22,45,45,0.014,0.0,0.1194,0.1303,0.2071,0.2957,0.4199
0.1,6400,11,20000,0.2271,0.359,1,19350,1.0,21,48,48,0.0141,0.0,0.0597,0.0655,0.1044,0.1641,0.2254
0.1,6400,12,20000,0.914,0.7953,1,600,1.0,38,48,48,0.0174,0.0,0.3188,0.3828,0.637,0.8675,0.9155
0.1,6400,13,20000,0.9065,0.7813,1,1000,1.0,30,44,44,0.0135,0.0,0.2381,0.2843,0.4246,0.7966,0.908
0.1,6400,14,20000,0.6655,0.9215,1,7050,1.0,22,43,43,0.0128,0.0,0.1784,0.2154,0.3671,0.5126,0.6623
0.1,6400,15,20000,0.0,0.0,0,-1,1.0,22,48,48,0.0146,0.0,0.0,0.0,0.0,0.0,0.0
0.1,6400,16,20000,0.4936,0.746,1,7700,1.0,21,43,43,0.0126,0.0,0.1268,0.1496,0.26,0.3664,0.4904
0.1,6400,17,20000,0.4648,0.8115,1,12750,1.0,18,44,44,0.0145,0.0,0.1194,0.133,0.2048,0.36,0.4605
0.1,6400,18,20000,0.4504,0.653,1,13050,1.0,20,43,43,0.0133,0.0,0.1194,0.1403,0.2259,0.3415,0.4479
0.1,6400,19,20000,0.9175,0.818,1,1000,1.0,28,42,42,0.0113,0.0,0.2387,0.2908,0.5205,0.6944,0.9188
0.1,6400,20,20000,0.5015,0.5863,1,12950,1.0,22,43,43,0.0135,0.0,0.1192,0.1288,0.2135,0.3469,0.5005
0.1,6400,21,20000,0.2118,0.1961,0,-1,1.0,25,40,40,0.0122,0.0,0.0597,0.058,0.1067,0.1285,0.212
0.1,6400,22,20000,0.6464,0.905,1,7300,1.0,22,44,44,0.0125,0.0,0.1791,0.2006,0.3723,0.4933,0.6432
0.1,6400,23,20000,0.8257,0.6675,1,900,1.0,33,43,43,0.0135,0.0,0.2653,0.3096,0.542,0.6556,0.8277
0.1,6400,24,20000,0.6632,0.5168,1,7150,1.0,27,44,44,0.0126,0.0,0.1743,0.207,0.3468,0.4964,0.665
0.15,200,0,20000,0.079,0.1372,0,-1,0.146,9,1667,1667,0.6013,100.0,0.0726,0.0766,0.0767,0.0795,0.0783
0.15,200,1,20000,0.0806,0.0775,0,-1,0.1733,5,1661,1661,0.6023,100.0,0.0705,0.0797,0.077,0.0834,0.0806
0.15,200,2,20000,0.0791,0.0561,0,-1,0.1732,47,1649,1649,0.6003,100.0,0.0731,0.0819,0.079,0.0749,0.0794
0.15,200,3,20000,nan,0.1358,0,-1,0.2078,0,733,733,0.6,100.0,0.0655,0.0811,0.0776,,
0.15,200,4,20000,0.0795,0.0616,0,-1,0.1464,33,1624,1624,0.6022,100.0,0.0676,0.0806,0.0779,0.0802,0.0797
0.15,200,5,20000,nan,0.0,0,-1,1.0,0,58,58,0.5757,100.0,0.0,,,,
0.15,200,6,20000,0.0773,0.0766,0,-1,0.1283,8,1641,1641,0.6019,100.0,0.0691,0.0833,0.0788,0.0748,0.0773
0.15,200,7,20000,0.0811,0.0602,1,16300,0.1498,12,1648,1648,0.602,100.0,0.0689,0.0803,0.0793,0.0814,0.0813
0.15,200,8,20000,0.0826,0.131,0,-1,0.1664,7,1651,1651,0.6034,100.0,0.0678,0.0791,0.0807,0.0817,0.082
0.15,200,9,20000,0.0792,0.0489,1,14600,0.1392,12,1641,1641,0.6031,100.0,0.069,0.0746,0.0795,0.081,0.0796
0.15,200,10,20000,0.0791,0.0783,0,-1,0.1316,12,1643,1643,0.6038,100.0,0.0702,0.0792,0.0833,0.0762,0.0791
0.15,200,11,20000,0.0794,0.0524,0,-1,0.1795,21,1647,1647,0.6012,100.0,0.0611,0.0781,0.0812,0.0818,0.0798
0.15,200,12,20000,0.0816,0.058,0,-1,0.1309,69,1673,1673,0.6044,100.0,0.0701,0.079,0.0783,0.0825,0.0819
0.15,200,13,20000,0.0754,0.0582,1,1800,0.1449,13,1634,1634,0.6036,100.0,0.0752,0.0815,0.0791,0.082,0.0756
0.15,200,14,20000,0.0791,0.061,1,19300,0.1299,64,1636,1636,0.6012,100.0,0.069,0.0812,0.0829,0.0807,0.0793
0.15,200,15,20000,nan,0.0,0,-1,1.0,0,804,804,0.5679,100.0,0.0,0.0,0.0,,
0.15,200,16,20000,0.0816,0.0598,0,-1,0.1314,33,1635,1635,0.6011,100.0,0.0718,0.0819,0.0757,0.079,0.0819
0.15,200,17,20000,0.0799,0.0545,0,-1,0.1615,12,1617,1617,0.6016,100.0,0.0691,0.0772,0.0804,0.0758,0.0802
0.15,200,18,20000,0.0819,0.0452,1,14250,0.1042,33,1623,1623,0.6001,100.0,0.071,0.0842,0.0754,0.0762,0.0824
0.15,200,19,20000,0.0808,0.0786,0,-1,0.115,8,1651,1651,0.6045,100.0,0.0738,0.081,0.0794,0.0742,0.0808
0.15,200,20,20000,0.0784,0.0685,1,9050,0.1597,13,1658,1658,0.6005,100.0,0.0682,0.0826,0.0791,0.0824,0.0785
0.15,200,21,20000,0.0803,0.0962,0,-1,0.1236,45,1660,1660,0.6048,100.0,0.0639,0.0786,0.0805,0.0734,0.0801
0.15,200,22,20000,0.0791,0.0846,0,-1,0.1319,12,1639,1639,0.6035,100.0,0.0697,0.0794,0.0796,0.0826,0.079
0.15,200,23,20000,0.0805,0.0995,1,6900,0.1364,9,1642,1642,0.6006,100.0,0.0657,0.0824,0.0767,0.0827,0.0803
0.15,200,24,20000,0.0784,0.0811,0,-1,0.1759,30,1617,1617,0.599,100.0,0.0667,0.0769,0.0837,0.0815,0.0783
0.15,400,0,20000,0.2795,0.3492,1,1050,0.1188,24,1035,1035,0.5316,100.0,0.2205,0.2754,0.2709,0.2751,0.2787
0.15,400,1,20000,0.2765,0.2789,1,1100,0.1262,28,1035,1035,0.5292,100.0,0.2273,0.2791,0.2777,0.2779,0.2765
0.15,400,2,20000,0.268,0.2451,1,1050,0.1405,30,1042,1042,0.532,100.0,0.2225,0.2765,0.2725,0.2748,0.2683
0.15,400,3,20000,0.2687,0.3552,1,1150,0.1301,25,1026,1026,0.5253,100.0,0.188,0.2828,0.2852,0.2753,0.2676
0.15,400,4,20000,0.273,0.2134,1,1100,0.1452,32,1035,1035,0.5265,100.0,0.2152,0.2813,0.2813,0.2823,0.2737
0.15,400,5,20000,nan,0.0,0,-1,0.1066,0,466,466,0.4142,100.0,0.0,0.0,0.0,0.0,
0.15,400,6,20000,0.2733,0.3325,1,1050,0.1326,26,1040,1040,0.5254,100.0,0.2302,0.2805,0.2775,0.2763,0.2725
0.15,400,7,20000,0.267,0.251,1,1100,0.131,30,1035,1035,0.5272,100.0,0.2232,0.2836,0.2704,0.2748,0.2672
0.15,400,8,20000,0.2641,0.2521,1,1000,0.1281,31,1044,1044,0.5308,100.0,0.21,0.2716,0.2751,0.2754,0.2643
0.15,400,9,20000,0.2736,0.282,1,1100,0.1259,28,1028,1028,0.5262,100.0,0.219,0.2744,0.2814,0.2761,0.2735
0.15,400,10,20000,0.2762,0.2364,1,1000,0.1395,29,1034,1034,0.5292,100.0,0.1976,0.2764,0.2733,0.2754,0.2767
0.15,400,11,20000,0.2748,0.2323,1,1150,0.141,25,1028,1028,0.531,100.0,0.1808,0.277,0.2757,0.2721,0.2753
0.15,400,12,20000,0.2767,0.3146,1,1050,0.1494,24,1037,1037,0.5273,100.0,0.2326,0.2806,0.2757,0.2757,0.2762
0.15,400,13,20000,0.2757,0.2324,1,1000,0.129,33,1046,1046,0.5292,100.0,0.2188,0.28,0.2784,0.2802,0.2763
0.15,400,14,20000,0.2825,0.2701,1,1100,0.1416,32,1040,1040,0.5256,100.0,0.2163,0.2687,0.2797,0.2677,0.2827
0.15,400,15,20000,0.0,0.0,0,-1,0.1151,23,603,603,0.3995,100.0,0.0,0.0,0.0,0.0,0.0
0.15,400,16,20000,0.2712,0.229,1,1050,0.1301,31,1036,1036,0.5283,100.0,0.2123,0.2663,0.274,0.2729,0.2717
0.15,400,17,20000,0.2735,0.3118,1,1050,0.1245,26,1029,1029,0.5265,100.0,0.2158,0.2756,0.2805,0.2798,0.273
0.15,400,18,20000,0.28,0.2614,1,1050,0.1354,28,1034,1034,0.5277,100.0,0.2141,0.2788,0.2698,0.271,0.2803
0.15,400,19,20000,0.2709,0.3492,1,1050,0.1213,27,1039,1039,0.5305,100.0,0.2221,0.2781,0.2761,0.2684,0.2699
0.15,400,20,20000,0.2748,0.3157,1,1100,0.1367,25,1034,1034,0.5286,100.0,0.2048,0.2767,0.2703,0.2788,0.2742
0.15,400,21,20000,0.2751,0.275,1,1150,0.1401,29,1018,1018,0.5277,100.0,0.1831,0.2742,0.2707,0.2717,0.2751
0.15,400,22,20000,0.2735,0.2025,1,1050,0.1257,30,1037,1037,0.5311,100.0,0.2207,0.2805,0.2737,0.2723,0.2744
0.15,400,23,20000,0.2726,0.2688,1,1050,0.1091,25,1039,1039,0.5277,100.0,0.225,0.2721,0.2831,0.2745,0.2727
0.15,400,24,20000,0.2715,0.2979,1,1000,0.1233,29,1036,1036,0.5287,100.0,0.2078,0.2736,0.2827,0.2736,0.2711
0.15,800,0,20000,0.5176,0.5444,1,1550,0.1425,33,646,646,0.4064,99.2,0.3475,0.5097,0.5039,0.514,0.5172
0.15,800,1,20000,0.4991,0.5296,1,500,0.1266,36,654,654,0.4091,99.4,0.3652,0.5062,0.5045,0.5183,0.4987
0.15,800,2,20000,0.5141,0.5703,1,600,0.1318,34,653,653,0.4109,99.8,0.3653,0.5169,0.5163,0.5081,0.5134
0.15,800,3,20000,0.517,0.4273,1,1800,0.1239,38,631,631,0.4066,99.7,0.185,0.5072,0.5115,0.5059,0.5181
0.15,800,4,20000,0.5028,0.4939,1,1600,0.1202,33,653,653,0.4097,99.7,0.3174,0.5099,0.5068,0.5054,0.5029
0.15,800,5,20000,0.5007,0.5503,1,3850,0.1268,30,578,578,0.4042,98.3,0.0315,0.3416,0.5043,0.5096,0.5001
0.15,800,6,20000,0.5064,0.4468,1,1400,0.1232,38,647,647,0.408,99.1,0.3343,0.5107,0.5142,0.5087,0.5072
0.15,800,7,20000,0.507,0.3821,1,1450,0.1327,36,655,655,0.4089,99.5,0.3345,0.5049,0.5013,0.5095,0.5086
0.15,800,8,20000,0.508,0.4457,1,1900,0.127,34,639,639,0.4043,99.5,0.2535,0.5076,0.5089,0.5149,0.5088
0.15,800,9,20000,0.5045,0.5783,1,1700,0.1365,32,633,633,0.4035,99.4,0.2847,0.5093,0.5194,0.5154,0.5036
0.15,800,10,20000,0.515,0.4976,1,1900,0.1195,31,641,641,0.4068,99.7,0.2413,0.508,0.5153,0.5106,0.5152
0.15,800,11,20000,0.5055,0.5004,1,2050,0.1317,33,621,621,0.4043,99.7,0.1703,0.4974,0.5075,0.511,0.5056
0.15,800,12,20000,0.5122,0.4987,1,600,0.1238,33,656,656,0.4139,99.4,0.3659,0.5144,0.5052,0.5089,0.5124
0.15,800,13,20000,0.5043,0.5286,1,1500,0.1411,39,655,655,0.409,99.7,0.35,0.4996,0.5158,0.4994,0.504
0.15,800,14,20000,0.5124,0.5612,1,1800,0.1391,33,640,640,0.4047,99.7,0.3146,0.509,0.5122,0.512,0.5118
0.15,800,15,20000,0.4568,0.7117,1,13200,0.1304,28,414,414,0.3029,95.7,0.0,0.0,0.0196,0.2723,0.4536
0.15,800,16,20000,0.5034,0.3618,1,1900,0.1281,41,641,641,0.4072,99.8,0.272,0.5091,0.5156,0.5086,0.5051
0.15,800,17,20000,0.5079,0.4017,1,1900,0.1371,37,643,643,0.4029,99.4,0.2739,0.5013,0.5064,0.5101,0.5093
0.15,800,18,20000,0.516,0.4736,1,1950,0.1159,38,631,631,0.4027,99.5,0.2474,0.5065,0.5131,0.5079,0.5165
0.15,800,19,20000,0.5,0.6134,1,1350,0.1333,32,648,648,0.4094,99.5,0.3594,0.5087,0.5041,0.5082,0.4986
0.15,800,20,20000,0.5023,0.4813,1,1850,0.1321,34,642,642,0.4062,99.5,0.2555,0.5026,0.509,0.5133,0.5026
0.15,800,21,20000,0.5142,0.549,1,2750,0.1364,33,612,612,0.4045,98.5,0.2149,0.5089,0.506,0.4971,0.5138
0.15,800,22,20000,0.5081,0.6088,1,1550,0.1228,31,642,642,0.4061,99.5,0.3037,0.5053,0.5087,0.5071,0.5068
0.15,800,23,20000,0.5176,0.5701,1,1350,0.1327,35,651,651,0.4094,99.5,0.3558,0.5047,0.5132,0.5149,0.517
0.15,800,24,20000,0.5025,0.5433,1,1850,0.1338,31,639,639,0.4092,99.7,0.3173,0.5077,0.5038,0.5059,0.502
0.15,1600,0,20000,0.6898,0.7682,1,1000,0.1399,34,340,340,0.2572,88.5,0.3053,0.6923,0.7034,0.6875,0.6888
0.15,1600,1,20000,0.7095,0.711,1,500,0.1338,39,351,351,0.2634,90.0,0.3783,0.7192,0.699,0.6949,0.7095
0.15,1600,2,20000,0.6877,0.7334,1,600,0.1438,37,352,352,0.2651,90.3,0.3472,0.7137,0.6979,0.7046,0.6871
0.15,1600,3,20000,0.6957,0.5972,1,3800,0.1415,40,308,308,0.2472,80.5,0.0905,0.4313,0.7005,0.6912,0.6969
0.15,1600,4,20000,0.6991,0.7056,1,1000,0.1378,38,347,347,0.2625,87.3,0.2643,0.6618,0.6964,0.7065,0.699
0.15,1600,5,20000,0.5883,0.5214,1,15800,0.1008,45,187,187,0.1249,22.5,0.0,0.0,0.0,0.1323,0.5891
0.15,1600,6,20000,0.7022,0.742,1,1000,0.1512,38,332,332,0.2588,88.6,0.2778,0.6879,0.6909,0.6885,0.7017
0.15,1600,7,20000,0.694,0.7211,1,1000,0.1311,37,331,331,0.2543,87.3,0.2621,0.694,0.6884,0.7015,0.6936
0.15,1600,8,20000,0.7029,0.6687,1,3150,0.1228,39,322,322,0.2536,85.4,0.1667,0.5725,0.7058,0.6973,0.7033
0.15,1600,9,20000,0.6978,0.6677,1,2600,0.1391,40,335,335,0.2601,87.5,0.188,0.6389,0.6919,0.7082,0.6982
0.15,1600,10,20000,0.6887,0.6756,1,3350,0.1461,39,334,334,0.2538,86.2,0.1818,0.5973,0.7008,0.7061,0.6889
0.15,1600,11,20000,0.7009,0.6655,1,5400,0.1309,39,309,309,0.2491,78.3,0.0816,0.3783,0.6919,0.6953,0.7014
0.15,1600,12,20000,0.6969,0.718,1,600,0.145,38,335,335,0.2537,89.9,0.3426,0.7046,0.692,0.7059,0.6966
0.15,1600,13,20000,0.6924,0.6908,1,1000,0.1345,39,334,334,0.2527,87.7,0.2731,0.6818,0.7116,0.7113,0.6924
0.15,1600,14,20000,0.7025,0.6241,1,2200,0.1387,41,338,338,0.2599,87.0,0.2318,0.6592,0.7045,0.6995,0.7035
0.15,1600,15,20000,0.0,0.0,0,-1,0.1379,20,177,177,0.1185,11.9,0.0,0.0,0.0,0.0,0.0
0.15,1600,16,20000,0.7043,0.6385,1,3350,0.1278,42,324,324,0.2551,82.4,0.1585,0.5681,0.6915,0.7029,0.7051
0.15,1600,17,20000,0.7052,0.7342,1,3700,0.1255,37,320,320,0.2577,83.1,0.1461,0.6127,0.6993,0.6992,0.7048
0.15,1600,18,20000,0.6982,0.6719,1,3100,0.1297,39,319,319,0.2558,83.4,0.1441,0.6291,0.6955,0.6991,0.6985
0.15,1600,19,20000,0.7001,0.6722,1,1000,0.1327,39,347,347,0.2614,88.8,0.2921,0.7048,0.7094,0.7002,0.7004
0.15,1600,20,20000,0.7033,0.7339,1,3350,0.1285,38,333,333,0.2601,85.3,0.1562,0.5952,0.6963,0.701,0.7029
0.15,1600,21,20000,0.7066,0.6996,1,4200,0.1282,37,287,287,0.2371,76.7,0.0702,0.3398,0.6979,0.7072,0.7067
0.15,1600,22,20000,0.6962,0.7509,1,2350,0.1368,37,327,327,0.2589,86.5,0.2251,0.6667,0.6901,0.7092,0.6955
0.15,1600,23,20000,0.6947,0.6052,1,900,0.1354,40,340,340,0.256,88.8,0.3059,0.6848,0.689,0.7002,0.6959
0.15,1600,24,20000,0.708,0.7923,1,2400,0.137,37,325,325,0.2604,84.3,0.1792,0.6406,0.6948,0.7031,0.7069
0.15,3200,0,20000,0.8272,0.7567,1,1000,0.1152,38,145,145,0.1014,4.1,0.213,0.5449,0.8635,0.8295,0.828
0.15,3200,1,20000,0.83,0.8235,1,500,0.1051,37,145,145,0.1051,4.8,0.3124,0.66,0.8462,0.8258,0.8301
0.15,3200,2,20000,0.834,0.8813,1,600,0.132,36,150,150,0.1094,5.3,0.2616,0.6511,0.8495,0.8376,0.8334
0.15,3200,3,20000,0.8491,0.8819,1,8000,0.108,37,94,94,0.0489,0.0,0.0571,0.124,0.3212,0.7006,0.8487
0.15,3200,4,20000,0.8369,0.7901,1,1000,0.1478,38,138,138,0.0986,5.1,0.2045,0.4773,0.745,0.8318,0.8375
0.15,3200,5,20000,0.0,0.0,0,-1,0.136,22,87,87,0.0447,0.0,0.0,0.0,0.0,0.0,0.0
0.15,3200,6,20000,0.8292,0.8409,1,1000,0.1132,36,138,138,0.1012,3.6,0.216,0.4706,0.838,0.8346,0.829
0.15,3200,7,20000,0.8296,0.6757,1,1000,0.119,40,138,138,0.1036,4.3,0.209,0.4225,0.8241,0.8435,0.8315
0.15,3200,8,20000,0.8283,0.8697,1,6000,0.1397,37,124,124,0.0728,6.5,0.1109,0.2752,0.6181,0.848,0.8277
0.15,3200,9,20000,0.8166,0.8789,1,4450,0.1201,36,126,126,0.0868,3.2,0.1579,0.314,0.6693,0.8551,0.8158
0.15,3200,10,20000,0.841,0.7626,1,6100,0.1614,39,118,118,0.0736,1.7,0.1072,0.2403,0.5872,0.8268,0.842
0.15,3200,11,20000,0.8392,0.7538,1,9900,0.145,38,103,103,0.0602,1.0,0.0528,0.1049,0.249,0.6194,0.8403
0.15,3200,12,20000,0.8348,0.7631,1,600,0.1193,38,147,147,0.1061,3.4,0.2863,0.6544,0.8421,0.8393,0.8357
0.15,3200,13,20000,0.8327,0.8223,1,1000,0.1301,37,139,139,0.1011,4.3,0.2217,0.5499,0.8423,0.8268,0.8328
0.15,3200,14,20000,0.8424,0.8646,1,4100,0.1056,37,129,129,0.084,5.4,0.1562,0.3326,0.7088,0.8223,0.8421
0.15,3200,15,20000,0.8316,0.8747,1,10800,0.154,35,94,94,0.049,0.0,0.006,0.074,0.2081,0.4358,0.8311
0.15,3200,16,20000,0.8403,0.8131,1,4500,0.1244,38,129,129,0.0924,3.1,0.1173,0.2957,0.6943,0.8334,0.8406
0.15,3200,17,20000,0.8205,0.7498,1,6550,0.113,40,124,124,0.0751,4.0,0.1074,0.2517,0.5856,0.8519,0.8214
0.15,3200,18,20000,0.8293,0.867,1,6000,0.0981,36,116,116,0.0711,5.2,0.1092,0.2578,0.5959,0.8524,0.8288
0.15,3200,19,20000,0.8356,0.8531,1,1000,0.1157,37,149,149,0.1096,10.1,0.2188,0.5852,0.8505,0.8148,0.8354
0.15,3200,20,20000,0.8336,0.7651,1,6250,0.0638,39,116,116,0.0646,0.9,0.1077,0.248,0.5832,0.8436,0.8345
0.15,3200,21,20000,0.8312,0.8757,1,10350,0.1241,36,99,99,0.0532,2.0,0.0505,0.1104,0.3261,0.6343,0.8306
0.15,3200,22,20000,0.8456,0.9628,1,4000,0.1267,35,129,129,0.0899,6.2,0.1567,0.3656,0.7548,0.8377,0.8441
0.15,3200,23,20000,0.8344,0.8424,1,900,0.0912,37,146,146,0.1101,7.5,0.2386,0.5405,0.8212,0.8138,0.8343
0.15,3200,24,20000,0.8309,0.8386,1,3850,0.0953,37,131,131,0.087,6.1,0.1581,0.4515,0.7954,0.8404,0.8308
0.15,6400,0,20000,0.8982,0.7676,1,1000,1.0,26,39,39,0.0144,0.0,0.2386,0.2579,0.4261,0.6606,0.8998
0.15,6400,1,20000,0.9298,0.876,1,500,1.0,32,40,40,0.0129,0.0,0.351,0.3614,0.558,0.7148,0.9305
0.15,6400,2,20000,0.91,0.8294,1,600,1.0,38,49,49,0.0166,0.0,0.2984,0.3644,0.662,0.8491,0.911
0.15,6400,3,20000,0.2722,0.3727,1,17500,1.0,18,37,37,0.0138,0.0,0.0597,0.0748,0.1026,0.1923,0.271
0.15,6400,4,20000,0.7571,0.8414,1,1000,1.0,27,42,42,0.0145,0.0,0.2277,0.242,0.3773,0.5843,0.756
0.15,6400,5,20000,0.1626,0.2105,0,-1,1.0,19,39,39,0.013,0.0,0.0,0.0235,0.0505,0.1008,0.162
0.15,6400,6,20000,0.9259,0.922,1,1000,1.0,23,37,37,0.0119,0.0,0.2387,0.2517,0.4144,0.5416,0.926
0.15,6400,7,20000,0.8853,0.9786,1,1000,1.0,24,39,39,0.0155,0.0,0.2388,0.23,0.4045,0.6073,0.8842
0.15,6400,8,20000,0.4777,0.5762,1,12850,1.0,19,44,44,0.0144,0.0,0.1194,0.137,0.2045,0.3552,0.4764
0.15,6400,9,20000,0.634,0.7798,1,8500,1.0,20,39,39,0.0136,0.0,0.1791,0.1639,0.2932,0.4722,0.6322
0.15,6400,10,20000,0.4739,0.8083,1,12750,1.0,19,48,48,0.0139,0.0,0.1194,0.1254,0.2034,0.3627,0.4698
0.15,6400,11,20000,0.2058,0.2444,0,-1,1.0,23,40,40,0.0137,0.0,0.0597,0.0627,0.1001,0.1578,0.2053
0.15,6400,12,20000,0.9301,0.9001,1,600,1.0,34,42,42,0.0152,0.0,0.3188,0.3834,0.6192,0.8117,0.9305
0.15,6400,13,20000,0.871,0.7956,1,1000,1.0,31,41,41,0.0154,0.0,0.2381,0.288,0.4206,0.7503,0.872
0.15,6400,14,20000,0.6792,0.8156,1,7050,1.0,19,40,40,0.0122,0.0,0.1784,0.2133,0.3462,0.4775,0.6774
0.15,6400,15,20000,0.0,0.0,0,-1,1.0,20,40,40,0.0123,0.0,0.0,0.0,0.0,0.0,0.0
0.15,6400,16,20000,0.5964,0.703,1,10150,0.0943,23,45,45,0.0163,0.0,0.1268,0.1452,0.2466,0.3971,0.5951
0.15,6400,17,20000,0.5598,0.7258,1,11200,1.0,19,41,41,0.0144,0.0,0.1194,0.133,0.2171,0.3446,0.5577
0.15,6400,18,20000,0.4371,0.5607,1,13450,1.0,17,41,41,0.0141,0.0,0.1194,0.1407,0.2196,0.2795,0.4356
0.15,6400,19,20000,0.8529,0.9333,1,1000,1.0,27,39,39,0.0099,0.0,0.2387,0.3014,0.6089,0.6711,0.8519
0.15,6400,20,20000,0.5328,0.5996,1,12350,1.0,20,40,40,0.0147,0.0,0.1192,0.1258,0.2074,0.3341,0.5319
0.15,6400,21,20000,0.2451,0.3418,1,18850,1.0,15,41,41,0.0139,0.0,0.0597,0.0525,0.1023,0.1366,0.2439
0.15,6400,22,20000,0.6905,0.8844,1,7450,1.0,21,45,45,0.014,0.0,0.1791,0.1862,0.3105,0.5246,0.6881
0.15,6400,23,20000,0.873,0.8657,1,900,1.0,32,42,42,0.0153,0.0,0.2653,0.2942,0.4961,0.7622,0.873
0.15,6400,24,20000,0.7036,0.9168,1,7250,1.0,20,41,41,0.0143,0.0,0.1743,0.2057,0.3321,0.473,0.701
0.2,200,0,20000,0.0825,0.0603,0,-1,0.2073,20,1672,1672,0.6079,100.0,0.0776,0.0795,0.0822,0.0784,0.0828
0.2,200,1,20000,0.0808,0.1021,0,-1,0.1848,18,1669,1669,0.6072,100.0,0.0677,0.0844,0.0773,0.0782,0.0806
0.2,200,2,20000,0.0792,0.1239,0,-1,0.1823,13,1654,1654,0.6102,100.0,0.0762,0.0781,0.0766,0.079,0.0787
0.2,200,3,20000,nan,0.0193,0,-1,1.0,0,56,56,0.5825,100.0,0.0057,,,,
0.2,200,4,20000,0.0828,0.0568,0,-1,0.1872,40,1684,1684,0.6049,100.0,0.0737,0.0798,0.0823,0.0816,0.0831
0.2,200,5,20000,nan,0.0,0,-1,1.0,0,58,58,0.5849,100.0,0.0001,,,,
0.2,200,6,20000,0.0793,0.094,0,-1,0.1626,12,1688,1688,0.607,100.0,0.0689,0.0797,0.0797,0.079,0.0791
0.2,200,7,20000,0.0807,0.0901,0,-1,0.2227,47,1643,1643,0.6058,100.0,0.0704,0.0875,0.0815,0.0818,0.0805
0.2,200,8,20000,0.0845,0.075,0,-1,0.1398,52,1670,1670,0.6054,100.0,0.069,0.0839,0.0783,0.0854,0.0846
0.2,200,9,20000,0.0774,0.0632,0,-1,0.1542,19,1638,1638,0.6054,100.0,0.0708,0.0848,0.0779,0.0779,0.0775
0.2,200,10,20000,0.0816,0.0543,0,-1,0.1803,22,1649,1649,0.6011,100.0,0.0677,0.0792,0.0809,0.081,0.0819
0.2,200,11,20000,nan,0.0271,0,-1,1.0,0,57,57,0.5709,100.0,0.006,,,,
0.2,200,12,20000,0.0833,0.1053,0,-1,0.209,47,1676,1676,0.6073,100.0,0.0673,0.0766,0.0833,0.0815,0.083
0.2,200,13,20000,0.081,0.0981,0,-1,0.14,30,1672,1672,0.6087,100.0,0.0638,0.084,0.0774,0.0805,0.0808
0.2,200,14,20000,0.0743,0.0416,0,-1,0.1661,34,1650,1650,0.6015,100.0,0.069,0.0766,0.0855,0.0875,0.0747
0.2,200,15,20000,nan,0.0,0,-1,1.0,0,335,335,0.5789,100.0,0.0,0.0,,,
0.2,200,16,20000,0.0773,0.0727,0,-1,0.175,30,1679,1679,0.6069,100.0,0.0675,0.081,0.081,0.0803,0.0774
0.2,200,17,20000,0.0829,0.1306,0,-1,0.1664,10,1679,1679,0.6053,100.0,0.0642,0.0781,0.0767,0.0785,0.0823
0.2,200,18,20000,0.0838,0.07,0,-1,0.1472,44,1687,1687,0.6084,100.0,0.07,0.0817,0.0836,0.079,0.084
0.2,200,19,20000,0.0833,0.0868,0,-1,0.1723,16,1656,1656,0.605,100.0,0.0706,0.0801,0.0825,0.0845,0.0833
0.2,200,20,20000,0.0781,0.0725,1,11650,0.1127,26,1653,1653,0.6106,100.0,0.071,0.0781,0.0878,0.0772,0.0782
0.2,200,21,20000,0.0793,0.0745,1,850,0.2211,10,1629,1629,0.6073,100.0,0.0713,0.0798,0.0804,0.0858,0.0793
0.2,200,22,20000,0.0798,0.0551,0,-1,0.151,8,1656,1656,0.609,100.0,0.0711,0.0851,0.0799,0.0836,0.0801
0.2,200,23,20000,0.0804,0.0745,0,-1,0.1359,51,1654,1654,0.6069,100.0,0.0676,0.081,0.0823,0.0831,0.0805
0.2,200,24,20000,0.0778,0.0814,0,-1,0.1374,22,1653,1653,0.6102,100.0,0.0696,0.0825,0.0776,0.0789,0.0777
0.2,400,0,20000,0.2795,0.3906,1,1000,0.153,24,1050,1050,0.527,100.0,0.2253,0.2711,0.2817,0.2731,0.2781
0.2,400,1,20000,0.2852,0.278,1,1050,0.1479,32,1048,1048,0.5263,100.0,0.2298,0.2775,0.2828,0.277,0.2853
0.2,400,2,20000,0.2765,0.3266,1,1000,0.1665,25,1054,1054,0.5296,100.0,0.2309,0.2747,0.2822,0.2775,0.2759
0.2,400,3,20000,0.2721,0.2711,1,1850,0.1613,26,1044,1044,0.5294,100.0,0.1763,0.2726,0.2784,0.2748,0.2721
0.2,400,4,20000,0.275,0.2215,1,1150,0.164,32,1054,1054,0.5293,100.0,0.2175,0.2759,0.2747,0.2737,0.2757
0.2,400,5,20000,0.2801,0.3085,1,2550,0.1634,21,999,999,0.5244,100.0,0.1219,0.2714,0.2791,0.2804,0.2798
0.2,400,6,20000,0.2807,0.3209,1,1050,0.1773,27,1043,1043,0.5305,100.0,0.2267,0.2771,0.2802,0.2799,0.2802
0.2,400,7,20000,0.2744,0.3439,1,1000,0.1883,22,1047,1047,0.5258,100.0,0.225,0.2787,0.2744,0.2711,0.2736
0.2,400,8,20000,0.2774,0.2086,1,1350,0.1541,27,1048,1048,0.5272,100.0,0.1994,0.2869,0.2702,0.2828,0.2782
0.2,400,9,20000,0.2706,0.1964,1,1150,0.1665,28,1058,1058,0.5263,100.0,0.219,0.2694,0.2757,0.2827,0.2715
0.2,400,10,20000,0.2764,0.23,1,1050,0.1833,28,1032,1032,0.5261,100.0,0.2171,0.2766,0.2802,0.2874,0.277
0.2,400,11,20000,0.2787,0.2142,1,1850,0.168,33,1041,1041,0.5276,100.0,0.1723,0.2814,0.2756,0.2754,0.2795
0.2,400,12,20000,0.2818,0.3149,1,1200,0.1403,28,1044,1044,0.5252,100.0,0.2273,0.2839,0.2768,0.2846,0.2814
0.2,400,13,20000,0.2795,0.2113,1,1300,0.1822,34,1053,1053,0.5274,100.0,0.218,0.2758,0.2838,0.2851,0.2803
0.2,400,14,20000,0.2674,0.3087,1,1050,0.156,23,1061,1061,0.5304,100.0,0.214,0.2791,0.2782,0.2662,0.2669
0.2,400,15,20000,0.0,0.0,0,-1,1.0,0,609,609,0.4098,100.0,0.0,0.0,0.0,0.0,0.0
0.2,400,16,20000,0.2632,0.2674,1,1700,0.1662,27,1050,1050,0.5275,100.0,0.201,0.2802,0.2879,0.28,0.2632
0.2,400,17,20000,0.2818,0.2645,1,1050,0.1856,29,1042,1042,0.5277,100.0,0.2038,0.286,0.2791,0.2804,0.282
0.2,400,18,20000,0.2781,0.3748,1,1000,0.1765,26,1038,1038,0.5271,100.0,0.2201,0.2687,0.2817,0.2775,0.2769
0.2,400,19,20000,0.2821,0.2552,1,1050,0.1961,29,1055,1055,0.5287,100.0,0.2268,0.275,0.2713,0.2801,0.2824
0.2,400,20,20000,0.2785,0.2618,1,1200,0.1659,30,1046,1046,0.5278,100.0,0.2048,0.2817,0.2767,0.2867,0.2787
0.2,400,21,20000,0.2757,0.2771,1,2500,0.1569,24,1028,1028,0.5205,100.0,0.1511,0.2802,0.2882,0.2744,0.2757
0.2,400,22,20000,0.2796,0.2435,1,1100,0.1701,35,1050,1050,0.5251,100.0,0.2126,0.2661,0.2775,0.2801,0.2801
0.2,400,23,20000,0.285,0.3182,1,1050,0.1597,28,1045,1045,0.5281,100.0,0.2277,0.2779,0.2759,0.2732,0.2846
0.2,400,24,20000,0.2718,0.38,1,1000,0.1583,22,1046,1046,0.5251,100.0,0.2254,0.279,0.2769,0.286,0.2705
0.2,800,0,20000,0.5001,0.559,1,1450,0.1479,33,662,662,0.4073,99.2,0.3366,0.5062,0.5165,0.5026,0.4994
0.2,800,1,20000,0.5139,0.5881,1,500,0.1628,29,652,652,0.4061,99.4,0.3716,0.5124,0.5026,0.5128,0.5129
0.2,800,2,20000,0.5163,0.5745,1,1300,0.1618,33,663,663,0.4075,99.7,0.3678,0.5108,0.5144,0.5107,0.5155
0.2,800,3,20000,0.5111,0.6118,1,2700,0.1754,32,621,621,0.3996,99.8,0.2165,0.5106,0.5038,0.5137,0.5098
0.2,800,4,20000,0.5242,0.5624,1,1500,0.1698,33,660,660,0.4034,99.5,0.3081,0.5136,0.5103,0.4971,0.5237
0.2,800,5,20000,0.0,0.0,0,-1,0.1634,17,334,334,0.2367,90.4,0.0,0.0,0.0,0.0,0.0
0.2,800,6,20000,0.5074,0.4944,1,1500,0.1622,33,655,655,0.4076,99.1,0.3273,0.5086,0.5069,0.5087,0.5075
0.2,800,7,20000,0.513,0.5188,1,1550,0.1799,36,658,658,0.4117,99.4,0.3177,0.5092,0.5034,0.5095,0.5129
0.2,800,8,20000,0.5087,0.3737,1,1800,0.1603,36,654,654,0.4093,99.7,0.2653,0.5049,0.4984,0.5167,0.5104
0.2,800,9,20000,0.5098,0.4669,1,1600,0.1667,35,644,644,0.4088,99.1,0.2839,0.4966,0.5117,0.5085,0.5104
0.2,800,10,20000,0.5134,0.5173,1,2000,0.1692,35,636,636,0.4057,99.7,0.2386,0.5156,0.5114,0.51,0.5134
0.2,800,11,20000,0.5059,0.4854,1,2550,0.1559,31,629,629,0.4013,99.7,0.1724,0.5044,0.5204,0.5075,0.5062
0.2,800,12,20000,0.4989,0.5576,1,600,0.1708,34,659,659,0.4086,99.4,0.367,0.5072,0.5074,0.516,0.4982
0.2,800,13,20000,0.5056,0.5495,1,1600,0.1527,32,661,661,0.4104,99.5,0.3578,0.5127,0.5116,0.5131,0.5051
0.2,800,14,20000,0.5018,0.5859,1,1650,0.168,35,652,652,0.4063,99.7,0.3005,0.5157,0.5098,0.5102,0.5007
0.2,800,15,20000,0.5086,0.5911,1,4900,0.1446,31,585,585,0.3927,98.5,0.045,0.3839,0.5096,0.5158,0.5075
0.2,800,16,20000,0.506,0.4557,1,2050,0.1663,40,636,636,0.404,99.7,0.2505,0.5031,0.5173,0.5051,0.5067
0.2,800,17,20000,0.5045,0.3823,1,1650,0.1611,34,642,642,0.4022,99.2,0.2524,0.5035,0.5146,0.5144,0.506
0.2,800,18,20000,0.5114,0.4217,1,1900,0.179,34,647,647,0.4041,99.5,0.263,0.5072,0.5106,0.5152,0.5125
0.2,800,19,20000,0.5117,0.4335,1,1350,0.1541,34,654,654,0.4109,99.7,0.3424,0.5001,0.525,0.5039,0.5127
0.2,800,20,20000,0.5176,0.462,1,2100,0.1705,38,643,643,0.4037,99.4,0.247,0.5058,0.5186,0.5084,0.5183
0.2,800,21,20000,0.5055,0.5423,1,3150,0.1614,35,621,621,0.4019,99.0,0.1528,0.5096,0.5124,0.5241,0.5051
0.2,800,22,20000,0.5173,0.4427,1,1550,0.1595,36,647,647,0.4037,99.2,0.2984,0.509,0.5156,0.5112,0.5183
0.2,800,23,20000,0.5063,0.492,1,1600,0.1592,39,649,649,0.4052,99.5,0.3477,0.5122,0.5263,0.5095,0.5065
0.2,800,24,20000,0.5056,0.5609,1,1600,0.1715,32,648,648,0.4083,99.7,0.2955,0.5093,0.5127,0.5083,0.5049
0.2,1600,0,20000,0.6943,0.7511,1,2250,0.1892,39,334,334,0.2508,86.8,0.2873,0.6901,0.7135,0.6999,0.6936
0.2,1600,1,20000,0.6965,0.7549,1,500,0.1889,36,343,343,0.2587,91.3,0.386,0.7036,0.7052,0.696,0.6958
0.2,1600,2,20000,0.6988,0.6805,1,600,0.1757,37,344,344,0.2525,90.1,0.3507,0.715,0.6908,0.7111,0.6991
0.2,1600,3,20000,0.7076,0.7213,1,3300,0.1844,39,297,297,0.2397,80.5,0.1019,0.4142,0.6965,0.7004,0.7074
0.2,1600,4,20000,0.6814,0.7988,1,1000,0.1648,34,338,338,0.2601,89.1,0.2743,0.6432,0.6956,0.7046,0.6799
0.2,1600,5,20000,0.1681,0.194,1,18700,0.1824,26,170,170,0.1147,13.5,0.0,0.0,0.0,0.0108,0.1678
0.2,1600,6,20000,0.6986,0.6614,1,2550,0.1739,40,333,333,0.2547,86.5,0.2662,0.6884,0.6856,0.7006,0.699
0.2,1600,7,20000,0.6934,0.8475,1,1000,0.1745,34,324,324,0.2505,88.0,0.2529,0.6725,0.7045,0.6961,0.6914
0.2,1600,8,20000,0.7024,0.5971,1,3050,0.1748,40,334,334,0.256,84.4,0.1891,0.6124,0.6965,0.6871,0.7037
0.2,1600,9,20000,0.6865,0.8438,1,2700,0.1981,34,322,322,0.2529,85.7,0.1862,0.6611,0.6994,0.6996,0.6845
0.2,1600,10,20000,0.698,0.7235,1,3450,0.1756,37,315,315,0.2521,83.5,0.1415,0.5748,0.6953,0.6976,0.6977
0.2,1600,11,20000,0.6945,0.5524,1,4750,0.1666,42,306,306,0.2486,78.1,0.0688,0.418,0.6954,0.6994,0.6963
0.2,1600,12,20000,0.7012,0.7872,1,600,0.1779,37,335,335,0.2528,90.1,0.3385,0.715,0.6925,0.6982,0.7001
0.2,1600,13,20000,0.6835,0.7979,1,2100,0.1761,34,342,342,0.2601,86.5,0.2853,0.7242,0.7009,0.7,0.6821
0.2,1600,14,20000,0.6992,0.6389,1,2300,0.1884,40,331,331,0.2563,86.7,0.2074,0.6697,0.7111,0.7015,0.6999
0.2,1600,15,20000,0.0,0.0,0,-1,0.194,23,178,178,0.121,21.3,0.0,0.0,0.0,0.0,0.0
0.2,1600,16,20000,0.6967,0.6875,1,3100,0.1779,38,327,327,0.2483,84.7,0.166,0.6053,0.6951,0.6966,0.6968
0.2,1600,17,20000,0.7034,0.7284,1,2550,0.1752,37,312,312,0.2464,80.1,0.147,0.573,0.6947,0.7009,0.7031
0.2,1600,18,20000,0.6915,0.6801,1,3250,0.1848,38,320,320,0.2498,83.4,0.1521,0.6002,0.7008,0.7041,0.6917
0.2,1600,19,20000,0.6848,0.7633,1,1000,0.1672,37,345,345,0.2664,88.7,0.2982,0.683,0.6917,0.6892,0.6839
0.2,1600,20,20000,0.7036,0.7277,1,3050,0.1772,37,320,320,0.2525,83.1,0.1489,0.6303,0.7019,0.6932,0.7033
0.2,1600,21,20000,0.703,0.8248,1,3900,0.1642,35,293,293,0.2433,78.2,0.0754,0.3393,0.6802,0.7051,0.7015
0.2,1600,22,20000,0.6954,0.7357,1,2450,0.1812,37,336,336,0.2551,86.9,0.2071,0.6737,0.7021,0.686,0.6949
0.2,1600,23,20000,0.6824,0.6316,1,900,0.1725,38,344,344,0.251,89.2,0.3012,0.697,0.7081,0.6934,0.683
0.2,1600,24,20000,0.6949,0.6726,1,2300,0.1768,38,325,325,0.2522,87.1,0.219,0.6681,0.6962,0.6983,0.6952
0.2,3200,0,20000,0.8409,0.8438,1,1000,0.1287,37,132,132,0.097,4.5,0.2131,0.4949,0.8592,0.8395,0.8409
0.2,3200,1,20000,0.8477,0.8227,1,500,0.1632,37,149,149,0.105,12.1,0.3135,0.6497,0.8263,0.8202,0.848
0.2,3200,2,20000,0.8305,0.8308,1,600,0.1278,38,151,151,0.1125,10.6,0.2605,0.6455,0.8369,0.8308,0.8305
0.2,3200,3,20000,0.8309,0.7469,1,9050,0.1424,38,104,104,0.0559,4.8,0.0588,0.1263,0.3176,0.7282,0.8319
0.2,3200,4,20000,0.824,0.8799,1,1000,0.1809,35,137,137,0.0912,11.7,0.2078,0.4398,0.7225,0.8233,0.8233
0.2,3200,5,20000,0.2103,0.342,1,17750,0.1444,22,87,87,0.0483,0.0,0.0,0.0033,0.0072,0.0588,0.2086
0.2,3200,6,20000,0.8461,0.7857,1,1000,0.1335,38,129,129,0.0913,4.7,0.2163,0.4161,0.8257,0.8435,0.8468
0.2,3200,7,20000,0.8435,0.8497,1,1000,0.1163,38,134,134,0.0973,7.5,0.2089,0.4356,0.7723,0.8503,0.8435
0.2,3200,8,20000,0.8172,0.8357,1,6400,0.1263,37,117,117,0.0775,6.0,0.1109,0.2734,0.5748,0.8274,0.8169
0.2,3200,9,20000,0.8341,0.822,1,4650,0.1869,38,123,123,0.0827,7.3,0.1591,0.3148,0.709,0.8445,0.8343
0.2,3200,10,20000,0.8295,0.848,1,6100,0.1097,37,118,118,0.0691,3.4,0.1057,0.2448,0.5693,0.8574,0.8293
0.2,3200,11,20000,0.847,0.8671,1,9700,0.1276,37,94,94,0.0465,0.0,0.0521,0.1215,0.31,0.6337,0.8467
0.2,3200,12,20000,0.839,0.8186,1,600,0.1782,37,143,143,0.1042,9.1,0.2904,0.6626,0.8184,0.8412,0.8393
0.2,3200,13,20000,0.8428,0.8333,1,1000,0.1508,37,140,140,0.1023,12.1,0.2316,0.5858,0.8446,0.8261,0.8429
0.2,3200,14,20000,0.8506,0.844,1,3800,0.1802,36,132,132,0.0897,10.6,0.1634,0.3763,0.7978,0.8317,0.8506
0.2,3200,15,20000,0.0,0.0,0,-1,0.1513,19,89,89,0.0461,0.0,0.0,0.0,0.0,0.0,0.0
0.2,3200,16,20000,0.834,0.8078,1,4150,0.1295,37,126,126,0.0842,6.3,0.1194,0.3132,0.6327,0.8395,0.8343
0.2,3200,17,20000,0.8344,0.8205,1,6200,0.1853,36,115,115,0.0759,4.3,0.107,0.2439,0.6506,0.835,0.8346
0.2,3200,18,20000,0.8451,0.8711,1,6400,0.126,36,122,122,0.0688,5.7,0.1078,0.2734,0.6202,0.8354,0.8448
0.2,3200,19,20000,0.8357,0.9201,1,1000,0.1409,35,143,143,0.1035,11.2,0.2177,0.5175,0.8488,0.8178,0.8346
0.2,3200,20,20000,0.8374,0.8665,1,6000,0.1546,36,123,123,0.0793,4.9,0.1094,0.2868,0.6789,0.8202,0.837
0.2,3200,21,20000,0.835,0.7916,1,8050,0.1084,38,112,112,0.0611,2.7,0.051,0.1061,0.2906,0.645,0.8356
0.2,3200,22,20000,0.8255,0.9045,1,4100,0.1184,36,138,138,0.0985,17.4,0.1539,0.3768,0.7408,0.8281,0.8245
0.2,3200,23,20000,0.8351,0.873,1,900,0.1745,35,142,142,0.1028,9.2,0.2386,0.5361,0.8112,0.8149,0.8346
0.2,3200,24,20000,0.8449,0.9077,1,3950,0.1631,36,127,127,0.0805,12.6,0.1546,0.3864,0.7426,0.8391,0.8441
0.2,6400,0,20000,0.9313,0.8379,1,1000,1.0,25,38,38,0.014,0.0,0.2386,0.2574,0.4414,0.6767,0.9325
0.2,6400,1,20000,0.9077,0.9513,1,500,1.0,35,42,42,0.0152,0.0,0.351,0.359,0.5959,0.7951,0.9071
0.2,6400,2,20000,0.9319,0.7926,1,600,1.0,38,44,44,0.0161,0.0,0.2984,0.3539,0.6418,0.8321,0.9337
0.2,6400,3,20000,0.2511,0.3306,1,18100,1.0,21,41,41,0.0129,0.0,0.0597,0.0778,0.1078,0.1708,0.2501
0.2,6400,4,20000,0.792,0.8267,1,1000,1.0,29,41,41,0.0156,0.0,0.2277,0.2444,0.4173,0.6189,0.7916
0.2,6400,5,20000,0.1231,0.15,0,-1,1.0,20,37,37,0.0141,0.0,0.0,0.0,0.0001,0.0458,0.1227
0.2,6400,6,20000,0.8608,0.958,1,1000,1.0,22,36,36,0.0123,0.0,0.2384,0.2515,0.3848,0.609,0.8595
0.2,6400,7,20000,0.8803,0.978,1,1000,1.0,24,41,41,0.0149,0.0,0.2388,0.2222,0.3872,0.5437,0.8791
0.2,6400,8,20000,0.5782,0.7127,1,10350,1.0,17,38,38,0.013,0.0,0.1194,0.1371,0.2435,0.3388,0.5765
0.2,6400,9,20000,0.6524,0.6631,1,9100,1.0,20,34,34,0.0131,0.0,0.1791,0.161,0.2776,0.3624,0.6523
0.2,6400,10,20000,0.3951,0.4618,1,12100,1.0,19,39,39,0.0118,0.0,0.1194,0.1227,0.2013,0.2803,0.3943
0.2,6400,11,20000,0.2164,0.3423,1,19650,1.0,17,43,43,0.0148,0.0,0.0597,0.0606,0.1014,0.1476,0.2149
0.2,6400,12,20000,0.9051,0.9155,1,600,1.0,35,44,44,0.0152,0.0,0.3188,0.3885,0.5665,0.8634,0.905
0.2,6400,13,20000,0.8721,0.9442,1,1000,1.0,27,38,38,0.0138,0.0,0.2366,0.2931,0.4472,0.7306,0.8712
0.2,6400,14,20000,0.7363,0.9198,1,7050,1.0,24,43,43,0.0154,0.0,0.1784,0.2125,0.3148,0.5948,0.734
0.2,6400,15,20000,0.0,0.0,0,-1,1.0,21,46,46,0.0147,0.0,0.0,0.0,0.0,0.0,0.0
0.2,6400,16,20000,0.6087,0.7375,1,12200,1.0,23,44,44,0.0149,0.0,0.1266,0.1474,0.2088,0.3781,0.607
0.2,6400,17,20000,0.4663,0.572,1,12600,1.0,21,39,39,0.0148,0.0,0.1194,0.1327,0.2016,0.3461,0.465
0.2,6400,18,20000,0.5314,0.5115,1,12100,1.0,20,41,41,0.0141,0.0,0.1194,0.1352,0.2055,0.3006,0.5316
0.2,6400,19,20000,0.8793,0.9491,1,1000,1.0,30,42,42,0.0151,0.0,0.2387,0.2739,0.4174,0.769,0.8784
0.2,6400,20,20000,0.4865,0.885,1,12850,1.0,14,40,40,0.0124,0.0,0.1192,0.1291,0.1953,0.3791,0.4815
0.2,6400,21,20000,0.2262,0.2852,1,18850,1.0,21,41,41,0.0141,0.0,0.0597,0.0507,0.0958,0.1354,0.2254
0.2,6400,22,20000,0.7667,0.8814,1,7600,1.0,21,40,40,0.0152,0.0,0.1791,0.1769,0.3149,0.5708,0.7652
0.2,6400,23,20000,0.8532,0.8908,1,900,1.0,31,41,41,0.0145,0.0,0.2653,0.2839,0.4914,0.7774,0.8527
0.2,6400,24,20000,0.6911,0.9804,1,7300,1.0,18,38,38,0.0128,0.0,0.1743,0.1995,0.3147,0.471,0.6875
0.3,200,0,20000,0.0791,0.0527,0,-1,0.2621,35,1732,1732,0.6212,100.0,0.0744,0.0866,0.0923,0.0787,0.0794
0.3,200,1,20000,0.0842,0.1017,0,-1,0.2068,46,1696,1696,0.622,100.0,0.0774,0.0831,0.0881,0.0856,0.084
0.3,200,2,20000,0.0865,0.0591,0,-1,0.2248,20,1713,1713,0.6229,100.0,0.0737,0.0885,0.0878,0.0876,0.0868
0.3,200,3,20000,0.0853,0.0812,0,-1,0.2925,22,1704,1704,0.6228,100.0,0.0679,0.0851,0.0869,0.0815,0.0853
0.3,200,4,20000,0.0851,0.0741,0,-1,0.2892,45,1717,1717,0.6175,100.0,0.0696,0.0884,0.0852,0.0833,0.0853
0.3,200,5,20000,nan,0.0,0,-1,0.3729,0,896,896,0.5874,100.0,0.0,0.0,0.0,0.0,
0.3,200,6,20000,0.0797,0.0935,0,-1,0.2036,44,1718,1718,0.6197,100.0,0.0785,0.0886,0.084,0.0834,0.0795
0.3,200,7,20000,0.0868,0.0804,1,4900,0.2937,27,1700,1700,0.6164,100.0,0.0732,0.0858,0.0883,0.0875,0.0869
0.3,200,8,20000,nan,0.0068,0,-1,1.0,0,59,59,0.5942,100.0,0.006,,,,
0.3,200,9,20000,0.0892,0.1029,0,-1,0.2614,25,1709,1709,0.6223,100.0,0.0732,0.0778,0.0873,0.0852,0.0891
0.3,200,10,20000,0.0869,0.0496,1,16700,0.2676,43,1714,1714,0.6164,100.0,0.073,0.0838,0.0889,0.0877,0.0873
0.3,200,11,20000,0.0866,0.0688,0,-1,0.2112,7,1720,1720,0.6176,100.0,0.0651,0.0871,0.0956,0.0895,0.0869
0.3,200,12,20000,0.081,0.0594,0,-1,0.2855,12,1718,1718,0.6194,100.0,0.0807,0.0791,0.083,0.0904,0.0813
0.3,200,13,20000,0.0827,0.0621,0,-1,1.0,26,1714,1714,0.6222,100.0,0.0756,0.0816,0.0852,0.0921,0.0829
0.3,200,14,20000,0.0872,0.0666,0,-1,0.1941,42,1698,1698,0.6184,100.0,0.0776,0.0844,0.0882,0.0892,0.0874
0.3,200,15,20000,nan,0.0,0,-1,1.0,0,55,55,0.5826,100.0,0.0001,,,,
0.3,200,16,20000,0.092,0.069,0,-1,0.2169,18,1712,1712,0.6164,100.0,0.0807,0.0835,0.0796,0.0776,0.0923
0.3,200,17,20000,nan,0.0,0,-1,0.1171,0,791,791,0.596,100.0,0.0007,0.0,0.0,,
0.3,200,18,20000,0.0873,0.1053,1,8700,0.2301,21,1689,1689,0.6163,100.0,0.0582,0.0843,0.0965,0.0828,0.0871
0.3,200,19,20000,0.089,0.1128,0,-1,0.2743,15,1708,1708,0.6216,100.0,0.0796,0.0831,0.0844,0.0928,0.0887
0.3,200,20,20000,0.0704,0.051,0,-1,0.211,55,1702,1702,0.617,100.0,0.0722,0.0831,0.0823,0.0833,0.0707
0.3,200,21,20000,0.0824,0.1294,1,650,0.2905,15,1674,1674,0.6183,100.0,0.093,0.0928,0.0871,0.0888,0.0818
0.3,200,22,20000,0.0946,0.0805,0,-1,0.2646,19,1719,1719,0.6193,100.0,0.0707,0.0879,0.0861,0.0856,0.0947
0.3,200,23,20000,0.0899,0.0759,1,7850,0.1554,25,1715,1715,0.6176,100.0,0.0741,0.0779,0.0875,0.0842,0.0901
0.3,200,24,20000,0.0818,0.0929,0,-1,0.3045,34,1674,1674,0.6121,100.0,0.065,0.0924,0.0886,0.0881,0.0817
0.3,400,0,20000,0.2922,0.3057,1,1150,0.276,24,1065,1065,0.5298,100.0,0.224,0.2867,0.2784,0.2824,0.292
0.3,400,1,20000,0.286,0.2013,1,1150,0.2427,32,1065,1065,0.5305,100.0,0.2299,0.2729,0.2999,0.2742,0.287
0.3,400,2,20000,0.2857,0.2958,1,1000,0.2241,26,1083,1083,0.5317,100.0,0.2175,0.2857,0.2818,0.2759,0.2855
0.3,400,3,20000,0.2827,0.2409,1,1900,0.2706,27,1081,1081,0.5321,100.0,0.1893,0.2915,0.2742,0.2783,0.2833
0.3,400,4,20000,0.2791,0.3103,1,1200,0.2494,30,1079,1079,0.5283,100.0,0.2125,0.2749,0.2723,0.2772,0.2787
0.3,400,5,20000,0.2778,0.3051,1,2000,0.2478,29,1058,1058,0.5314,100.0,0.1208,0.2718,0.2823,0.2812,0.2774
0.3,400,6,20000,0.2835,0.3034,1,1100,0.184,28,1076,1076,0.5294,100.0,0.2391,0.2706,0.2684,0.2772,0.2832
0.3,400,7,20000,0.2836,0.3259,1,1450,0.2615,27,1067,1067,0.5262,100.0,0.2175,0.2842,0.2912,0.2713,0.283
0.3,400,8,20000,0.2781,0.2377,1,1600,0.2225,30,1069,1069,0.5295,100.0,0.2015,0.2861,0.2983,0.2795,0.2786
0.3,400,9,20000,0.2648,0.3347,1,1250,0.2198,28,1071,1071,0.5297,100.0,0.207,0.2781,0.274,0.2936,0.2639
0.3,400,10,20000,0.269,0.2802,1,1400,0.2333,30,1065,1065,0.5284,100.0,0.1985,0.2835,0.2827,0.2748,0.2688
0.3,400,11,20000,0.2891,0.2156,1,2050,0.2546,33,1059,1059,0.5261,100.0,0.1805,0.2898,0.2824,0.2996,0.29
0.3,400,12,20000,0.2778,0.22,1,1050,0.2524,30,1074,1074,0.5305,100.0,0.2298,0.289,0.2814,0.2733,0.2786
0.3,400,13,20000,0.2867,0.3435,1,1200,0.2304,29,1070,1070,0.5259,100.0,0.2368,0.2963,0.2696,0.289,0.286
0.3,400,14,20000,0.2763,0.294,1,1100,0.2194,29,1069,1069,0.5305,100.0,0.2155,0.2827,0.2824,0.286,0.2761
0.3,400,15,20000,0.0,0.0,0,-1,0.2202,9,649,649,0.4256,100.0,0.0,0.0,0.0,0.0,0.0
0.3,400,16,20000,0.2835,0.3341,1,1600,0.2738,23,1066,1066,0.5302,100.0,0.2009,0.2805,0.2804,0.2787,0.2829
0.3,400,17,20000,0.2915,0.285,1,1850,0.2941,28,1067,1067,0.5323,100.0,0.1966,0.2904,0.2825,0.2856,0.2915
0.3,400,18,20000,0.2865,0.3267,1,2050,0.1915,27,1048,1048,0.5297,100.0,0.1935,0.2829,0.2861,0.2845,0.286
0.3,400,19,20000,0.2915,0.3436,1,1050,0.2222,25,1074,1074,0.5254,100.0,0.2307,0.2755,0.2826,0.2769,0.2909
0.3,400,20,20000,0.2784,0.3144,1,1700,0.2503,29,1074,1074,0.5328,100.0,0.1869,0.2737,0.2858,0.2707,0.278
0.3,400,21,20000,0.2965,0.3326,1,1400,0.2487,27,1043,1043,0.5305,100.0,0.1625,0.2841,0.2819,0.2794,0.296
0.3,400,22,20000,0.2788,0.2467,1,1150,0.2052,31,1064,1064,0.5272,100.0,0.2247,0.2819,0.2909,0.2805,0.2792
0.3,400,23,20000,0.2812,0.3134,1,1400,0.2318,26,1076,1076,0.5324,100.0,0.2235,0.2787,0.2912,0.2698,0.2808
0.3,400,24,20000,0.2925,0.29,1,1000,0.261,27,1071,1071,0.5271,100.0,0.2048,0.2733,0.287,0.2845,0.2926
0.3,800,0,20000,0.5038,0.5025,1,1400,0.2057,33,662,662,0.4072,99.2,0.3362,0.5198,0.5453,0.5268,0.5038
0.3,800,1,20000,0.5113,0.4408,1,500,0.2586,34,675,675,0.4094,99.3,0.3728,0.5081,0.5238,0.523,0.5122
0.3,800,2,20000,0.5064,0.5091,1,1350,0.2082,34,670,670,0.4066,99.7,0.3709,0.5283,0.52,0.5083,0.5064
0.3,800,3,20000,0.5166,0.3836,1,2600,0.2671,36,649,649,0.4065,99.7,0.1937,0.5052,0.5047,0.5103,0.5183
0.3,800,4,20000,0.5172,0.4036,1,1500,0.2321,37,672,672,0.4026,99.6,0.3166,0.5095,0.508,0.5235,0.5187
0.3,800,5,20000,0.5122,0.6604,1,3650,0.2173,29,612,612,0.3932,99.0,0.0837,0.4625,0.5145,0.5246,0.5104
0.3,800,6,20000,0.5214,0.5585,1,1600,0.2169,34,659,659,0.4051,99.1,0.3311,0.5043,0.527,0.5203,0.521
0.3,800,7,20000,0.5135,0.5445,1,1650,0.2187,31,665,665,0.405,99.2,0.322,0.5194,0.5266,0.4948,0.5131
0.3,800,8,20000,0.5153,0.5227,1,2450,0.2095,34,655,655,0.4027,99.7,0.2588,0.5134,0.5139,0.5202,0.5153
0.3,800,9,20000,0.5143,0.5131,1,1700,0.2475,32,656,656,0.4077,98.8,0.283,0.5112,0.511,0.5096,0.5143
0.3,800,10,20000,0.5023,0.5714,1,2150,0.2582,33,649,649,0.4058,99.7,0.255,0.511,0.5187,0.5095,0.5014
0.3,800,11,20000,0.5129,0.525,1,3000,0.2147,37,637,637,0.3963,99.7,0.1669,0.5221,0.5152,0.5162,0.5127
0.3,800,12,20000,0.5167,0.5546,1,1500,0.2198,34,665,665,0.4041,99.2,0.354,0.5242,0.4978,0.5295,0.5163
0.3,800,13,20000,0.5086,0.4377,1,1550,0.2123,35,666,666,0.4037,99.5,0.3622,0.5186,0.5296,0.52,0.5095
0.3,800,14,20000,0.5075,0.523,1,1700,0.2201,31,661,661,0.4092,99.8,0.3203,0.5011,0.5254,0.5124,0.5073
0.3,800,15,20000,0.0,0.0,0,-1,0.2241,19,336,336,0.2573,90.5,0.0,0.0,0.0,0.0,0.0
0.3,800,16,20000,0.5108,0.5651,1,1600,0.2007,30,666,666,0.4077,99.7,0.2844,0.5048,0.5172,0.5135,0.5102
0.3,800,17,20000,0.5036,0.6373,1,1850,0.253,31,653,653,0.4041,99.1,0.2647,0.508,0.5185,0.5194,0.5019
0.3,800,18,20000,0.521,0.578,1,1650,0.2531,32,648,648,0.4018,99.4,0.2838,0.5229,0.511,0.5133,0.5203
0.3,800,19,20000,0.5323,0.4405,1,1400,0.2622,32,664,664,0.4068,99.5,0.353,0.5097,0.5062,0.5105,0.5334
0.3,800,20,20000,0.5201,0.5958,1,1600,0.2484,29,650,650,0.4057,99.4,0.2759,0.5116,0.5145,0.5177,0.5191
0.3,800,21,20000,0.5167,0.4957,1,3100,0.2461,35,617,617,0.3914,99.2,0.1372,0.5011,0.5325,0.5283,0.517
0.3,800,22,20000,0.5132,0.5264,1,1450,0.2164,33,663,663,0.4103,99.4,0.2957,0.5164,0.5102,0.5096,0.513
0.3,800,23,20000,0.5207,0.5,1,1350,0.2345,31,665,665,0.41,99.5,0.3418,0.5095,0.5263,0.514,0.521
0.3,800,24,20000,0.5055,0.5512,1,1600,0.2072,32,660,660,0.4032,99.5,0.3053,0.5193,0.5003,0.5248,0.505
0.3,1600,0,20000,0.7011,0.6443,1,2200,0.273,40,330,330,0.2515,87.0,0.296,0.7092,0.6938,0.7045,0.7018
0.3,1600,1,20000,0.7033,0.5874,1,500,0.2279,42,358,358,0.2692,90.2,0.3676,0.6923,0.6838,0.6758,0.7048
0.3,1600,2,20000,0.7015,0.5988,1,600,0.2532,41,355,355,0.2591,89.6,0.3551,0.7127,0.7073,0.6771,0.7028
0.3,1600,3,20000,0.7004,0.6731,1,4900,0.2554,37,298,298,0.2349,78.2,0.0807,0.4153,0.6969,0.7013,0.7007
0.3,1600,4,20000,0.699,0.7352,1,1000,0.2683,35,332,332,0.2557,86.7,0.2536,0.6469,0.6988,0.7011,0.6985
0.3,1600,5,20000,0.0,0.0,0,-1,0.1938,21,179,179,0.1267,31.3,0.0,0.0,0.0,0.0,0.0
0.3,1600,6,20000,0.7039,0.6408,1,2250,0.2574,38,322,322,0.2578,83.9,0.2584,0.6941,0.7041,0.6871,0.7047
0.3,1600,7,20000,0.7041,0.7032,1,1000,0.267,38,328,328,0.249,85.4,0.2412,0.6731,0.6822,0.702,0.7042
0.3,1600,8,20000,0.7069,0.6408,1,3050,0.2547,37,322,322,0.2406,84.5,0.1745,0.664,0.6942,0.7054,0.7078
0.3,1600,9,20000,0.7129,0.7806,1,2850,0.2476,34,311,311,0.2433,82.0,0.1737,0.6179,0.6871,0.6964,0.712
0.3,1600,10,20000,0.7069,0.6772,1,3450,0.2418,40,306,306,0.2475,80.7,0.1444,0.6004,0.6945,0.7052,0.7073
0.3,1600,11,20000,0.7031,0.7263,1,5200,0.2706,36,297,297,0.2352,77.1,0.0688,0.418,0.7101,0.698,0.7028
0.3,1600,12,20000,0.6912,0.7435,1,600,0.2445,35,338,338,0.2583,88.5,0.3273,0.6985,0.6987,0.6865,0.6906
0.3,1600,13,20000,0.7016,0.5388,1,2250,0.2591,42,344,344,0.2535,84.9,0.3177,0.7027,0.6968,0.7143,0.7036
0.3,1600,14,20000,0.7047,0.6881,1,2400,0.2375,38,333,333,0.2504,85.9,0.2441,0.6892,0.694,0.7068,0.7049
0.3,1600,15,20000,0.0,0.0,0,-1,0.3713,27,179,179,0.126,28.5,0.0,0.0,0.0,0.0,0.0
0.3,1600,16,20000,0.6962,0.6063,1,2600,0.2487,41,337,337,0.2515,84.9,0.161,0.6166,0.6949,0.6944,0.6973
0.3,1600,17,20000,0.694,0.7732,1,3700,0.2615,35,308,308,0.241,81.2,0.1433,0.5857,0.7151,0.6964,0.693
0.3,1600,18,20000,0.6866,0.7189,1,3150,0.2675,36,311,311,0.2392,81.7,0.1579,0.6054,0.7068,0.701,0.6862
0.3,1600,19,20000,0.6944,0.7925,1,1000,0.2528,34,333,333,0.2505,86.8,0.3059,0.6838,0.7072,0.7027,0.6932
0.3,1600,20,20000,0.6901,0.6818,1,3400,0.2538,39,314,314,0.2478,81.8,0.137,0.5754,0.7054,0.7132,0.6902
0.3,1600,21,20000,0.696,0.8032,1,5950,0.2763,34,295,295,0.2334,75.9,0.0632,0.2806,0.6911,0.7085,0.6946
0.3,1600,22,20000,0.6911,0.6832,1,2450,0.2652,38,333,333,0.2566,84.4,0.1995,0.6347,0.6857,0.7086,0.6912
0.3,1600,23,20000,0.6981,0.6511,1,900,0.2625,38,336,336,0.2539,85.7,0.3122,0.697,0.7143,0.7037,0.6986
0.3,1600,24,20000,0.7056,0.7652,1,2300,0.256,38,314,314,0.2493,83.1,0.2038,0.6866,0.6972,0.7205,0.7048
0.3,3200,0,20000,0.8239,0.7851,1,1000,0.2387,38,147,147,0.1083,21.8,0.2111,0.561,0.841,0.8313,0.8244
0.3,3200,1,20000,0.8228,0.7772,1,500,0.2083,38,145,145,0.1084,16.6,0.3123,0.6183,0.8592,0.8218,0.8234
0.3,3200,2,20000,0.8285,0.7895,1,600,0.2555,39,157,157,0.1067,20.4,0.2677,0.7181,0.8618,0.824,0.829
0.3,3200,3,20000,0.8291,0.8366,1,8300,0.2378,35,101,101,0.0579,5.9,0.0619,0.1303,0.3783,0.6781,0.829
0.3,3200,4,20000,0.83,0.7862,1,1000,0.2508,38,139,139,0.1028,15.8,0.2042,0.4948,0.7298,0.8331,0.8306
0.3,3200,5,20000,0.0,0.0,0,-1,0.2848,17,82,82,0.0464,1.2,0.0,0.0,0.0,0.0,0.0
0.3,3200,6,20000,0.8409,0.7695,1,1000,0.2388,39,136,136,0.0963,16.2,0.2148,0.4539,0.8486,0.8383,0.8418
0.3,3200,7,20000,0.8266,0.8737,1,1000,0.2651,37,137,137,0.0955,15.3,0.2075,0.4179,0.8105,0.8405,0.826
0.3,3200,8,20000,0.8389,0.9334,1,6200,0.2509,35,114,114,0.0682,7.0,0.1114,0.2536,0.5002,0.839,0.8378
0.3,3200,9,20000,0.8232,0.7871,1,5400,0.2502,38,117,117,0.0719,12.8,0.1577,0.2576,0.6599,0.8561,0.8237
0.3,3200,10,20000,0.8275,0.779,1,6850,0.217,39,123,123,0.0843,18.7,0.1064,0.2328,0.5467,0.8399,0.8281
0.3,3200,11,20000,0.837,0.7911,1,8700,0.2278,38,102,102,0.0559,12.7,0.0502,0.1237,0.3195,0.7556,0.8376
0.3,3200,12,20000,0.8389,0.9768,1,600,0.2112,34,136,136,0.1036,19.1,0.2929,0.6694,0.8382,0.8318,0.8372
0.3,3200,13,20000,0.8414,0.819,1,1000,0.2536,37,147,147,0.1021,20.4,0.2347,0.6336,0.8514,0.8281,0.8417
0.3,3200,14,20000,0.8425,0.8135,1,3800,0.249,38,134,134,0.0904,19.4,0.1634,0.3774,0.7768,0.8312,0.8428
0.3,3200,15,20000,0.0,0.0,0,-1,0.2027,20,90,90,0.0535,1.1,0.0,0.0,0.0,0.0,0.0
0.3,3200,16,20000,0.8216,0.8222,1,4900,0.1854,38,127,127,0.083,16.5,0.1208,0.2728,0.6349,0.8385,0.8216
0.3,3200,17,20000,0.8434,0.7879,1,6000,0.2739,39,133,133,0.0885,14.3,0.1063,0.3056,0.6581,0.8294,0.8441
0.3,3200,18,20000,0.822,0.8611,1,5300,0.2073,36,126,126,0.086,15.9,0.1089,0.3171,0.6809,0.8632,0.8215
0.3,3200,19,20000,0.8231,0.9088,1,1000,0.2585,35,145,145,0.1022,22.1,0.216,0.5808,0.8464,0.824,0.8221
0.3,3200,20,20000,0.8305,0.8201,1,6050,0.2567,37,121,121,0.0747,16.5,0.1109,0.2266,0.6235,0.8395,0.8306
0.3,3200,21,20000,0.8516,0.7806,1,9900,0.0887,39,100,100,0.0588,8.0,0.0502,0.0931,0.2447,0.6422,0.8525
0.3,3200,22,20000,0.8231,0.7585,1,4250,0.2263,40,131,131,0.0889,15.3,0.1507,0.3683,0.7703,0.8465,0.8239
0.3,3200,23,20000,0.8307,0.8441,1,900,0.2242,36,143,143,0.1064,22.4,0.2332,0.5644,0.7984,0.8362,0.8306
0.3,3200,24,20000,0.8364,0.8238,1,4000,0.2848,38,130,130,0.0922,16.9,0.1521,0.3745,0.7931,0.8539,0.8365
0.3,6400,0,20000,0.889,0.9883,1,1000,1.0,27,38,38,0.0149,0.0,0.2343,0.2538,0.42,0.7194,0.8878
0.3,6400,1,20000,0.9236,0.9716,1,500,1.0,34,40,40,0.0178,0.0,0.351,0.3542,0.548,0.854,0.923
0.3,6400,2,20000,0.9072,0.8731,1,600,1.0,33,42,42,0.0159,0.0,0.2974,0.3073,0.5244,0.7726,0.9076
0.3,6400,3,20000,0.2725,0.345,1,15800,1.0,18,40,40,0.0133,0.0,0.0593,0.0849,0.1394,0.2023,0.2716
0.3,6400,4,20000,0.7861,0.7958,1,1000,1.0,29,41,41,0.0169,0.0,0.2277,0.2342,0.4074,0.705,0.786
0.3,6400,5,20000,0.0,0.0,0,-1,0.3258,20,42,42,0.0173,0.0,0.0,0.0,0.0,0.0,0.0
0.3,6400,6,20000,0.8851,0.906,1,1000,1.0,29,40,40,0.0162,0.0,0.2342,0.2551,0.3496,0.6718,0.8849
0.3,6400,7,20000,0.7986,0.8863,1,1000,1.0,19,34,34,0.0119,0.0,0.2388,0.2134,0.3445,0.4485,0.7975
0.3,6400,8,20000,0.4687,0.5496,1,11700,1.0,20,42,42,0.0138,0.0,0.1194,0.1392,0.2087,0.3559,0.4677
0.3,6400,9,20000,0.5991,0.7214,1,9300,1.0,18,33,33,0.0133,0.0,0.1791,0.158,0.2407,0.359,0.5976
0.3,6400,10,20000,0.5159,0.6864,1,12350,0.1363,16,38,38,0.0159,0.0,0.1194,0.1204,0.1962,0.3247,0.5138
0.3,6400,11,20000,0.2021,0.227,0,-1,1.0,20,42,42,0.0152,0.0,0.0597,0.0562,0.1073,0.1594,0.2018
0.3,6400,12,20000,0.9114,0.9801,1,600,1.0,35,41,41,0.0185,0.0,0.3188,0.3977,0.6134,0.9482,0.9105
0.3,6400,13,20000,0.9226,0.8504,1,1000,1.0,31,41,41,0.0166,0.0,0.2264,0.3152,0.4387,0.7926,0.9235
0.3,6400,14,20000,0.8703,0.7864,1,7050,1.0,23,42,42,0.0146,0.0,0.1784,0.2074,0.3648,0.5711,0.8713
0.3,6400,15,20000,0.0,0.0,0,-1,0.2116,23,41,41,0.0164,0.0,0.0,0.0,0.0,0.0,0.0
0.3,6400,16,20000,0.6655,0.8236,1,9900,0.3699,19,42,42,0.0152,0.0,0.1243,0.1564,0.2617,0.4245,0.6636
0.3,6400,17,20000,0.5708,0.6443,1,10600,0.1369,19,39,39,0.0152,0.0,0.1166,0.1338,0.2326,0.3569,0.5698
0.3,6400,18,20000,0.6289,0.7891,1,10650,1.0,19,43,43,0.0158,0.0,0.1174,0.1389,0.2212,0.3751,0.6268
0.3,6400,19,20000,0.923,0.9791,1,1000,1.0,23,37,37,0.0138,0.0,0.2387,0.2734,0.4425,0.694,0.9223
0.3,6400,20,20000,0.4542,0.6062,1,11700,1.0,19,41,41,0.0131,0.0,0.1192,0.1327,0.1857,0.3135,0.4523
0.3,6400,21,20000,0.2138,0.2574,1,19500,1.0,21,42,42,0.0139,0.0,0.0593,0.0495,0.0848,0.1366,0.2133
0.3,6400,22,20000,0.869,0.9793,1,7950,1.0,25,41,41,0.015,0.0,0.1789,0.1666,0.3183,0.5718,0.8676
0.3,6400,23,20000,0.8391,0.8148,1,900,1.0,35,46,46,0.0155,0.0,0.2653,0.2814,0.4715,0.7072,0.8394
0.3,6400,24,20000,0.8345,0.7759,1,7150,1.0,20,40,40,0.0143,0.0,0.1734,0.1918,0.3237,0.5817,0.8353
0.5,200,0,20000,0.0984,0.0643,1,15550,0.3431,27,1837,1837,0.6479,100.0,0.0789,0.1006,0.1042,0.1024,0.0988
0.5,200,1,20000,0.1064,0.0317,0,-1,0.4348,33,1800,1800,0.6468,100.0,0.0992,0.1197,0.1038,0.1054,0.1073
0.5,200,2,20000,0.0913,0.0712,0,-1,0.3777,26,1881,1881,0.6539,100.0,0.0751,0.0821,0.0949,0.086,0.0916
0.5,200,3,20000,0.0933,0.0866,0,-1,0.3595,34,1844,1844,0.6506,100.0,0.0704,0.0982,0.0829,0.0826,0.0934
0.5,200,4,20000,0.1181,0.0992,0,-1,0.3395,31,1831,1831,0.6537,100.0,0.0802,0.1038,0.1085,0.0983,0.1184
0.5,200,5,20000,nan,0.0,0,-1,0.2743,0,130,130,0.6369,100.0,0.0,,,,
0.5,200,6,20000,0.1066,0.0753,0,-1,0.33,22,1836,1836,0.6522,100.0,0.0951,0.1061,0.0896,0.103,0.107
0.5,200,7,20000,0.1154,0.0528,1,600,0.3914,25,1798,1798,0.6506,100.0,0.0938,0.1094,0.0887,0.0859,0.1161
0.5,200,8,20000,0.1087,0.1223,1,1200,0.4338,17,1843,1843,0.6487,100.0,0.087,0.0956,0.0975,0.0989,0.1085
0.5,200,9,20000,0.111,0.238,1,19900,0.46,13,1810,1810,0.6525,100.0,0.0834,0.0855,0.0971,0.0974,0.1095
0.5,200,10,20000,0.1074,0.0835,1,3400,0.4733,24,1806,1806,0.6453,100.0,0.0874,0.098,0.1009,0.0857,0.1077
0.5,200,11,20000,0.0975,0.1002,0,-1,0.3679,13,1838,1838,0.6431,100.0,0.072,0.0947,0.1062,0.0929,0.0974
0.5,200,12,20000,0.1049,0.0955,1,5750,0.3633,13,1811,1811,0.652,100.0,0.0908,0.1146,0.1038,0.1113,0.105
0.5,200,13,20000,0.0931,0.0759,0,-1,0.3862,32,1810,1810,0.6519,100.0,0.0855,0.1086,0.095,0.0984,0.0933
0.5,200,14,20000,nan,0.0,0,-1,1.0,0,352,352,0.6331,100.0,0.0015,0.0,,,
0.5,200,15,20000,nan,0.0,0,-1,1.0,0,189,189,0.6156,100.0,0.0,,,,
0.5,200,16,20000,0.1013,0.0661,0,-1,0.4005,38,1841,1841,0.6526,100.0,0.0895,0.1086,0.0862,0.0975,0.1018
0.5,200,17,20000,nan,0.0,0,-1,1.0,0,500,500,0.6177,100.0,0.0009,0.0,,,
0.5,200,18,20000,0.0903,0.0959,0,-1,0.4372,47,1809,1809,0.6453,100.0,0.0688,0.1025,0.0905,0.0964,0.0902
0.5,200,19,20000,0.1034,0.0956,0,-1,0.36,29,1846,1846,0.6525,100.0,0.0801,0.1063,0.0937,0.0947,0.1035
0.5,200,20,20000,0.1071,0.0835,0,-1,0.2646,32,1828,1828,0.6466,100.0,0.0781,0.0945,0.102,0.0968,0.1074
0.5,200,21,20000,0.1076,0.0746,0,-1,0.4505,28,1843,1843,0.6482,100.0,0.0669,0.101,0.0978,0.1023,0.108
0.5,200,22,20000,0.094,0.0617,0,-1,0.4746,31,1818,1818,0.653,100.0,0.0718,0.1093,0.1016,0.0908,0.0944
0.5,200,23,20000,0.1035,0.0602,1,5150,0.5481,33,1852,1852,0.6526,100.0,0.0819,0.0999,0.0868,0.0978,0.104
0.5,200,24,20000,0.1028,0.0933,1,2200,0.4553,21,1835,1835,0.6524,100.0,0.0723,0.1062,0.0905,0.1075,0.1029
0.5,400,0,20000,0.2987,0.2551,1,1250,0.4146,30,1144,1144,0.5512,100.0,0.2322,0.2924,0.2954,0.3004,0.2993
0.5,400,1,20000,0.3083,0.2948,1,1150,0.42,33,1128,1128,0.5519,100.0,0.2247,0.3098,0.3112,0.3022,0.3085
0.5,400,2,20000,0.2968,0.3131,1,850,0.3517,32,1123,1123,0.5387,100.0,0.2512,0.3047,0.3,0.303,0.2966
0.5,400,3,20000,0.3026,0.298,1,1500,0.3922,28,1100,1100,0.5402,100.0,0.2088,0.3158,0.3145,0.3112,0.3026
0.5,400,4,20000,0.3043,0.3033,1,900,0.4336,30,1130,1130,0.547,100.0,0.2266,0.3051,0.2883,0.2901,0.3043
0.5,400,5,20000,0.0,0.0,0,-1,0.4336,24,739,739,0.472,99.7,0.0001,0.0,0.0,0.0,0.0
0.5,400,6,20000,0.2839,0.3445,1,1550,0.3174,26,1126,1126,0.553,100.0,0.225,0.3211,0.3114,0.2939,0.2832
0.5,400,7,20000,0.3187,0.2623,1,1300,0.3496,29,1106,1106,0.5438,100.0,0.2349,0.2967,0.3051,0.2919,0.3194
0.5,400,8,20000,0.306,0.1971,1,1500,0.3815,30,1110,1110,0.5375,100.0,0.2017,0.2937,0.3218,0.2911,0.3073
0.5,400,9,20000,0.286,0.2789,1,1900,0.3841,30,1139,1139,0.5499,100.0,0.2133,0.286,0.2864,0.2981,0.2861
0.5,400,10,20000,0.3152,0.3163,1,1650,0.38,34,1107,1107,0.5373,100.0,0.2179,0.312,0.3,0.2968,0.3152
0.5,400,11,20000,0.2932,0.1999,1,1800,0.3633,30,1127,1127,0.5363,100.0,0.1616,0.2945,0.3057,0.316,0.2944
0.5,400,12,20000,0.3142,0.2133,1,1050,0.3191,32,1120,1120,0.5493,100.0,0.2367,0.3049,0.2964,0.2982,0.3155
0.5,400,13,20000,0.3103,0.3042,1,1200,0.4445,29,1128,1128,0.5418,100.0,0.239,0.2903,0.2962,0.3036,0.3103
0.5,400,14,20000,0.3049,0.2898,1,1650,0.4294,31,1126,1126,0.5442,100.0,0.208,0.2969,0.3111,0.3262,0.3051
0.5,400,15,20000,0.0,0.0,0,-1,0.503,12,748,748,0.4669,99.5,0.0,0.0,0.0,0.0,0.0
0.5,400,16,20000,0.3001,0.2619,1,1850,0.3437,33,1131,1131,0.5443,100.0,0.1857,0.2975,0.3079,0.327,0.3006
0.5,400,17,20000,0.2936,0.363,1,1750,0.3743,27,1116,1116,0.5427,100.0,0.2165,0.3052,0.3047,0.3004,0.2927
0.5,400,18,20000,0.3048,0.2642,1,1650,0.3666,29,1115,1115,0.5425,100.0,0.2049,0.3145,0.2989,0.317,0.3053
0.5,400,19,20000,0.2856,0.2841,1,1250,0.3151,28,1147,1147,0.5536,100.0,0.241,0.2933,0.31,0.2919,0.2856
0.5,400,20,20000,0.3131,0.312,1,1650,0.3775,28,1142,1142,0.5555,100.0,0.2013,0.3142,0.2854,0.3028,0.3131
0.5,400,21,20000,0.3093,0.4307,1,1950,0.4001,18,1119,1119,0.5483,100.0,0.1747,0.284,0.3007,0.2911,0.3078
0.5,400,22,20000,0.2994,0.233,1,1600,0.3236,30,1115,1115,0.5421,100.0,0.2161,0.2979,0.289,0.3052,0.3002
0.5,400,23,20000,0.3065,0.3303,1,1150,0.4324,31,1132,1132,0.5503,100.0,0.2399,0.2981,0.2882,0.2933,0.3062
0.5,400,24,20000,0.2844,0.2617,1,1950,0.3472,25,1145,1145,0.5439,100.0,0.1958,0.2909,0.2999,0.2775,0.2847
0.5,800,0,20000,0.5339,0.6095,1,1450,0.29,26,692,692,0.4151,99.0,0.3417,0.5386,0.5289,0.5222,0.533
0.5,800,1,20000,0.5328,0.5553,1,1350,0.4068,31,677,677,0.4125,98.7,0.3915,0.5309,0.5336,0.5399,0.5325
0.5,800,2,20000,0.5345,0.4474,1,1400,0.3739,37,699,699,0.4268,99.3,0.3642,0.5271,0.5503,0.5075,0.5356
0.5,800,3,20000,0.5262,0.5328,1,2250,0.3263,34,680,680,0.4234,99.3,0.1979,0.5052,0.522,0.5276,0.5262
0.5,800,4,20000,0.5397,0.5325,1,1400,0.3081,37,688,688,0.4102,99.1,0.3502,0.5274,0.5416,0.5322,0.5398
0.5,800,5,20000,0.5305,0.6607,1,5950,0.3775,33,610,610,0.41,97.5,0.0076,0.2597,0.5464,0.5086,0.5289
0.5,800,6,20000,0.5344,0.5295,1,1400,0.3336,32,692,692,0.4265,98.6,0.3305,0.5108,0.5117,0.523,0.5344
0.5,800,7,20000,0.5219,0.4704,1,1650,0.303,33,688,688,0.4192,99.0,0.3076,0.5206,0.5484,0.5435,0.5225
0.5,800,8,20000,0.536,0.5192,1,1450,0.2922,36,670,670,0.4169,99.4,0.2685,0.5287,0.529,0.5447,0.5362
0.5,800,9,20000,0.5224,0.4709,1,1950,0.2719,34,654,654,0.4157,98.2,0.2967,0.5262,0.5358,0.5368,0.5231
0.5,800,10,20000,0.519,0.6623,1,1850,0.2802,30,664,664,0.4161,98.8,0.2616,0.5198,0.5418,0.5183,0.5172
0.5,800,11,20000,0.5422,0.4638,1,2200,0.3172,36,673,673,0.42,98.8,0.1971,0.5174,0.5309,0.534,0.5432
0.5,800,12,20000,0.5166,0.4312,1,1250,0.3312,38,705,705,0.418,99.0,0.3915,0.5246,0.497,0.5304,0.5176
0.5,800,13,20000,0.5482,0.5563,1,1400,0.4572,27,679,679,0.4136,98.8,0.3623,0.5276,0.5325,0.5424,0.5481
0.5,800,14,20000,0.5324,0.4581,1,1450,0.3605,40,685,685,0.4177,99.4,0.3337,0.517,0.5367,0.5567,0.5333
0.5,800,15,20000,0.0,0.0,0,-1,0.5177,9,378,378,0.3116,90.2,0.0,0.0,0.0,0.0,0.0
0.5,800,16,20000,0.5245,0.6074,1,1600,0.3635,30,671,671,0.4121,99.3,0.2497,0.5451,0.5136,0.5379,0.5235
0.5,800,17,20000,0.5403,0.5792,1,1450,0.3747,32,687,687,0.4216,99.3,0.3048,0.5186,0.5235,0.5174,0.5398
0.5,800,18,20000,0.5177,0.566,1,1400,0.3601,29,692,692,0.4252,99.0,0.2962,0.524,0.5341,0.5081,0.5171
0.5,800,19,20000,0.5498,0.4937,1,1300,0.3822,38,677,677,0.4184,99.4,0.367,0.5387,0.5392,0.5145,0.5505
0.5,800,20,20000,0.5207,0.5048,1,1750,0.3346,36,677,677,0.4207,98.4,0.2604,0.541,0.5213,0.5075,0.5209
0.5,800,21,20000,0.5297,0.5419,1,2400,0.3069,36,647,647,0.4063,98.1,0.1474,0.5347,0.53,0.5317,0.5296
0.5,800,22,20000,0.5591,0.5374,1,1550,0.3192,34,659,659,0.4068,98.9,0.3388,0.5262,0.5346,0.5323,0.5594
0.5,800,23,20000,0.5569,0.6247,1,1550,0.3717,29,687,687,0.4158,99.7,0.3518,0.5249,0.5265,0.5145,0.5561
0.5,800,24,20000,0.5409,0.5626,1,1650,0.327,36,680,680,0.4212,99.3,0.3087,0.5121,0.5286,0.5387,0.5407
0.5,1600,0,20000,0.7199,0.7733,1,2250,0.3982,36,347,347,0.2668,79.8,0.2863,0.6906,0.7151,0.7041,0.7193
0.5,1600,1,20000,0.7156,0.6526,1,500,0.4117,36,348,348,0.2706,80.2,0.3732,0.6901,0.6964,0.7051,0.7163
0.5,1600,2,20000,0.688,0.6165,1,600,0.4223,41,341,341,0.2694,77.7,0.4049,0.7083,0.7225,0.7275,0.6889
0.5,1600,3,20000,0.6968,0.6291,1,4050,0.3837,38,329,329,0.257,79.3,0.1,0.5646,0.6885,0.7081,0.6976
0.5,1600,4,20000,0.7038,0.6646,1,2300,0.3492,38,336,336,0.2581,81.8,0.2891,0.669,0.7175,0.7265,0.7042
0.5,1600,5,20000,0.7091,0.77,1,8100,0.3256,37,277,277,0.2383,71.8,0.0014,0.1007,0.5479,0.7055,0.7084
0.5,1600,6,20000,0.6928,0.6852,1,2200,0.3866,37,352,352,0.2702,83.8,0.2455,0.6793,0.708,0.6914,0.6929
0.5,1600,7,20000,0.6889,0.7541,1,2750,0.3669,35,329,329,0.2608,79.6,0.2216,0.6157,0.7307,0.7139,0.6881
0.5,1600,8,20000,0.7238,0.7284,1,2800,0.3641,38,326,326,0.2588,79.8,0.2021,0.6966,0.7057,0.7161,0.7238
0.5,1600,9,20000,0.7104,0.7545,1,3100,0.3536,36,335,335,0.2618,82.7,0.1497,0.6241,0.6755,0.7081,0.7098
0.5,1600,10,20000,0.6914,0.7527,1,3350,0.3434,32,327,327,0.2597,76.5,0.1414,0.4849,0.7181,0.6928,0.6906
0.5,1600,11,20000,0.7193,0.7452,1,4700,0.3425,35,321,321,0.2493,77.6,0.0816,0.4871,0.7101,0.699,0.719
0.5,1600,12,20000,0.6958,0.5861,1,600,0.4112,38,351,351,0.2779,82.6,0.3796,0.7043,0.7087,0.7048,0.6971
0.5,1600,13,20000,0.7328,0.6452,1,1850,0.4087,40,344,344,0.2701,81.4,0.3381,0.6969,0.6939,0.7259,0.7339
0.5,1600,14,20000,0.7161,0.7388,1,2050,0.3524,36,345,345,0.2691,82.3,0.2786,0.7002,0.6777,0.7078,0.7159
0.5,1600,15,20000,0.6984,0.8204,1,9200,0.2677,35,269,269,0.223,70.6,0.0,0.0037,0.3272,0.6984,0.6969
0.5,1600,16,20000,0.7195,0.6894,1,2200,0.3779,40,330,330,0.2558,80.6,0.2035,0.6609,0.7167,0.6892,0.7199
0.5,1600,17,20000,0.7118,0.774,1,3400,0.3708,36,315,315,0.2409,80.3,0.1647,0.6846,0.6996,0.7094,0.7111
0.5,1600,18,20000,0.7133,0.689,1,2450,0.3684,36,328,328,0.2491,79.9,0.1998,0.7005,0.7135,0.7352,0.7136
0.5,1600,19,20000,0.7203,0.6791,1,2200,0.3758,38,344,344,0.2683,79.7,0.3533,0.7063,0.7016,0.696,0.7208
0.5,1600,20,20000,0.6829,0.6873,1,3200,0.4255,32,333,333,0.2734,79.6,0.1336,0.5134,0.6863,0.7188,0.6828
0.5,1600,21,20000,0.7136,0.7797,1,5300,0.3759,35,292,292,0.2427,73.6,0.053,0.2765,0.7044,0.7039,0.7128
0.5,1600,22,20000,0.6889,0.5957,1,2450,0.3817,39,327,327,0.2552,78.3,0.199,0.6512,0.6968,0.72,0.69
0.5,1600,23,20000,0.7083,0.764,1,1150,0.3804,35,339,339,0.2595,80.5,0.311,0.691,0.7104,0.7098,0.7076
0.5,1600,24,20000,0.7039,0.7185,1,2150,0.3644,37,335,335,0.2472,78.2,0.237,0.6818,0.7092,0.715,0.7037
0.5,3200,0,20000,0.8293,0.8532,1,1800,0.2807,36,145,145,0.1155,29.7,0.2116,0.4953,0.8433,0.8321,0.829
0.5,3200,1,20000,0.8446,0.7326,1,500,0.3869,39,146,146,0.1137,32.9,0.3082,0.6107,0.8403,0.8311,0.846
0.5,3200,2,20000,0.8288,0.6605,1,600,0.3882,41,169,169,0.1227,33.7,0.262,0.6854,0.8235,0.8239,0.8309
0.5,3200,3,20000,0.8142,0.7951,1,5000,0.313,37,144,144,0.1095,30.6,0.0732,0.3543,0.7899,0.8424,0.8145
0.5,3200,4,20000,0.8163,0.8816,1,1000,0.3568,35,162,162,0.1159,35.8,0.2188,0.6063,0.815,0.8423,0.8155
0.5,3200,5,20000,0.0,0.0,0,-1,0.4076,18,88,88,0.0571,6.8,0.0,0.0,0.0,0.0,0.0
0.5,3200,6,20000,0.859,0.7946,1,3350,0.3508,38,127,127,0.0939,23.6,0.2156,0.4236,0.8135,0.8616,0.8598
0.5,3200,7,20000,0.8418,0.801,1,1000,0.3178,38,113,113,0.0958,20.4,0.2016,0.3159,0.6685,0.8519,0.8423
0.5,3200,8,20000,0.8402,0.8344,1,3600,0.3868,36,121,121,0.086,22.3,0.1262,0.3115,0.6023,0.8125,0.8402
0.5,3200,9,20000,0.8293,0.7653,1,5700,0.3074,38,141,141,0.1169,36.2,0.1506,0.2488,0.6224,0.8405,0.8301
0.5,3200,10,20000,0.8602,0.8653,1,5850,0.3856,35,129,129,0.089,23.3,0.1059,0.2356,0.7339,0.8417,0.8601
0.5,3200,11,20000,0.8407,0.8934,1,10950,0.2308,35,99,99,0.0631,12.1,0.0473,0.0976,0.2169,0.5659,0.8401
0.5,3200,12,20000,0.8329,0.8655,1,600,0.3222,36,150,150,0.1132,26.7,0.3108,0.7156,0.8383,0.8296,0.8325
0.5,3200,13,20000,0.8454,0.8808,1,1300,0.34,34,148,148,0.1107,32.4,0.2384,0.5853,0.8424,0.8243,0.8449
0.5,3200,14,20000,0.8466,0.8422,1,3700,0.3486,37,155,155,0.1238,32.9,0.1648,0.5768,0.8337,0.8172,0.8467
0.5,3200,15,20000,0.0,0.0,0,-1,0.4378,26,90,90,0.0595,13.3,0.0,0.0,0.0,0.0,0.0
0.5,3200,16,20000,0.8182,0.7291,1,3650,0.2959,41,154,154,0.1104,29.9,0.1324,0.4348,0.7828,0.8512,0.8193
0.5,3200,17,20000,0.8415,0.869,1,6000,0.3828,36,108,108,0.0732,17.6,0.1076,0.2698,0.4236,0.7901,0.8412
0.5,3200,18,20000,0.8255,0.7769,1,6500,0.4169,37,123,123,0.0935,27.6,0.1127,0.2839,0.5743,0.8003,0.8261
0.5,3200,19,20000,0.8344,0.8595,1,1000,0.3515,35,156,156,0.1093,28.8,0.2211,0.5404,0.8275,0.8226,0.834
0.5,3200,20,20000,0.8313,0.8047,1,5800,0.3431,38,132,132,0.1096,31.1,0.1113,0.2858,0.7179,0.8308,0.8317
0.5,3200,21,20000,0.8659,0.8079,1,9700,0.3848,38,102,102,0.0801,18.6,0.0475,0.0762,0.2332,0.7064,0.8666
0.5,3200,22,20000,0.8336,0.9268,1,4300,0.3534,35,127,127,0.0958,26.0,0.1448,0.3087,0.5853,0.8462,0.8324
0.5,3200,23,20000,0.8345,0.8452,1,900,0.3847,36,140,140,0.094,27.9,0.2353,0.5588,0.7991,0.8505,0.8343
0.5,3200,24,20000,0.8324,0.7537,1,4000,0.3519,39,159,159,0.1277,35.8,0.1417,0.5159,0.8411,0.8274,0.8334
0.5,6400,0,20000,0.9055,0.9919,1,1000,0.2708,35,46,46,0.0192,0.0,0.2294,0.26,0.5028,0.8469,0.9044
0.5,6400,1,20000,0.9196,0.9501,1,500,0.3394,35,49,49,0.0264,0.0,0.3436,0.3564,0.5932,0.8844,0.9192
0.5,6400,2,20000,0.9233,0.8968,1,600,0.357,36,58,58,0.0367,6.9,0.2782,0.3384,0.607,0.8367,0.9237
0.5,6400,3,20000,0.6672,0.7253,1,8900,0.2729,21,45,45,0.0239,0.0,0.058,0.1258,0.2371,0.3589,0.6665
0.5,6400,4,20000,0.8356,0.8648,1,1000,0.742,35,55,55,0.0309,5.5,0.2214,0.273,0.5161,0.8085,0.8352
0.5,6400,5,20000,0.0,0.0,0,-1,0.2118,20,45,45,0.0262,2.2,0.0,0.0,0.0,0.0,0.0
0.5,6400,6,20000,0.9264,0.8817,1,1000,0.3611,33,46,46,0.0253,0.0,0.2607,0.3176,0.4577,0.7248,0.927
0.5,6400,7,20000,0.8369,0.9549,1,1000,0.2091,20,40,40,0.017,2.5,0.2362,0.2058,0.3138,0.6994,0.8354
0.5,6400,8,20000,0.8404,0.9088,1,7850,0.3554,21,42,42,0.017,0.0,0.1161,0.1782,0.4187,0.5382,0.8395
0.5,6400,9,20000,0.5296,0.8149,1,10900,1.0,17,42,42,0.0192,0.0,0.1734,0.1508,0.183,0.3756,0.5261
0.5,6400,10,20000,0.661,0.7673,1,9900,1.0,23,46,46,0.0199,2.2,0.1183,0.1224,0.2152,0.3937,0.6597
0.5,6400,11,20000,0.2707,0.3128,1,16250,0.5221,21,43,43,0.0207,2.3,0.058,0.0523,0.1056,0.1623,0.2702
0.5,6400,12,20000,0.9033,0.8994,1,600,0.2557,37,54,54,0.0319,5.6,0.3107,0.4312,0.6388,0.8799,0.9034
0.5,6400,13,20000,0.8886,0.9129,1,1000,0.3388,37,52,52,0.025,1.9,0.2421,0.306,0.4825,0.8449,0.8882
0.5,6400,14,20000,0.815,0.8244,1,6900,0.0979,24,44,44,0.0178,0.0,0.1721,0.2244,0.327,0.4971,0.8149
0.5,6400,15,20000,0.0,0.0,0,-1,0.4426,19,47,47,0.0258,2.1,0.0,0.0,0.0,0.0,0.0
0.5,6400,16,20000,0.5311,0.6937,1,7650,1.0,20,42,42,0.0207,2.4,0.1214,0.1705,0.2668,0.3987,0.529
0.5,6400,17,20000,0.4538,0.5216,1,11300,0.4213,19,38,38,0.0161,0.0,0.1089,0.1486,0.2202,0.3476,0.4529
0.5,6400,18,20000,0.8246,0.9139,1,7400,0.3891,22,43,43,0.0185,0.0,0.1113,0.1578,0.339,0.5017,0.8234
0.5,6400,19,20000,0.9244,0.9423,1,1000,0.317,35,50,50,0.0209,2.0,0.2347,0.2893,0.6203,0.8689,0.9242
0.5,6400,20,20000,0.5604,0.6711,1,11500,0.1491,21,48,48,0.0214,0.0,0.1135,0.1665,0.2081,0.3572,0.559
0.5,6400,21,20000,0.2348,0.294,1,18100,1.0,17,43,43,0.0215,7.0,0.0556,0.048,0.0681,0.0987,0.234
0.5,6400,22,20000,0.7906,0.9223,1,7950,0.2149,21,45,45,0.0251,0.0,0.1707,0.1626,0.3128,0.5181,0.7889
0.5,6400,23,20000,0.9049,0.9834,1,900,1.0,31,40,40,0.0167,0.0,0.262,0.3191,0.6517,0.821,0.9039
0.5,6400,24,20000,0.889,0.7873,1,6900,0.2583,24,41,41,0.0191,0.0,0.1674,0.1947,0.414,0.6511,0.8902
0.8,200,0,20000,0.1072,0.0813,1,7850,0.5195,23,2204,2204,0.7077,100.0,0.099,0.1263,0.1143,0.1139,0.1075
0.8,200,1,20000,0.1161,0.104,1,6750,0.6258,47,2231,2231,0.7062,100.0,0.0871,0.1259,0.1278,0.1286,0.1163
0.8,200,2,20000,0.1298,0.1986,1,14650,0.6112,21,2208,2208,0.703,100.0,0.0971,0.1203,0.1099,0.1257,0.129
0.8,200,3,20000,0.1238,0.0484,1,3650,0.8161,16,2198,2198,0.7091,100.0,0.1,0.1129,0.1232,0.1211,0.1247
0.8,200,4,20000,0.1038,0.1136,1,5400,0.4099,19,2218,2218,0.7093,100.0,0.0797,0.1522,0.1199,0.0996,0.1037
0.8,200,5,20000,nan,0.0,0,-1,1.0,0,120,120,0.7071,100.0,0.0,,,,
0.8,200,6,20000,0.126,0.144,1,2950,0.8297,23,2229,2229,0.7093,100.0,0.0989,0.1028,0.1423,0.1198,0.1258
0.8,200,7,20000,0.0938,0.0924,1,4650,0.3271,16,2265,2265,0.7055,100.0,0.1029,0.1205,0.1379,0.1482,0.0939
0.8,200,8,20000,0.1213,0.1104,1,6800,0.6463,18,2239,2239,0.7046,100.0,0.0743,0.1354,0.1392,0.1207,0.1214
0.8,200,9,20000,0.1098,0.1471,1,5700,0.5034,20,2220,2220,0.7002,100.0,0.1065,0.1324,0.1111,0.1246,0.1094
0.8,200,10,20000,0.1052,0.1475,1,4750,0.7322,28,2207,2207,0.6997,100.0,0.1079,0.1301,0.12,0.1144,0.1047
0.8,200,11,20000,0.1037,0.0746,1,1200,0.5573,32,2213,2213,0.7026,100.0,0.1037,0.1302,0.1156,0.1113,0.1041
0.8,200,12,20000,0.1188,0.1193,1,900,0.5514,46,2174,2174,0.7086,100.0,0.1214,0.1133,0.1062,0.1181,0.1188
0.8,200,13,20000,0.1148,0.1089,1,1850,0.4488,22,2211,2211,0.7044,100.0,0.1115,0.1389,0.137,0.113,0.1149
0.8,200,14,20000,0.1358,0.0971,1,7150,0.5067,30,2242,2242,0.7107,100.0,0.0824,0.1237,0.1363,0.1077,0.1362
0.8,200,15,20000,0.1228,0.0665,1,3150,0.5279,22,2147,2147,0.7011,100.0,0.0954,0.1214,0.1287,0.1084,0.1235
0.8,200,16,20000,0.1048,0.2025,1,3250,0.5513,27,2232,2232,0.7047,100.0,0.0858,0.1296,0.1361,0.1237,0.1036
0.8,200,17,20000,nan,0.0,0,-1,1.0,0,897,897,0.6842,100.0,0.0003,0.0,0.0,,
0.8,200,18,20000,0.1368,0.0895,1,5000,0.8432,28,2190,2190,0.7055,100.0,0.0854,0.1229,0.129,0.1255,0.1374
0.8,200,19,20000,0.1021,0.1113,1,1600,0.5288,21,2275,2275,0.7082,100.0,0.0901,0.1257,0.1011,0.1251,0.102
0.8,200,20,20000,0.1168,0.1089,1,3000,0.6046,30,2212,2212,0.7071,100.0,0.094,0.1421,0.1535,0.1335,0.1169
0.8,200,21,20000,0.1227,0.0884,1,2750,1.0288,15,2240,2240,0.7074,100.0,0.0886,0.1204,0.1379,0.1094,0.1232
0.8,200,22,20000,0.1319,0.1791,1,5150,0.6702,30,2176,2176,0.7036,100.0,0.0942,0.1431,0.1419,0.1138,0.1313
0.8,200,23,20000,0.1275,0.1298,1,9450,0.7626,21,2270,2270,0.7135,100.0,0.0967,0.1251,0.1382,0.1264,0.1274
0.8,200,24,20000,0.0,0.0,0,-1,0.4785,12,1798,1798,0.6768,100.0,0.0003,0.0,0.0,0.0,0.0
0.8,400,0,20000,0.3084,0.4625,1,1250,0.4606,20,1316,1316,0.6153,99.8,0.2513,0.3079,0.3408,0.3195,0.3065
0.8,400,1,20000,0.3249,0.3617,1,750,0.6239,29,1286,1286,0.6239,99.8,0.2806,0.3356,0.3396,0.343,0.3244
0.8,400,2,20000,0.3364,0.3482,1,800,0.5869,34,1252,1252,0.6044,99.8,0.278,0.3156,0.3208,0.3541,0.3363
0.8,400,3,20000,0.3243,0.2904,1,1850,0.3575,27,1255,1255,0.6184,99.8,0.241,0.3774,0.3031,0.3449,0.3248
0.8,400,4,20000,0.3452,0.2853,1,850,0.5661,32,1279,1279,0.6063,99.8,0.2729,0.3387,0.3241,0.3262,0.3459
0.8,400,5,20000,0.3604,0.3401,1,4300,0.613,25,1207,1207,0.6079,99.6,0.0199,0.3551,0.338,0.3595,0.3607
0.8,400,6,20000,0.298,0.3035,1,700,0.5353,22,1288,1288,0.6094,99.8,0.2765,0.356,0.3203,0.3597,0.2979
0.8,400,7,20000,0.3348,0.2241,1,1450,0.5363,37,1259,1259,0.6192,99.9,0.2466,0.3519,0.334,0.3705,0.3362
0.8,400,8,20000,0.3591,0.3696,1,1550,0.4939,32,1268,1268,0.6079,99.7,0.2218,0.3223,0.3097,0.3361,0.359
0.8,400,9,20000,0.3817,0.2849,1,1350,0.669,35,1279,1279,0.6095,99.8,0.2388,0.3287,0.3181,0.3109,0.3829
0.8,400,10,20000,0.317,0.2994,1,1500,0.5976,26,1270,1270,0.6052,99.8,0.283,0.3278,0.3342,0.3362,0.3172
0.8,400,11,20000,0.3401,0.2997,1,1300,0.6,31,1303,1303,0.6145,99.8,0.2418,0.3338,0.3038,0.3296,0.3406
0.8,400,12,20000,0.332,0.3991,1,700,0.4952,20,1308,1308,0.6176,99.8,0.245,0.327,0.3258,0.3233,0.3311
0.8,400,13,20000,0.3305,0.226,1,650,0.7161,30,1263,1263,0.6009,99.8,0.2841,0.3704,0.3181,0.3439,0.3318
0.8,400,14,20000,0.3433,0.2712,1,1500,0.4893,28,1251,1251,0.6054,99.8,0.264,0.3101,0.3376,0.3663,0.3442
0.8,400,15,20000,0.0,0.0,0,-1,1.0,15,849,849,0.5665,97.8,0.0,0.0,0.0,0.0,0.0
0.8,400,16,20000,0.3202,0.2339,1,1950,0.499,34,1288,1288,0.6099,99.6,0.2097,0.3368,0.2837,0.305,0.3212
0.8,400,17,20000,0.3533,0.4957,1,1750,0.5069,23,1244,1244,0.6041,99.8,0.2347,0.357,0.3491,0.3384,0.3515
0.8,400,18,20000,0.3857,0.4268,1,950,0.5076,29,1230,1230,0.5913,99.9,0.2451,0.3219,0.3148,0.3376,0.3852
0.8,400,19,20000,0.3234,0.3957,1,900,0.691,29,1261,1261,0.6109,100.0,0.2822,0.3749,0.3248,0.3427,0.3225
0.8,400,20,20000,0.3188,0.2131,1,1950,0.5169,28,1235,1235,0.6005,99.6,0.2759,0.3707,0.3255,0.3098,0.3202
0.8,400,21,20000,0.3405,0.3163,1,1650,0.5965,32,1256,1256,0.6109,99.8,0.2038,0.3254,0.3466,0.3173,0.3408
0.8,400,22,20000,0.3519,0.4549,1,1150,0.5007,27,1273,1273,0.6065,99.8,0.2593,0.3527,0.3059,0.3356,0.3506
0.8,400,23,20000,0.3531,0.3746,1,850,0.5129,24,1278,1278,0.6191,99.7,0.2614,0.3029,0.3127,0.3171,0.3528
0.8,400,24,20000,0.3591,0.445,1,1350,0.5463,18,1271,1271,0.6105,99.8,0.2087,0.3393,0.3241,0.3378,0.358
0.8,800,0,20000,0.5814,0.591,1,1250,0.4973,36,710,710,0.4689,96.3,0.4031,0.5582,0.5665,0.5704,0.5813
0.8,800,1,20000,0.5569,0.5567,1,1350,0.5759,34,709,709,0.4623,95.2,0.4028,0.5753,0.5618,0.5835,0.5569
0.8,800,2,20000,0.5549,0.6909,1,1150,0.6631,30,740,740,0.4711,97.0,0.3895,0.5736,0.5594,0.5523,0.5532
0.8,800,3,20000,0.5528,0.5971,1,1800,0.5239,32,735,735,0.4657,96.9,0.298,0.5431,0.5782,0.5587,0.5522
0.8,800,4,20000,0.5596,0.6042,1,1100,0.4982,29,740,740,0.4677,96.1,0.335,0.5432,0.5438,0.5784,0.559
0.8,800,5,20000,0.0,0.0,0,-1,0.7205,28,445,445,0.3928,87.2,0.0,0.0,0.0,0.0,0.0
0.8,800,6,20000,0.5781,0.7111,1,1200,0.4636,31,700,700,0.4629,96.0,0.3815,0.6033,0.5308,0.5883,0.5764
0.8,800,7,20000,0.5698,0.619,1,1700,0.5841,33,712,712,0.4692,96.1,0.3521,0.5721,0.5772,0.5217,0.5692
0.8,800,8,20000,0.5493,0.6727,1,1350,0.4773,31,730,730,0.4747,96.2,0.3408,0.5913,0.5571,0.5617,0.5478
0.8,800,9,20000,0.5897,0.4496,1,2400,0.4451,40,656,656,0.4447,94.7,0.2555,0.5954,0.6113,0.5677,0.5914
0.8,800,10,20000,0.5717,0.5761,1,1950,0.4874,28,742,742,0.4795,97.3,0.2739,0.5309,0.5492,0.5515,0.5716
0.8,800,11,20000,0.5649,0.5452,1,2500,0.5623,29,721,721,0.466,96.4,0.2092,0.5872,0.5616,0.5502,0.5651
0.8,800,12,20000,0.5601,0.4332,1,1000,0.5028,28,731,731,0.464,96.4,0.4091,0.5541,0.5795,0.5634,0.5617
0.8,800,13,20000,0.5613,0.5743,1,850,0.3824,33,746,746,0.4832,96.8,0.4213,0.5638,0.5569,0.5557,0.5611
0.8,800,14,20000,0.5497,0.5031,1,1200,0.5408,35,751,751,0.4763,97.1,0.3358,0.5309,0.5682,0.5737,0.5503
0.8,800,15,20000,0.0,0.0,0,-1,0.7716,30,434,434,0.4133,89.2,0.0,0.0,0.0,0.0,0.0
0.8,800,16,20000,0.5364,0.6072,1,2650,0.6048,28,698,698,0.4719,95.8,0.191,0.5451,0.6015,0.563,0.5355
0.8,800,17,20000,0.5927,0.6613,1,1450,0.6001,31,694,694,0.4555,95.2,0.3058,0.5757,0.5727,0.5658,0.5918
0.8,800,18,20000,0.5537,0.5294,1,1350,0.4683,35,746,746,0.4773,96.4,0.3403,0.5649,0.576,0.59,0.554
0.8,800,19,20000,0.5272,0.4066,1,1350,0.5254,36,750,750,0.4724,97.1,0.3662,0.5662,0.5807,0.5452,0.5287
0.8,800,20,20000,0.5321,0.5054,1,1750,0.6119,34,722,722,0.4682,96.1,0.303,0.5672,0.5855,0.5547,0.5325
0.8,800,21,20000,0.5599,0.4713,1,2700,0.5874,37,702,702,0.4702,95.7,0.1344,0.5372,0.5753,0.5833,0.561
0.8,800,22,20000,0.5583,0.5709,1,1450,0.6685,36,711,711,0.4788,95.6,0.3387,0.5672,0.5228,0.5469,0.5582
0.8,800,23,20000,0.5612,0.6091,1,1250,0.6043,29,720,720,0.4685,96.5,0.3896,0.5592,0.5793,0.5736,0.5606
0.8,800,24,20000,0.569,0.5122,1,1250,0.4788,39,714,714,0.462,96.9,0.3478,0.5188,0.5673,0.5831,0.5697
0.8,1600,0,20000,0.7356,0.7261,1,1650,0.47,34,371,371,0.3006,80.1,0.3456,0.7266,0.7525,0.6999,0.7358
0.8,1600,1,20000,0.7094,0.7837,1,600,0.4645,33,412,412,0.3518,85.0,0.369,0.7043,0.717,0.6876,0.7084
0.8,1600,2,20000,0.764,0.8875,1,1150,0.509,31,362,362,0.3206,78.2,0.4086,0.7396,0.7247,0.7152,0.7624
0.8,1600,3,20000,0.7474,0.7169,1,2600,0.4654,38,325,325,0.291,76.9,0.149,0.5741,0.727,0.7053,0.7478
0.8,1600,4,20000,0.7446,0.7649,1,1450,0.5428,33,367,367,0.3217,79.8,0.4005,0.7269,0.7402,0.6974,0.7444
0.8,1600,5,20000,0.4393,0.6057,1,16200,0.5415,30,235,235,0.2464,71.5,0.0,0.0,0.0005,0.0502,0.4372
0.8,1600,6,20000,0.7377,0.8134,1,1600,0.4819,34,328,328,0.2784,75.9,0.2942,0.7176,0.7418,0.7323,0.7368
0.8,1600,7,20000,0.7113,0.7075,1,2850,0.4512,34,364,364,0.3023,79.4,0.2138,0.6884,0.7038,0.7357,0.7113
0.8,1600,8,20000,0.7363,0.8011,1,2500,0.483,33,369,369,0.2991,80.2,0.2357,0.7106,0.7264,0.7066,0.7355
0.8,1600,9,20000,0.75,0.6778,1,3500,0.5159,37,332,332,0.3022,75.6,0.1455,0.5327,0.7422,0.7446,0.7509
0.8,1600,10,20000,0.736,0.6795,1,3150,0.4885,37,376,376,0.305,81.4,0.182,0.7453,0.7016,0.7107,0.7367
0.8,1600,11,20000,0.718,0.7795,1,3600,0.4886,33,346,346,0.3053,78.9,0.0868,0.6343,0.7477,0.7389,0.7172
0.8,1600,12,20000,0.7187,0.6616,1,750,0.4659,35,363,363,0.3098,78.8,0.3641,0.7473,0.7366,0.712,0.7194
0.8,1600,13,20000,0.7081,0.6846,1,1400,0.5269,39,394,394,0.3302,84.3,0.4091,0.7144,0.7103,0.741,0.7084
0.8,1600,14,20000,0.7392,0.7196,1,1800,0.4493,37,363,363,0.2959,76.9,0.3439,0.7213,0.7133,0.7132,0.7395
0.8,1600,15,20000,0.0,0.0,0,-1,0.534,21,241,241,0.2682,69.3,0.0,0.0,0.0,0.0,0.0
0.8,1600,16,20000,0.7305,0.6985,1,4250,0.4001,37,335,335,0.2991,76.1,0.1007,0.3854,0.7032,0.7133,0.7309
0.8,1600,17,20000,0.7438,0.7424,1,1950,0.4984,34,355,355,0.3068,77.7,0.292,0.7302,0.7451,0.738,0.7438
0.8,1600,18,20000,0.7352,0.7676,1,2600,0.4998,35,362,362,0.3052,81.8,0.1704,0.682,0.7112,0.6936,0.7347
0.8,1600,19,20000,0.7248,0.7249,1,1900,0.4976,35,387,387,0.31,77.5,0.3551,0.666,0.7405,0.7318,0.7248
0.8,1600,20,20000,0.6933,0.7922,1,4000,0.4777,33,349,349,0.2779,75.9,0.1194,0.5788,0.7486,0.7178,0.692
0.8,1600,21,20000,0.7375,0.7131,1,4850,0.5591,36,362,362,0.3198,79.6,0.0488,0.501,0.7087,0.7254,0.7378
0.8,1600,22,20000,0.7327,0.782,1,2300,0.4699,35,368,368,0.3158,80.4,0.233,0.658,0.7397,0.7079,0.7321
0.8,1600,23,20000,0.7629,0.8226,1,1950,0.5463,33,372,372,0.2953,81.2,0.3233,0.7114,0.7442,0.6943,0.7622
0.8,1600,24,20000,0.7114,0.7368,1,2050,0.5398,37,419,419,0.3464,84.7,0.2627,0.6671,0.7077,0.7116,0.7111
0.8,3200,0,20000,0.8564,0.8357,1,1100,0.4101,36,149,149,0.1337,40.9,0.2191,0.6274,0.8496,0.8516,0.8567
0.8,3200,1,20000,0.8335,0.8298,1,500,0.4793,37,171,171,0.162,51.5,0.3068,0.6195,0.7993,0.8383,0.8335
0.8,3200,2,20000,0.8214,0.9291,1,850,0.4666,35,184,184,0.1562,49.5,0.2822,0.7004,0.8363,0.8391,0.82
0.8,3200,3,20000,0.8335,0.8327,1,3650,0.4873,36,155,155,0.1389,44.5,0.1112,0.3998,0.7532,0.8563,0.8335
0.8,3200,4,20000,0.8315,0.8727,1,2950,0.5938,37,169,169,0.1655,50.9,0.2074,0.5337,0.7804,0.8438,0.831
0.8,3200,5,20000,0.717,0.8727,1,13550,0.6898,30,113,113,0.1137,37.2,0.0,0.0333,0.1093,0.2571,0.715
0.8,3200,6,20000,0.8359,0.7383,1,2500,0.5838,39,149,149,0.1285,45.0,0.2422,0.5125,0.8374,0.8593,0.8371
0.8,3200,7,20000,0.8285,0.8793,1,5100,0.4932,35,168,168,0.1477,44.6,0.1957,0.3804,0.7959,0.8451,0.8279
0.8,3200,8,20000,0.8365,0.8695,1,4850,0.5381,34,138,138,0.1182,40.6,0.1179,0.3103,0.7679,0.8528,0.8361
0.8,3200,9,20000,0.8306,0.8662,1,6400,0.6489,36,147,147,0.155,47.6,0.1359,0.1917,0.6117,0.8316,0.8301
0.8,3200,10,20000,0.8549,0.806,1,5300,0.4452,38,149,149,0.1432,46.3,0.1178,0.2918,0.6696,0.8243,0.8555
0.8,3200,11,20000,0.8308,0.9061,1,7900,0.536,36,136,136,0.1375,42.6,0.0443,0.1192,0.358,0.7946,0.8298
0.8,3200,12,20000,0.8644,0.9324,1,600,0.5328,34,167,167,0.133,44.3,0.4797,0.8291,0.8577,0.8433,0.8635
0.8,3200,13,20000,0.8442,0.9061,1,1000,0.4614,35,188,188,0.1776,54.8,0.3246,0.6367,0.7991,0.8148,0.8434
0.8,3200,14,20000,0.8391,0.9264,1,2800,0.5037,34,186,186,0.1755,54.8,0.1892,0.6607,0.7939,0.8351,0.838
0.8,3200,15,20000,0.0,0.0,0,-1,0.8308,19,106,106,0.1286,38.7,0.0,0.0,0.0,0.0,0.0
0.8,3200,16,20000,0.8406,0.814,1,8450,0.6024,36,137,137,0.1585,48.9,0.1017,0.1359,0.359,0.7253,0.8409
0.8,3200,17,20000,0.8297,0.8091,1,5750,0.4919,36,166,166,0.1617,52.4,0.1187,0.2761,0.6902,0.8191,0.8299
0.8,3200,18,20000,0.8755,0.8278,1,6200,0.6393,37,123,123,0.1272,39.0,0.1259,0.2326,0.4859,0.8262,0.8761
0.8,3200,19,20000,0.8303,0.8699,1,2850,0.6069,37,158,158,0.1531,48.1,0.2301,0.5328,0.8373,0.846,0.8298
0.8,3200,20,20000,0.8433,0.8357,1,5700,0.6267,35,154,154,0.1376,46.1,0.1269,0.3261,0.7731,0.8595,0.8434
0.8,3200,21,20000,0.8307,0.8292,1,11350,0.5299,36,123,123,0.115,38.2,0.0445,0.0759,0.196,0.5163,0.8307
0.8,3200,22,20000,0.8416,0.8815,1,4250,0.586,35,162,162,0.1525,48.1,0.1396,0.435,0.8199,0.8611,0.8411
0.8,3200,23,20000,0.8484,0.7887,1,900,0.5064,38,158,158,0.1246,41.8,0.2567,0.7106,0.8378,0.8438,0.8491
0.8,3200,24,20000,0.887,0.8772,1,3300,0.5463,36,165,165,0.1344,42.4,0.1684,0.7013,0.8344,0.8242,0.8872
0.8,6400,0,20000,0.9214,0.8576,1,1600,0.4485,38,62,62,0.0583,19.4,0.2239,0.2698,0.6248,0.8559,0.9222
0.8,6400,1,20000,0.9145,0.8387,1,500,1.0,37,55,55,0.045,18.2,0.3106,0.3988,0.5854,0.8065,0.9154
0.8,6400,2,20000,0.9111,0.9152,1,600,0.6205,36,79,79,0.0781,27.8,0.2632,0.5523,0.8431,0.8843,0.9111
0.8,6400,3,20000,0.9258,0.8639,1,9550,1.0,30,54,54,0.04,18.5,0.0714,0.1259,0.2487,0.7573,0.9266
0.8,6400,4,20000,0.7936,0.9106,1,1000,0.4219,33,57,57,0.0565,19.3,0.2185,0.2645,0.4,0.688,0.7921
0.8,6400,5,20000,0.0501,0.0588,0,-1,0.1917,17,54,54,0.0356,9.3,0.0,0.0,0.0024,0.0497,0.05
0.8,6400,6,20000,0.9284,0.9208,1,4000,0.6439,32,47,47,0.0406,17.0,0.2108,0.327,0.4726,0.8038,0.9285
0.8,6400,7,20000,0.9045,0.9134,1,1000,0.9945,30,52,52,0.0395,13.5,0.2154,0.2012,0.2717,0.6946,0.9044
0.8,6400,8,20000,0.926,0.7556,1,7050,0.6873,32,61,61,0.0443,23.0,0.1215,0.2052,0.4142,0.7699,0.9282
0.8,6400,9,20000,0.5152,0.5779,1,12700,1.0,21,49,49,0.0485,14.3,0.1582,0.1466,0.1539,0.2552,0.5144
0.8,6400,10,20000,0.7802,0.8416,1,9900,0.8891,20,48,48,0.0377,16.7,0.1072,0.1346,0.2678,0.3917,0.7794
0.8,6400,11,20000,0.6413,0.5871,1,11750,0.5606,24,55,55,0.0371,5.5,0.0501,0.0537,0.1571,0.3629,0.642
0.8,6400,12,20000,0.8795,0.8896,1,600,0.6236,35,53,53,0.0462,15.1,0.3068,0.4872,0.7924,0.879,0.8794
0.8,6400,13,20000,0.8999,0.8935,1,900,0.5529,36,81,81,0.0646,25.9,0.2252,0.4561,0.754,0.889,0.9
0.8,6400,14,20000,0.9024,0.9794,1,6250,1.076,32,53,53,0.034,15.1,0.1649,0.248,0.4004,0.7864,0.9014
0.8,6400,15,20000,0.0,0.0,0,-1,0.6436,16,51,51,0.0358,13.7,0.0,0.0,0.0,0.0,0.0
0.8,6400,16,20000,0.2458,0.336,1,18350,0.8075,18,48,48,0.0415,16.7,0.1201,0.1051,0.1154,0.1865,0.2447
0.8,6400,17,20000,0.7857,0.8726,1,9100,0.4612,25,51,51,0.0368,21.6,0.0911,0.1905,0.2648,0.509,0.7846
0.8,6400,18,20000,0.9178,0.9935,1,6250,0.7294,24,44,44,0.0382,18.2,0.1142,0.2137,0.4202,0.705,0.9168
0.8,6400,19,20000,0.9058,0.9762,1,1000,0.3985,35,65,65,0.052,21.5,0.2218,0.5045,0.7912,0.9217,0.9049
0.8,6400,20,20000,0.8916,0.835,1,4400,0.1886,38,69,69,0.0701,29.0,0.1133,0.2914,0.4185,0.7541,0.8923
0.8,6400,21,20000,0.178,0.1988,0,-1,1.0,21,54,54,0.0425,11.1,0.0481,0.0499,0.0499,0.1077,0.1778
0.8,6400,22,20000,0.914,0.9133,1,8050,1.0,31,47,47,0.032,27.7,0.1556,0.1645,0.4296,0.7262,0.914
0.8,6400,23,20000,0.9184,0.8812,1,900,0.7319,37,96,96,0.0936,31.2,0.2396,0.5418,0.8496,0.8846,0.9189
0.8,6400,24,20000,0.9361,0.9014,1,5550,0.3941,36,63,63,0.057,11.1,0.1489,0.2631,0.5999,0.8427,0.9365
1.0,200,0,20000,0.145,0.347,1,2350,0.9433,8,2683,2683,0.7534,100.0,0.1077,0.1241,0.1605,0.1381,0.1424
1.0,200,1,20000,0.1488,0.0538,1,350,0.8649,19,2630,2630,0.7486,100.0,0.1425,0.1344,0.1325,0.1908,0.15
1.0,200,2,20000,0.109,0.1172,1,1500,0.781,45,2661,2661,0.7448,100.0,0.154,0.1138,0.1103,0.1101,0.1089
1.0,200,3,20000,0.1653,0.1646,1,4900,0.7076,23,2530,2530,0.7472,100.0,0.0802,0.1606,0.1536,0.1316,0.1653
1.0,200,4,20000,0.1183,0.1927,1,2000,0.428,20,2701,2701,0.7465,100.0,0.094,0.1161,0.1538,0.1376,0.1174
1.0,200,5,20000,0.0,0.0,0,-1,1.0,0,1980,1980,0.735,99.9,0.0,0.0,0.0,0.0,0.0
1.0,200,6,20000,0.1122,0.072,1,2050,0.5642,25,2709,2709,0.753,100.0,0.1253,0.1187,0.1201,0.1047,0.1127
1.0,200,7,20000,0.1212,0.1183,1,5750,0.7831,31,2640,2640,0.7409,100.0,0.1122,0.1363,0.122,0.1153,0.1213
1.0,200,8,20000,0.1478,0.0722,1,4400,0.7322,30,2638,2638,0.7471,100.0,0.0934,0.1249,0.1175,0.13,0.1488
1.0,200,9,20000,0.1284,0.2014,1,2650,0.9445,35,2645,2645,0.7442,100.0,0.111,0.1469,0.1285,0.1054,0.1275
1.0,200,10,20000,nan,0.0,0,-1,1.0,0,1071,1071,0.738,100.0,0.0002,0.0,0.0,,
1.0,200,11,20000,0.1584,0.1319,1,1300,0.948,26,2644,2644,0.7486,100.0,0.105,0.1521,0.1106,0.1219,0.1587
1.0,200,12,20000,0.1069,0.0694,1,8900,0.7465,25,2697,2697,0.749,100.0,0.0966,0.1093,0.1288,0.1418,0.1074
1.0,200,13,20000,0.1229,0.1149,1,1000,0.7409,21,2684,2684,0.7474,100.0,0.133,0.1415,0.1095,0.1242,0.123
1.0,200,14,20000,0.1544,0.2484,1,3700,0.5004,16,2603,2603,0.7426,100.0,0.0906,0.1343,0.1083,0.1396,0.1532
1.0,200,15,20000,0.126,0.0585,1,3550,0.696,26,2640,2640,0.7433,100.0,0.0505,0.1388,0.1229,0.1356,0.1269
1.0,200,16,20000,0.1449,0.1251,1,2100,0.6941,18,2648,2648,0.7433,100.0,0.1148,0.1682,0.1393,0.1385,0.1451
1.0,200,17,20000,0.1642,0.1599,1,850,0.6182,31,2631,2631,0.7418,100.0,0.1217,0.1179,0.1336,0.1438,0.1643
1.0,200,18,20000,0.1462,0.1178,1,4750,0.6086,33,2613,2613,0.7503,100.0,0.0967,0.1374,0.1379,0.151,0.1465
1.0,200,19,20000,0.1404,0.1563,1,1000,1.0132,36,2677,2677,0.7538,100.0,0.1292,0.125,0.1536,0.1263,0.1402
1.0,200,20,20000,nan,0.0,0,-1,1.0,0,1686,1686,0.7313,100.0,0.0003,0.0,0.0,0.0,
1.0,200,21,20000,nan,0.0007,0,-1,1.0733,0,92,92,0.7401,100.0,0.0029,,,,
1.0,200,22,20000,0.1453,0.0459,1,5600,0.8521,51,2695,2695,0.7526,100.0,0.094,0.1377,0.1171,0.1479,0.1465
1.0,200,23,20000,0.153,0.1211,1,1450,0.6372,31,2630,2630,0.7519,100.0,0.1328,0.138,0.0953,0.1325,0.1534
1.0,200,24,20000,0.1491,0.1734,1,2800,0.7788,32,2701,2701,0.755,100.0,0.093,0.1382,0.1079,0.1174,0.1487
1.0,400,0,20000,0.3637,0.4487,1,950,0.7969,26,1413,1413,0.6648,99.1,0.2536,0.3357,0.3919,0.3658,0.3626
1.0,400,1,20000,0.3737,0.3516,1,550,0.749,28,1408,1408,0.658,99.2,0.2936,0.3486,0.347,0.3924,0.374
1.0,400,2,20000,0.3102,0.2615,1,650,0.5467,28,1408,1408,0.661,99.3,0.3057,0.3468,0.3792,0.3813,0.3108
1.0,400,3,20000,0.3603,0.3693,1,2700,0.6093,27,1391,1391,0.66,99.3,0.1374,0.3754,0.3737,0.3492,0.3602
1.0,400,4,20000,0.3717,0.3582,1,1250,0.6846,32,1465,1465,0.6657,99.6,0.2496,0.3442,0.308,0.3384,0.3719
1.0,400,5,20000,0.0,0.0,0,-1,1.0,13,946,946,0.6359,98.3,0.0,0.0,0.0,0.0,0.0
1.0,400,6,20000,0.3479,0.3299,1,950,0.7782,29,1456,1456,0.6623,99.5,0.2793,0.3263,0.3462,0.3397,0.3481
1.0,400,7,20000,0.3755,0.4566,1,650,0.5996,26,1384,1384,0.6658,99.6,0.2939,0.342,0.3846,0.3665,0.3744
1.0,400,8,20000,0.3466,0.3659,1,1300,0.7002,26,1440,1440,0.6643,99.2,0.2721,0.3393,0.3573,0.3577,0.3463
1.0,400,9,20000,0.3575,0.3406,1,700,0.7449,36,1470,1470,0.6728,99.5,0.2804,0.2864,0.3546,0.3653,0.3577
1.0,400,10,20000,0.3406,0.3333,1,2150,0.7882,25,1459,1459,0.6703,99.6,0.2094,0.3485,0.3712,0.315,0.3407
1.0,400,11,20000,0.4051,0.3196,1,2200,0.709,35,1347,1347,0.6607,98.8,0.1841,0.3686,0.3774,0.3777,0.4061
1.0,400,12,20000,0.3775,0.3161,1,900,0.7296,33,1400,1400,0.6548,98.9,0.3059,0.3399,0.3784,0.3424,0.3783
1.0,400,13,20000,0.3631,0.3596,1,700,0.8118,29,1479,1479,0.6699,99.5,0.268,0.3311,0.3494,0.3383,0.3631
1.0,400,14,20000,0.3362,0.2866,1,1150,0.6723,31,1450,1450,0.6664,99.4,0.2806,0.3343,0.3632,0.3685,0.3368
1.0,400,15,20000,0.0,0.0,0,-1,1.0,4,1012,1012,0.6443,98.3,0.0,0.0,0.0,0.0,0.0
1.0,400,16,20000,0.3886,0.306,1,1450,0.7058,35,1386,1386,0.6553,99.6,0.2419,0.3257,0.387,0.374,0.3896
1.0,400,17,20000,0.3699,0.4715,1,1200,0.6647,23,1437,1437,0.6683,99.2,0.2271,0.3359,0.3501,0.3255,0.3687
1.0,400,18,20000,0.349,0.4097,1,1150,0.6623,22,1391,1391,0.6585,99.1,0.2485,0.3639,0.3963,0.3699,0.3483
1.0,400,19,20000,0.3561,0.3968,1,1150,0.6565,29,1391,1391,0.6639,99.4,0.2835,0.3529,0.3669,0.3594,0.3556
1.0,400,20,20000,0.3613,0.3714,1,1650,0.4934,30,1408,1408,0.6607,99.4,0.2427,0.3616,0.3363,0.404,0.3612
1.0,400,21,20000,0.3391,0.3545,1,2150,0.6505,20,1437,1437,0.6718,99.5,0.1839,0.3315,0.3273,0.3719,0.339
1.0,400,22,20000,0.3907,0.4067,1,850,0.5929,22,1461,1461,0.6679,99.6,0.2398,0.3904,0.3409,0.2985,0.3905
1.0,400,23,20000,0.344,0.546,1,900,0.6909,28,1439,1439,0.6743,99.2,0.2655,0.3438,0.3461,0.3488,0.3415
1.0,400,24,20000,0.3575,0.3755,1,2250,0.6663,29,1387,1387,0.6646,99.6,0.2047,0.3549,0.3573,0.3775,0.3572
1.0,800,0,20000,0.5869,0.5289,1,700,0.5848,30,809,809,0.5373,95.6,0.4494,0.609,0.5302,0.5429,0.5876
1.0,800,1,20000,0.6077,0.4732,1,700,0.6706,33,760,760,0.528,94.3,0.4528,0.579,0.6167,0.5753,0.6094
1.0,800,2,20000,0.5891,0.6019,1,1300,0.8209,31,750,750,0.5318,92.9,0.4,0.6001,0.6127,0.5758,0.5889
1.0,800,3,20000,0.6137,0.551,1,4600,0.5809,32,694,694,0.5504,93.8,0.0517,0.3524,0.6196,0.5615,0.6145
1.0,800,4,20000,0.5785,0.6915,1,1000,0.6802,33,820,820,0.5587,95.7,0.3949,0.5476,0.5655,0.547,0.5771
1.0,800,5,20000,0.5467,0.577,1,5750,0.7061,31,705,705,0.5432,93.8,0.0,0.2923,0.5972,0.609,0.5463
1.0,800,6,20000,0.5541,0.525,1,1100,0.6408,35,841,841,0.5564,96.6,0.4237,0.5534,0.5633,0.5599,0.5545
1.0,800,7,20000,0.576,0.5554,1,1050,0.5774,29,773,773,0.5132,95.5,0.3825,0.5955,0.5825,0.5881,0.5763
1.0,800,8,20000,0.5959,0.4733,1,1400,0.7281,36,789,789,0.5387,95.1,0.3464,0.538,0.5453,0.6149,0.5974
1.0,800,9,20000,0.5914,0.5732,1,1450,0.5923,32,776,776,0.5219,95.7,0.3989,0.5778,0.5738,0.5536,0.5916
1.0,800,10,20000,0.5727,0.4383,1,1450,0.696,33,780,780,0.5326,94.5,0.353,0.5676,0.5832,0.6189,0.5743
1.0,800,11,20000,0.5677,0.676,1,3050,0.5528,32,767,767,0.5307,95.8,0.1147,0.573,0.5613,0.5825,0.5663
1.0,800,12,20000,0.5417,0.4565,1,700,0.6144,33,787,787,0.5432,94.8,0.4574,0.5788,0.59,0.5792,0.5428
1.0,800,13,20000,0.5555,0.4609,1,1050,0.6362,36,801,801,0.5365,95.1,0.4115,0.5916,0.587,0.5713,0.5567
1.0,800,14,20000,0.5808,0.5803,1,1700,0.7528,32,740,740,0.5133,94.1,0.3582,0.5802,0.5907,0.6095,0.5808
1.0,800,15,20000,0.0,0.0,0,-1,0.6083,23,502,502,0.5218,90.4,0.0,0.0,0.0,0.0,0.0
1.0,800,16,20000,0.5586,0.5249,1,1750,0.5782,30,810,810,0.5519,94.9,0.3332,0.5669,0.5819,0.5692,0.5591
1.0,800,17,20000,0.5395,0.5596,1,1350,0.6469,28,787,787,0.5396,95.2,0.351,0.5705,0.5651,0.5925,0.5392
1.0,800,18,20000,0.6017,0.6343,1,1550,0.6084,32,728,728,0.5312,93.1,0.3545,0.5954,0.6169,0.6191,0.6013
1.0,800,19,20000,0.5396,0.5926,1,1100,0.5017,30,801,801,0.5493,95.9,0.3415,0.6015,0.5512,0.5575,0.5389
1.0,800,20,20000,0.5631,0.6277,1,1500,0.7613,27,797,797,0.5549,94.5,0.3854,0.6244,0.5405,0.6009,0.5623
1.0,800,21,20000,0.6036,0.5184,1,1750,0.6327,35,734,734,0.5438,94.1,0.1393,0.5519,0.5617,0.5484,0.6047
1.0,800,22,20000,0.5554,0.5575,1,1450,0.6446,29,754,754,0.5328,95.1,0.3738,0.5745,0.5948,0.5851,0.5553
1.0,800,23,20000,0.57,0.4917,1,1550,0.6626,36,768,768,0.5421,94.3,0.3509,0.6044,0.6237,0.543,0.571
1.0,800,24,20000,0.5893,0.5512,1,1950,0.5257,33,765,765,0.5391,93.7,0.2999,0.6138,0.5722,0.6179,0.5897
1.0,1600,0,20000,0.7453,0.7944,1,1100,0.5964,34,393,393,0.369,79.4,0.4907,0.7539,0.7445,0.759,0.7447
1.0,1600,1,20000,0.7115,0.7317,1,1000,0.5185,36,415,415,0.3611,81.0,0.4744,0.8027,0.7183,0.7099,0.7112
1.0,1600,2,20000,0.7504,0.794,1,700,0.4859,34,381,381,0.3517,76.6,0.4847,0.7304,0.7438,0.7525,0.7498
1.0,1600,3,20000,0.7045,0.8059,1,7250,0.6248,31,369,369,0.3624,79.7,0.0431,0.1027,0.6879,0.7297,0.7032
1.0,1600,4,20000,0.7121,0.6253,1,1450,0.7258,33,426,426,0.397,82.2,0.47,0.7133,0.7444,0.7539,0.7132
1.0,1600,5,20000,0.7501,0.7983,1,10050,0.58,35,318,318,0.3668,76.7,0.0385,0.0744,0.3271,0.7483,0.7495
1.0,1600,6,20000,0.7224,0.6698,1,950,0.645,36,417,417,0.3578,81.5,0.4443,0.7027,0.7331,0.7242,0.7231
1.0,1600,7,20000,0.7554,0.7854,1,1350,0.5362,34,370,370,0.3426,78.6,0.4039,0.7621,0.7569,0.7156,0.755
1.0,1600,8,20000,0.7131,0.7121,1,2150,0.5724,36,406,406,0.3666,81.3,0.2269,0.6595,0.7155,0.7338,0.7131
1.0,1600,9,20000,0.7602,0.8028,1,1450,0.6459,37,378,378,0.364,80.2,0.4157,0.7412,0.7444,0.7504,0.7597
1.0,1600,10,20000,0.7599,0.8167,1,2050,0.8016,35,394,394,0.3819,80.7,0.2797,0.7246,0.7476,0.7462,0.7592
1.0,1600,11,20000,0.7776,0.7474,1,3850,0.5801,34,352,352,0.3609,77.6,0.0644,0.6442,0.7381,0.7681,0.778
1.0,1600,12,20000,0.7206,0.6796,1,550,0.5412,35,450,450,0.3907,82.9,0.4881,0.7203,0.7454,0.7163,0.7211
1.0,1600,13,20000,0.7279,0.738,1,1000,0.4369,34,426,426,0.3651,83.6,0.455,0.721,0.7454,0.7454,0.7278
1.0,1600,14,20000,0.7656,0.6783,1,1850,0.5277,34,378,378,0.3611,80.7,0.3148,0.7473,0.7359,0.7518,0.7667
1.0,1600,15,20000,0.0,0.0,0,-1,0.5885,24,244,244,0.308,71.7,0.0,0.0,0.0,0.0,0.0
1.0,1600,16,20000,0.7022,0.7507,1,2800,0.6519,34,400,400,0.3508,79.2,0.1721,0.6751,0.7751,0.7156,0.7016
1.0,1600,17,20000,0.7367,0.8618,1,2600,0.6252,31,400,400,0.3911,80.8,0.2108,0.7016,0.7656,0.7242,0.7351
1.0,1600,18,20000,0.723,0.6622,1,1850,0.5905,36,410,410,0.3644,81.2,0.2535,0.7267,0.7288,0.7127,0.7238
1.0,1600,19,20000,0.7489,0.8527,1,1450,0.5399,33,366,366,0.3697,78.4,0.2454,0.6613,0.753,0.749,0.7476
1.0,1600,20,20000,0.7595,0.8941,1,1650,0.5402,33,398,398,0.3795,80.4,0.3116,0.7085,0.7405,0.7316,0.7578
1.0,1600,21,20000,0.7375,0.8174,1,1900,0.6503,31,406,406,0.3759,80.5,0.2166,0.7242,0.7281,0.7601,0.7365
1.0,1600,22,20000,0.7815,0.6871,1,1900,0.6232,37,396,396,0.3864,80.1,0.3913,0.733,0.7397,0.7287,0.7827
1.0,1600,23,20000,0.7376,0.6894,1,2050,0.6201,33,393,393,0.377,78.6,0.2998,0.7424,0.723,0.728,0.7382
1.0,1600,24,20000,0.7267,0.5809,1,2150,0.6053,39,416,416,0.359,80.3,0.2738,0.7023,0.7153,0.7382,0.7285
1.0,3200,0,20000,0.822,0.7561,1,1650,0.6796,38,206,206,0.2118,56.8,0.3475,0.7924,0.8643,0.8469,0.8228
1.0,3200,1,20000,0.8361,0.9209,1,900,0.4591,36,213,213,0.244,62.9,0.367,0.6635,0.8207,0.8478,0.8351
1.0,3200,2,20000,0.8217,0.8884,1,650,0.6736,32,174,174,0.1944,58.0,0.37,0.83,0.8205,0.8578,0.8208
1.0,3200,3,20000,0.8026,0.8503,1,14700,1.1936,35,141,141,0.1853,56.0,0.045,0.049,0.0497,0.2265,0.802
1.0,3200,4,20000,0.8399,0.8073,1,2300,0.634,37,175,175,0.2177,56.0,0.2586,0.6505,0.8064,0.8264,0.8403
1.0,3200,5,20000,0.6738,0.8224,1,9250,0.6881,29,141,141,0.2422,61.0,0.0366,0.0922,0.1968,0.3852,0.6719
1.0,3200,6,20000,0.8061,0.7943,1,1000,0.6258,35,216,216,0.2379,63.0,0.2901,0.8246,0.8653,0.8471,0.8063
1.0,3200,7,20000,0.8141,0.8232,1,2050,0.7031,35,205,205,0.2153,62.9,0.2669,0.808,0.8377,0.8598,0.814
1.0,3200,8,20000,0.823,0.8176,1,3750,0.5313,37,168,168,0.1746,54.2,0.1534,0.4035,0.6374,0.8217,0.823
1.0,3200,9,20000,0.8224,0.8667,1,2050,0.5565,35,192,192,0.2094,61.5,0.2304,0.66,0.8555,0.8411,0.8219
1.0,3200,10,20000,0.8169,0.844,1,4550,0.5603,33,169,169,0.188,54.4,0.1171,0.442,0.7628,0.8597,0.8165
1.0,3200,11,20000,0.8538,0.9045,1,8700,0.6116,34,119,119,0.1545,49.6,0.0442,0.0824,0.4874,0.8076,0.8531
1.0,3200,12,20000,0.8104,0.8414,1,650,0.6241,35,214,214,0.2426,60.7,0.4533,0.8299,0.8292,0.8495,0.8101
1.0,3200,13,20000,0.8722,0.8932,1,1700,0.5316,35,183,183,0.2135,59.6,0.2667,0.7249,0.8454,0.8314,0.8719
1.0,3200,14,20000,0.8578,0.8096,1,2850,0.704,37,165,165,0.1988,58.2,0.1846,0.4356,0.8514,0.8578,0.8584
1.0,3200,15,20000,0.0,0.0,0,-1,0.6211,20,102,102,0.1394,47.1,0.0,0.0,0.0,0.0,0.0
1.0,3200,16,20000,0.8532,0.8779,1,3500,0.5957,37,193,193,0.2122,56.5,0.131,0.672,0.8418,0.843,0.8529
1.0,3200,17,20000,0.884,0.9566,1,4150,0.5852,33,160,160,0.2228,60.0,0.1121,0.3714,0.7461,0.8251,0.8831
1.0,3200,18,20000,0.8261,0.6071,1,3700,0.6658,44,182,182,0.2274,63.2,0.1377,0.445,0.855,0.8577,0.8289
1.0,3200,19,20000,0.8577,0.9006,1,2250,0.5647,34,169,169,0.1874,56.8,0.2063,0.5217,0.8436,0.8342,0.8572
1.0,3200,20,20000,0.8208,0.9309,1,1850,0.5101,36,239,239,0.2468,65.3,0.3382,0.8101,0.8383,0.8315,0.8194
1.0,3200,21,20000,0.8457,0.8519,1,4250,0.6228,35,177,177,0.1966,58.2,0.0685,0.431,0.8758,0.8773,0.8457
1.0,3200,22,20000,0.8393,0.9496,1,1750,0.5923,33,183,183,0.1917,57.4,0.2446,0.8207,0.8296,0.848,0.8379
1.0,3200,23,20000,0.8449,0.9414,1,1200,0.5185,34,164,164,0.1796,53.0,0.2128,0.538,0.846,0.8429,0.8437
1.0,3200,24,20000,0.8464,0.9383,1,3550,0.6815,34,185,185,0.2223,60.5,0.1399,0.4577,0.7785,0.8486,0.8452
1.0,6400,0,20000,0.9055,0.8617,1,1150,0.7657,35,90,90,0.1059,46.7,0.2246,0.4719,0.8414,0.9132,0.9061
1.0,6400,1,20000,0.9263,0.9572,1,700,0.7064,34,87,87,0.0902,35.6,0.3502,0.7213,0.8835,0.8918,0.9259
1.0,6400,2,20000,0.9201,0.9306,1,600,0.3558,34,76,76,0.1027,35.5,0.3248,0.6293,0.9072,0.9023,0.92
1.0,6400,3,20000,0.0496,0.0526,0,-1,1.1126,19,54,54,0.1047,40.7,0.0448,0.05,0.0574,0.0538,0.0496
1.0,6400,4,20000,0.8028,0.8254,1,2550,0.88,35,69,69,0.1019,39.1,0.1997,0.3939,0.5644,0.7178,0.8025
1.0,6400,5,20000,0.1224,0.1468,0,-1,1.0,21,57,57,0.0622,19.3,0.0,0.0,0.0378,0.0811,0.1221
1.0,6400,6,20000,0.9363,0.9702,1,1200,0.5337,33,63,63,0.0886,33.3,0.2684,0.6298,0.8577,0.9274,0.9359
1.0,6400,7,20000,0.9491,0.8947,1,3300,0.7953,35,74,74,0.1194,43.2,0.1988,0.4128,0.7245,0.8867,0.9498
1.0,6400,8,20000,0.9202,0.9593,1,5400,0.4518,36,57,57,0.0771,31.6,0.1728,0.2507,0.4939,0.8345,0.9197
1.0,6400,9,20000,0.9108,0.9208,1,2950,0.7331,37,68,68,0.1025,42.6,0.2069,0.4255,0.703,0.8788,0.9106
1.0,6400,10,20000,0.9147,0.961,1,7550,0.7035,35,77,77,0.0946,44.2,0.0927,0.2091,0.6272,0.864,0.9142
1.0,6400,11,20000,0.3542,0.4195,1,13200,1.0,21,48,48,0.034,25.0,0.0459,0.0498,0.0657,0.2575,0.3534
1.0,6400,12,20000,0.8849,0.8324,1,600,0.4216,37,102,102,0.0884,30.4,0.3214,0.6901,0.8815,0.8987,0.8856
1.0,6400,13,20000,0.9377,0.9839,1,1000,0.6056,34,80,80,0.0936,38.8,0.3145,0.8428,0.9085,0.9557,0.9371
1.0,6400,14,20000,0.9238,0.9242,1,5900,0.3642,36,67,67,0.0924,31.3,0.1635,0.3126,0.7731,0.9126,0.9237
1.0,6400,15,20000,0.0,0.0,0,-1,1.0,22,51,51,0.0527,19.6,0.0,0.0,0.0,0.0,0.0
1.0,6400,16,20000,0.8897,0.9783,1,7550,0.6082,35,72,72,0.0899,34.7,0.1148,0.1911,0.4746,0.7997,0.8886
1.0,6400,17,20000,0.914,0.9431,1,6300,0.6348,35,96,96,0.117,42.7,0.0938,0.2632,0.7773,0.9014,0.9137
1.0,6400,18,20000,0.7924,0.7836,1,6200,0.6876,24,50,50,0.0776,38.0,0.1192,0.2032,0.2961,0.5089,0.7925
1.0,6400,19,20000,0.8893,0.8497,1,4600,0.6393,35,81,81,0.1014,37.0,0.1909,0.2928,0.4073,0.7196,0.8898
1.0,6400,20,20000,0.9016,0.9394,1,3900,0.8305,36,73,73,0.0887,30.1,0.1284,0.3516,0.8078,0.8987,0.9011
1.0,6400,21,20000,0.6534,0.9492,1,8200,0.7907,24,72,72,0.0944,34.7,0.0453,0.157,0.2545,0.3158,0.6497
1.0,6400,22,20000,0.9307,0.9866,1,4500,0.5667,34,64,64,0.1026,34.4,0.1776,0.3582,0.685,0.894,0.93
1.0,6400,23,20000,0.8748,0.9213,1,5300,0.7707,35,63,63,0.0839,36.5,0.2105,0.2607,0.4573,0.7877,0.8742
1.0,6400,24,20000,0.8374,0.8658,1,7150,0.4395,35,72,72,0.0859,30.6,0.1231,0.1776,0.3847,0.5434,0.8371
